time,shortwave_radiation_instant (W/m²)
2024-03-15 00:00:00,0.0
2024-03-15 00:05:00,2.7261832538311182e-17
2024-03-15 00:10:00,2.1809466030648955e-17
2024-03-15 00:15:00,0.0
2024-03-15 00:20:00,-2.180946603064894e-17
2024-03-15 00:25:00,-2.726183253831118e-17
2024-03-15 00:30:00,0.0
2024-03-15 00:35:00,5.997603158428458e-17
2024-03-15 00:40:00,8.723786412259575e-17
2024-03-15 00:45:00,0.0
2024-03-15 00:50:00,-2.1809466030648943e-16
2024-03-15 00:55:00,-3.2168962395207178e-16
2024-03-15 01:00:00,0.0
2024-03-15 01:05:00,8.124026096416731e-16
2024-03-15 01:10:00,1.1995206316856915e-15
2024-03-15 01:15:00,0.0
2024-03-15 01:20:00,-3.0315157782602027e-15
2024-03-15 01:25:00,-4.4763929027906945e-15
2024-03-15 01:30:00,0.0
2024-03-15 01:35:00,1.131366050339914e-14
2024-03-15 01:40:00,1.6706050979477086e-14
2024-03-15 01:45:00,0.0
2024-03-15 01:50:00,-4.2223126235336356e-14
2024-03-15 01:55:00,-6.234781101511767e-14
2024-03-15 02:00:00,0.0
2024-03-15 02:05:00,1.575788444379463e-13
2024-03-15 02:10:00,2.3268519308099354e-13
2024-03-15 02:15:00,0.0
2024-03-15 02:20:00,-5.880922515164487e-13
2024-03-15 02:25:00,-8.683929613088565e-13
2024-03-15 02:30:00,0.0
2024-03-15 02:35:00,2.1947901616278486e-12
2024-03-15 02:40:00,3.240886652154432e-12
2024-03-15 02:45:00,0.0
2024-03-15 02:50:00,-8.191068394994946e-12
2024-03-15 02:55:00,-1.2095153647308876e-11
2024-03-15 03:00:00,0.0
2024-03-15 03:05:00,3.056948341835193e-11
2024-03-15 03:10:00,4.513972793708106e-11
2024-03-15 03:15:00,0.0
2024-03-15 03:20:00,-1.1408686527841277e-10
2024-03-15 03:25:00,-1.6846375810101536e-10
2024-03-15 03:30:00,0.0
2024-03-15 03:35:00,4.257779776952992e-10
2024-03-15 03:40:00,6.287153044669803e-10
2024-03-15 03:45:00,0.0
2024-03-15 03:50:00,-1.5890250455027842e-09
2024-03-15 03:55:00,-2.3463974597669066e-09
2024-03-15 04:00:00,0.0
2024-03-15 04:05:00,5.930322204315838e-09
2024-03-15 04:10:00,8.756874534600644e-09
2024-03-15 04:15:00,0.0
2024-03-15 04:20:00,-2.2132263771760567e-08
2024-03-15 04:25:00,-3.268110067863568e-08
2024-03-15 04:30:00,0.0
2024-03-15 04:35:00,8.259873288272643e-08
2024-03-15 04:40:00,1.219675281799421e-07
2024-03-15 04:45:00,0.0
2024-03-15 04:50:00,-3.082626677591451e-07
2024-03-15 04:55:00,-4.551890120411324e-07
2024-03-15 05:00:00,0.0
2024-03-15 05:05:00,1.1504519381538542e-06
2024-03-15 05:10:00,1.6987885199845882e-06
2024-03-15 05:15:00,0.0
2024-03-15 05:20:00,-4.293545084856271e-06
2024-03-15 05:25:00,-6.33996506789722e-06
2024-03-15 05:30:00,0.0
2024-03-15 05:35:00,1.602372840127123e-05
2024-03-15 05:40:00,2.3661071751604288e-05
2024-03-15 05:45:00,0.0
2024-03-15 05:50:00,-5.9801368520228675e-05
2024-03-15 05:55:00,-8.830432193851998e-05
2024-03-15 06:00:00,0.0
2024-03-15 06:05:00,0.00022318174567964342
2024-03-15 06:10:00,0.00032955621600247556
2024-03-15 06:15:00,0.0
2024-03-15 06:20:00,-0.0008329256141983454
2024-03-15 06:25:00,-0.0012299205420713826
2024-03-15 06:30:00,0.0
2024-03-15 06:35:00,0.0031085207111137374
2024-03-15 06:40:00,0.004590125952283056
2024-03-15 06:45:00,0.0
2024-03-15 06:50:00,-0.011601157230256605
2024-03-15 06:55:00,-0.017130583267060833
2024-03-15 07:00:00,0.0
2024-03-15 07:05:00,0.043296108209912684
2024-03-15 07:10:00,0.06393220711596029
2024-03-15 07:15:00,0.0
2024-03-15 07:20:00,-0.1615832756093941
2024-03-15 07:25:00,-0.23859824519678025
2024-03-15 07:30:00,0.0
2024-03-15 07:35:00,0.6030369942276639
2024-03-15 07:40:00,0.8904607736711609
2024-03-15 07:45:00,0.0
2024-03-15 07:50:00,-2.2505647013012613
2024-03-15 07:55:00,-3.323244849487864
2024-03-15 08:00:00,0.0
2024-03-15 08:05:00,9.654777366532938
2024-03-15 08:10:00,22.44696306872474
2024-03-15 08:15:00,33.9
2024-03-15 08:20:00,40.679603383317655
2024-03-15 08:25:00,44.020577759774085
2024-03-15 08:30:00,46.3
2024-03-15 08:35:00,49.50829058167791
2024-03-15 08:40:00,54.08924441069744
2024-03-15 08:45:00,60.1
2024-03-15 08:50:00,67.26871577145218
2024-03-15 08:55:00,74.00762978262132
2024-03-15 09:00:00,78.4
2024-03-15 09:05:00,79.29832781399489
2024-03-15 09:10:00,78.63208831066913
2024-03-15 09:15:00,79.1
2024-03-15 09:20:00,83.24908408367938
2024-03-15 09:25:00,93.01957253025769
2024-03-15 09:30:00,110.2
2024-03-15 09:35:00,135.65348399943576
2024-03-15 09:40:00,166.54147342015193
2024-03-15 09:45:00,199.1
2024-03-15 09:50:00,229.09253547413317
2024-03-15 09:55:00,250.39231156691224
2024-03-15 10:00:00,256.4
2024-03-15 10:05:00,243.80970743736492
2024-03-15 10:10:00,222.489280312199
2024-03-15 10:15:00,205.6
2024-03-15 10:20:00,202.93530144307368
2024-03-15 10:25:00,210.81723385095827
2024-03-15 10:30:00,222.2
2024-03-15 10:35:00,230.4120497533032
2024-03-15 10:40:00,230.27882132100484
2024-03-15 10:45:00,217.0
2024-03-15 10:50:00,191.72761065482453
2024-03-15 10:55:00,179.42303642057783
2024-03-15 11:00:00,211.0
2024-03-15 11:05:00,301.17750762739854
2024-03-15 11:10:00,399.89569966335046
2024-03-15 11:15:00,440.9
2024-03-15 11:20:00,382.96976624298844
2024-03-15 11:25:00,285.020090851946
2024-03-15 11:30:00,231.0
2024-03-15 11:35:00,277.3397236969439
2024-03-15 11:40:00,370.3943072992358
2024-03-15 11:45:00,429.0
2024-03-15 11:50:00,398.93800563590264
2024-03-15 11:55:00,333.7693466177774
2024-03-15 12:00:00,314.0
2024-03-15 12:05:00,393.35269820389004
2024-03-15 12:10:00,518.4171951185435
2024-03-15 12:15:00,609.0
2024-03-15 12:20:00,608.7437941411297
2024-03-15 12:25:00,556.6359469821228
2024-03-15 12:30:00,515.5
2024-03-15 12:35:00,531.086940046406
2024-03-15 12:40:00,580.8575354714836
2024-03-15 12:45:00,625.2
2024-03-15 12:50:00,635.7714086362095
2024-03-15 12:55:00,629.3042815023134
2024-03-15 13:00:00,633.8
2024-03-15 13:05:00,667.6200180013487
2024-03-15 13:10:00,710.5660792600037
2024-03-15 13:15:00,732.8
2024-03-15 13:20:00,714.2670378769141
2024-03-15 13:25:00,674.0462162724867
2024-03-15 13:30:00,641.0
2024-03-15 13:35:00,636.8081267872913
2024-03-15 13:40:00,654.4194260204198
2024-03-15 13:45:00,679.6
2024-03-15 13:50:00,700.6967512702172
2024-03-15 13:55:00,716.379783349538
2024-03-15 14:00:00,727.9
2024-03-15 14:05:00,736.3678310948033
2024-03-15 14:10:00,742.3318109517986
2024-03-15 14:15:00,746.2
2024-03-15 14:20:00,748.2022947209405
2024-03-15 14:25:00,747.8559358062307
2024-03-15 14:30:00,744.5
2024-03-15 14:35:00,737.9600270584716
2024-03-15 14:40:00,730.0074087862419
2024-03-15 14:45:00,722.9
2024-03-15 14:50:00,718.2316711192468
2024-03-15 14:55:00,714.9403549747279
2024-03-15 15:00:00,711.3
2024-03-15 15:05:00,705.9058810571335
2024-03-15 15:10:00,698.6385787222538
2024-03-15 15:15:00,689.7
2024-03-15 15:20:00,679.4225824299973
2024-03-15 15:25:00,668.6608856918127
2024-03-15 15:30:00,658.4
2024-03-15 15:35:00,649.3074929265816
2024-03-15 15:40:00,640.7808414734582
2024-03-15 15:45:00,631.9
2024-03-15 15:50:00,621.9548532710838
2024-03-15 15:55:00,611.0750076736138
2024-03-15 16:00:00,599.6
2024-03-15 16:05:00,587.8138347298236
2024-03-15 16:10:00,575.7783870913463
2024-03-15 16:15:00,563.5
2024-03-15 16:20:00,550.9898078096218
2024-03-15 16:25:00,538.2781106276681
2024-03-15 16:30:00,525.4
2024-03-15 16:35:00,512.3639710687261
2024-03-15 16:40:00,499.07213336094435
2024-03-15 16:45:00,485.4
2024-03-15 16:50:00,471.25060421176994
2024-03-15 16:55:00,456.63705963225806
2024-03-15 17:00:00,441.6
2024-03-15 17:05:00,426.2039824545646
2024-03-15 17:10:00,410.6092577396531
2024-03-15 17:15:00,395.0
2024-03-15 17:20:00,379.5112437477496
2024-03-15 17:25:00,364.0814649646852
2024-03-15 17:30:00,348.6
2024-03-15 17:35:00,332.9732647766594
2024-03-15 17:40:00,317.17599351271724
2024-03-15 17:45:00,301.2
2024-03-15 17:50:00,285.04014159005743
2024-03-15 17:55:00,268.70344987333453
2024-03-15 18:00:00,252.2
2024-03-15 18:05:00,235.56987256681455
2024-03-15 18:10:00,218.97316995690747
2024-03-15 18:15:00,202.6
2024-03-15 18:20:00,186.58036814268428
2024-03-15 18:25:00,170.8038702990356
2024-03-15 18:30:00,155.1
2024-03-15 18:35:00,139.34939560318898
2024-03-15 18:40:00,123.63727477287601
2024-03-15 18:45:00,108.1
2024-03-15 18:50:00,92.87390129641163
2024-03-15 18:55:00,78.09517875760852
2024-03-15 19:00:00,63.9
2024-03-15 19:05:00,50.40685106301634
2024-03-15 19:10:00,37.66349167817141
2024-03-15 19:15:00,25.7
2024-03-15 19:20:00,14.739435192263743
2024-03-15 19:25:00,5.7767804556317515
2024-03-15 19:30:00,0.0
2024-03-15 19:35:00,-1.9090362765157605
2024-03-15 19:40:00,-1.292835722920648
2024-03-15 19:45:00,0.0
2024-03-15 19:50:00,0.5115247286141155
2024-03-15 19:55:00,0.34641428790269446
2024-03-15 20:00:00,0.0
2024-03-15 20:05:00,-0.13706263794070145
2024-03-15 20:10:00,-0.09282142869012946
2024-03-15 20:15:00,0.0
2024-03-15 20:20:00,0.036725823148690315
2024-03-15 20:25:00,0.024871426857823245
2024-03-15 20:30:00,0.0
2024-03-15 20:35:00,-0.0098406546540598
2024-03-15 20:40:00,-0.00666427874116347
2024-03-15 20:45:00,0.0
2024-03-15 20:50:00,0.0026367954675488928
2024-03-15 20:55:00,0.0017856881068306516
2024-03-15 21:00:00,0.0
2024-03-15 21:05:00,-0.0007065272161357703
2024-03-15 21:10:00,-0.0004784736861591331
2024-03-15 21:15:00,0.0
2024-03-15 21:20:00,0.00018931339699418894
2024-03-15 21:25:00,0.00012820663780588223
2024-03-15 21:30:00,0.0
2024-03-15 21:35:00,-5.0726371840985454e-05
2024-03-15 21:40:00,-3.435286506439556e-05
2024-03-15 21:45:00,0.0
2024-03-15 21:50:00,1.3592090369752895e-05
2024-03-15 21:55:00,9.204822451700117e-06
2024-03-15 22:00:00,0.0
2024-03-15 22:05:00,-3.641989638026129e-06
2024-03-15 22:10:00,-2.466424742404918e-06
2024-03-15 22:15:00,0.0
2024-03-15 22:20:00,9.758681823516189e-07
2024-03-15 22:25:00,6.608765179195383e-07
2024-03-15 22:30:00,0.0
2024-03-15 22:35:00,-2.6148309138034805e-07
2024-03-15 22:40:00,-1.770813292732388e-07
2024-03-15 22:45:00,0.0
2024-03-15 22:50:00,7.006418316977338e-08
2024-03-15 22:55:00,4.744879917341719e-08
2024-03-15 23:00:00,0.0
2024-03-15 23:05:00,-1.8773641298745425e-08
2024-03-15 23:10:00,-1.2713867420429883e-08
2024-03-15 23:15:00,0.0
2024-03-15 23:20:00,5.030382025208316e-09
2024-03-15 23:25:00,3.406670508302312e-09
2024-03-15 23:30:00,0.0
2024-03-15 23:35:00,-1.347886802087845e-09
2024-03-15 23:40:00,-9.128146127793812e-10
2024-03-15 23:45:00,0.0
2024-03-15 23:50:00,3.6116518314306344e-10
2024-03-15 23:55:00,2.4458794281521037e-10
2024-03-16 00:00:00,0.0
2024-03-16 00:05:00,-9.677393048440862e-11
2024-03-16 00:10:00,-6.55371584814602e-11
2024-03-16 00:15:00,0.0
2024-03-16 00:20:00,2.593053879457113e-11
2024-03-16 00:25:00,1.7560691110630515e-11
2024-03-16 00:30:00,0.0
2024-03-16 00:35:00,-6.9482246938759024e-12
2024-03-16 00:40:00,-4.705605961061898e-12
2024-03-16 00:45:00,0.0
2024-03-16 00:50:00,1.8623599809324805e-12
2024-03-16 00:55:00,1.2617327336170705e-12
2024-03-16 01:00:00,0.0
2024-03-16 01:05:00,-5.0121522985402e-13
2024-03-16 01:10:00,-3.4132497340638167e-13
2024-03-16 01:15:00,0.0
2024-03-16 01:20:00,1.4250093848359935e-13
2024-03-16 01:25:00,1.0356716000845595e-13
2024-03-16 01:30:00,0.0
2024-03-16 01:35:00,-6.878852408037752e-14
2024-03-16 01:40:00,-7.29436666274425e-14
2024-03-16 01:45:00,0.0
2024-03-16 01:50:00,1.3265315783791076e-13
2024-03-16 01:55:00,1.8820750650131408e-13
2024-03-16 02:00:00,0.0
2024-03-16 02:05:00,-4.618241072712655e-13
2024-03-16 02:10:00,-6.798863593778138e-13
2024-03-16 02:15:00,0.0
2024-03-16 02:20:00,1.7146432712471518e-12
2024-03-16 02:25:00,2.5313379310099413e-12
2024-03-16 02:30:00,0.0
2024-03-16 02:35:00,-6.39674897771734e-12
2024-03-16 02:40:00,-9.445465364661952e-12
2024-03-16 02:45:00,0.0
2024-03-16 02:50:00,2.3872352639622205e-11
2024-03-16 02:55:00,3.5250523527637845e-11
2024-03-16 03:00:00,0.0
2024-03-16 03:05:00,-8.909266158077151e-11
2024-03-16 03:10:00,-1.3155662874588954e-10
2024-03-16 03:15:00,0.0
2024-03-16 03:20:00,3.324982936834638e-10
2024-03-16 03:25:00,4.909759914559203e-10
2024-03-16 03:30:00,0.0
2024-03-16 03:35:00,-1.2409005131530838e-09
2024-03-16 03:40:00,-1.8323473370777913e-09
2024-03-16 03:45:00,0.0
2024-03-16 03:50:00,4.631103758928871e-09
2024-03-16 03:55:00,6.8384133568552444e-09
2024-03-16 04:00:00,0.0
2024-03-16 04:05:00,-1.7283514522562404e-08
2024-03-16 04:10:00,-2.5521306090343183e-08
2024-03-16 04:15:00,0.0
2024-03-16 04:20:00,6.450295433132073e-08
2024-03-16 04:25:00,9.52468110045175e-08
2024-03-16 04:30:00,0.0
2024-03-16 04:35:00,-2.4072830280272057e-07
2024-03-16 04:40:00,-3.554659379277268e-07
2024-03-16 04:45:00,0.0
2024-03-16 04:50:00,8.984102568795614e-07
2024-03-16 04:55:00,1.3266169407063899e-06
2024-03-16 05:00:00,0.0
2024-03-16 05:05:00,-3.3529127247155257e-06
2024-03-16 05:10:00,-4.9510018248978324e-06
2024-03-16 05:15:00,0.0
2024-03-16 05:20:00,1.2513240641982544e-05
2024-03-16 05:25:00,1.847739035888495e-05
2024-03-16 05:30:00,0.0
2024-03-16 05:35:00,-4.670004984321464e-05
2024-03-16 05:40:00,-6.895855961064194e-05
2024-03-16 05:45:00,0.0
2024-03-16 05:50:00,0.00017428695873087602
2024-03-16 05:55:00,0.00025735684808368274
2024-03-16 06:00:00,0.0
2024-03-16 06:05:00,-0.0006504477850802896
2024-03-16 06:10:00,-0.0009604688327240895
2024-03-16 06:15:00,0.0
2024-03-16 06:20:00,0.0024275041815902823
2024-03-16 06:25:00,0.0035845184828126753
2024-03-16 06:30:00,0.0
2024-03-16 06:35:00,-0.00905956894128084
2024-03-16 06:40:00,-0.013377605098526611
2024-03-16 06:45:00,0.0
2024-03-16 06:50:00,0.03381077158353308
2024-03-16 06:55:00,0.04992590191129377
2024-03-16 07:00:00,0.0
2024-03-16 07:05:00,-0.1261835173928515
2024-03-16 07:10:00,-0.18632600254664852
2024-03-16 07:15:00,0.0
2024-03-16 07:20:00,0.47092329798787297
2024-03-16 07:25:00,0.6953781082753003
2024-03-16 07:30:00,0.0
2024-03-16 07:35:00,-1.75750967455864
2024-03-16 07:40:00,-2.5951864305545524
2024-03-16 07:45:00,0.0
2024-03-16 07:50:00,7.29985614098743
2024-03-16 07:55:00,15.611293539868837
2024-03-16 08:00:00,20.0
2024-03-16 08:05:00,17.669196221720032
2024-03-16 08:10:00,14.37223449330142
2024-03-16 08:15:00,18.0
2024-03-16 08:20:00,34.012247861021336
2024-03-16 08:25:00,58.14421293136992
2024-03-16 08:30:00,83.7
2024-03-16 08:35:00,105.60403455641685
2024-03-16 08:40:00,125.26202489232998
2024-03-16 08:45:00,145.7
2024-03-16 08:50:00,168.3234657651631
2024-03-16 08:55:00,188.05583564745822
2024-03-16 09:00:00,198.2
2024-03-16 09:05:00,194.93543571626407
2024-03-16 09:10:00,185.9479658511704
2024-03-16 09:15:00,181.8
2024-03-16 09:20:00,189.82738396237323
2024-03-16 09:25:00,204.45970835526762
2024-03-16 09:30:00,216.9
2024-03-16 09:35:00,221.26243584165044
2024-03-16 09:40:00,223.3057933203518
2024-03-16 09:45:00,231.7
2024-03-16 09:50:00,249.6895393376916
2024-03-16 09:55:00,258.81711836332516
2024-03-16 10:00:00,235.2
2024-03-16 10:05:00,168.73866606684243
2024-03-16 10:10:00,104.46647396708813
2024-03-16 10:15:00,101.2
2024-03-16 10:20:00,193.5965371356794
2024-03-16 10:25:00,319.67624502758156
2024-03-16 10:30:00,393.3
2024-03-16 10:35:00,356.5640742793289
2024-03-16 10:40:00,264.5063237003636
2024-03-16 10:45:00,200.4
2024-03-16 10:50:00,221.63605463589403
2024-03-16 10:55:00,282.0762379487419
2024-03-16 11:00:00,309.7
2024-03-16 11:05:00,258.10281828820615
2024-03-16 11:10:00,183.34428006022438
2024-03-16 11:15:00,167.1
2024-03-16 11:20:00,262.89711665572577
2024-03-16 11:25:00,411.66886403258303
2024-03-16 11:30:00,526.2
2024-03-16 11:35:00,543.5716780518537
2024-03-16 11:40:00,498.0506341798143
2024-03-16 11:45:00,448.2
2024-03-16 11:50:00,436.7828378035258
2024-03-16 11:55:00,443.3619325814932
2024-03-16 12:00:00,431.7
2024-03-16 12:05:00,379.82289665996865
2024-03-16 12:10:00,322.80904290162016
2024-03-16 12:15:00,310.0
2024-03-16 12:20:00,372.3070570380808
2024-03-16 12:25:00,466.92041433054465
2024-03-16 12:30:00,532.6
2024-03-16 12:35:00,528.3414677803005
2024-03-16 12:40:00,494.0833738502756
2024-03-16 12:45:00,490.0
2024-03-16 12:50:00,553.2381829518288
2024-03-16 12:55:00,628.8349791572418
2024-03-16 13:00:00,638.8
2024-03-16 13:05:00,536.4872818938659
2024-03-16 13:10:00,400.62856137260894
2024-03-16 13:15:00,341.3
2024-03-16 13:20:00,432.9460228060409
2024-03-16 13:25:00,607.4841086856559
2024-03-16 13:30:00,761.2
2024-03-16 13:35:00,816.2767750301188
2024-03-16 13:40:00,798.4868557366193
2024-03-16 13:45:00,759.5
2024-03-16 13:50:00,740.4616918882991
2024-03-16 13:55:00,740.4203202197185
2024-03-16 14:00:00,747.9
2024-03-16 14:05:00,753.480161120388
2024-03-16 14:10:00,755.9614930141361
2024-03-16 14:15:00,756.2
2024-03-16 14:20:00,754.7732191857043
2024-03-16 14:25:00,751.1448188348484
2024-03-16 14:30:00,744.5
2024-03-16 14:35:00,734.5714065812392
2024-03-16 14:40:00,723.281453868693
2024-03-16 14:45:00,713.1
2024-03-16 14:50:00,705.3041174523019
2024-03-16 14:55:00,696.3997360607505
2024-03-16 15:00:00,681.7
2024-03-16 15:05:00,658.9195310169607
2024-03-16 15:10:00,635.378861147565
2024-03-16 15:15:00,620.8
2024-03-16 15:20:00,621.5992399613363
2024-03-16 15:25:00,630.9700045341749
2024-03-16 15:30:00,638.8
2024-03-16 15:35:00,637.5798054339904
2024-03-16 15:40:00,630.2114910861055
2024-03-16 15:45:00,622.2
2024-03-16 15:50:00,616.7778345989985
2024-03-16 15:55:00,608.0877348251065
2024-03-16 16:00:00,588.0
2024-03-16 16:05:00,552.2644117255714
2024-03-16 16:10:00,512.1486807245798
2024-03-16 16:15:00,482.8
2024-03-16 16:20:00,474.7311851653821
2024-03-16 16:25:00,479.9175422765744
2024-03-16 16:30:00,485.7
2024-03-16 16:35:00,482.11084761290005
2024-03-16 16:40:00,469.94781683578907
2024-03-16 16:45:00,452.7
2024-03-16 16:50:00,433.0365354941288
2024-03-16 16:55:00,410.34674593582474
2024-03-16 17:00:00,383.2
2024-03-16 17:05:00,351.60967707725126
2024-03-16 17:10:00,321.36519942091195
2024-03-16 17:15:00,299.7
2024-03-16 17:20:00,291.2729043450143
2024-03-16 17:25:00,290.4443082323792
2024-03-16 17:30:00,289.0
2024-03-16 17:35:00,280.82463146861727
2024-03-16 17:40:00,268.19830839031187
2024-03-16 17:45:00,255.5
2024-03-16 17:50:00,245.66931052125742
2024-03-16 17:55:00,235.88838413229917
2024-03-16 18:00:00,221.9
2024-03-16 18:05:00,201.11664496487154
2024-03-16 18:10:00,177.6296365619729
2024-03-16 18:15:00,157.2
2024-03-16 18:20:00,144.05299850814524
2024-03-16 18:25:00,136.27084739758703
2024-03-16 18:30:00,130.4
2024-03-16 18:35:00,123.46024989143625
2024-03-16 18:40:00,114.3647516254568
2024-03-16 18:45:00,102.5
2024-03-16 18:50:00,87.76526118536901
2024-03-16 18:55:00,72.1108868413265
2024-03-16 19:00:00,58.0
2024-03-16 19:05:00,47.13796462634697
2024-03-16 19:10:00,38.199108416644606
2024-03-16 19:15:00,29.1
2024-03-16 19:20:00,18.531028457391237
2024-03-16 19:25:00,8.277864677280261
2024-03-16 19:30:00,0.9
2024-03-16 19:35:00,-1.843559937393394
2024-03-16 19:40:00,-1.3957523109508352
2024-03-16 19:45:00,0.0
2024-03-16 19:50:00,0.5654335144045639
2024-03-16 19:55:00,0.38292234430085337
2024-03-16 20:00:00,0.0
2024-03-16 20:05:00,-0.1515074535581945
2024-03-16 20:10:00,-0.10260373291924607
2024-03-16 20:15:00,0.0
2024-03-16 20:20:00,0.040596299828214034
2024-03-16 20:25:00,0.027492587376130563
2024-03-16 20:30:00,0.0
2024-03-16 20:35:00,-0.010877745754661675
2024-03-16 20:40:00,-0.007366616585276263
2024-03-16 20:45:00,0.0
2024-03-16 20:50:00,0.0029146831904326687
2024-03-16 20:55:00,0.001973878964974489
2024-03-16 21:00:00,0.0
2024-03-16 21:05:00,-0.0007809870070690019
2024-03-16 21:10:00,-0.0005288992746216947
2024-03-16 21:15:00,0.0
2024-03-16 21:20:00,0.0002092648378433385
2024-03-16 21:25:00,0.00014171813351228964
2024-03-16 21:30:00,0.0
2024-03-16 21:35:00,-5.6072344304352425e-05
2024-03-16 21:40:00,-3.79732594274641e-05
2024-03-16 21:45:00,0.0
2024-03-16 21:50:00,1.5024539374071091e-05
2024-03-16 21:55:00,1.0174904197566512e-05
2024-03-16 22:00:00,0.0
2024-03-16 22:05:00,-4.0258131919319545e-06
2024-03-16 22:10:00,-2.7263573628019877e-06
2024-03-16 22:15:00,0.0
2024-03-16 22:20:00,1.0787133936567285e-06
2024-03-16 22:25:00,7.305252536414393e-07
2024-03-16 22:30:00,0.0
2024-03-16 22:35:00,-2.8904038269495957e-07
2024-03-16 22:40:00,-1.9574365176376975e-07
2024-03-16 22:45:00,0.0
2024-03-16 22:50:00,7.744813712310986e-08
2024-03-16 22:55:00,5.2449353413639876e-08
2024-03-16 23:00:00,0.0
2024-03-16 23:05:00,-2.0752165797479865e-08
2024-03-16 23:10:00,-1.4053761890789833e-08
2024-03-16 23:15:00,0.0
2024-03-16 23:20:00,5.5605260668096125e-09
2024-03-16 23:25:00,3.765694149519437e-09
2024-03-16 23:30:00,0.0
2024-03-16 23:35:00,-1.4899384697585819e-09
2024-03-16 23:40:00,-1.0090147072879081e-09
2024-03-16 23:45:00,0.0
2024-03-16 23:50:00,3.9922781222471657e-10
2024-03-16 23:55:00,2.7036467963219895e-10
2024-03-17 00:00:00,0.0
2024-03-17 00:05:00,-1.0697277914028416e-10
2024-03-17 00:10:00,-7.244401124088725e-11
2024-03-17 00:15:00,0.0
2024-03-17 00:20:00,2.8663304336420025e-11
2024-03-17 00:25:00,1.9411365331349858e-11
2024-03-17 00:30:00,0.0
2024-03-17 00:35:00,-7.68043820539595e-12
2024-03-17 00:40:00,-5.201450084512225e-12
2024-03-17 00:45:00,0.0
2024-03-17 00:50:00,2.0584484851637805e-12
2024-03-17 00:55:00,1.3944350066990597e-12
2024-03-17 01:00:00,0.0
2024-03-17 01:05:00,-5.53355735259171e-13
2024-03-17 01:10:00,-3.762899422840063e-13
2024-03-17 01:15:00,0.0
2024-03-17 01:20:00,1.5497445587290312e-13
2024-03-17 01:25:00,1.1072476243696545e-13
2024-03-17 01:30:00,0.0
2024-03-17 01:35:00,-6.654208823244155e-14
2024-03-17 01:40:00,-6.660910746385554e-14
2024-03-17 01:45:00,0.0
2024-03-17 01:50:00,1.1119389705686309e-13
2024-03-17 01:55:00,1.557116674184567e-13
2024-03-17 02:00:00,0.0
2024-03-17 02:05:00,-3.7823349999501076e-13
2024-03-17 02:10:00,-5.562375622099713e-13
2024-03-17 02:15:00,0.0
2024-03-17 02:20:00,1.40174010292318e-12
2024-03-17 02:25:00,2.069238581421428e-12
2024-03-17 02:30:00,0.0
2024-03-17 02:35:00,-5.22872691169771e-12
2024-03-17 02:40:00,-7.720716763475744e-12
2024-03-17 02:45:00,0.0
2024-03-17 02:50:00,1.9513167543867665e-11
2024-03-17 02:55:00,2.8813628472481555e-11
2024-03-17 03:00:00,0.0
2024-03-17 03:05:00,-7.282394326377295e-11
2024-03-17 03:10:00,-1.0753379712645048e-10
2024-03-17 03:15:00,0.0
2024-03-17 03:20:00,2.717826055112242e-10
2024-03-17 03:25:00,4.013215600333203e-10
2024-03-17 03:30:00,0.0
2024-03-17 03:35:00,-1.0143064787811237e-09
2024-03-17 03:40:00,-1.4977524430068307e-09
2024-03-17 03:45:00,0.0
2024-03-17 03:50:00,3.78544330961327e-09
2024-03-17 03:55:00,5.589688211994003e-09
2024-03-17 04:00:00,0.0
2024-03-17 04:05:00,-1.4127466759671957e-08
2024-03-17 04:10:00,-2.086100040496918e-08
2024-03-17 04:15:00,0.0
2024-03-17 04:20:00,5.272442372907457e-08
2024-03-17 04:25:00,7.785431340788271e-08
2024-03-17 04:30:00,0.0
2024-03-17 04:35:00,-1.9677022815662636e-07
2024-03-17 04:40:00,-2.905562532265617e-07
2024-03-17 04:45:00,0.0
2024-03-17 04:50:00,7.343564888974308e-07
2024-03-17 04:55:00,1.0843706994983642e-06
2024-03-17 05:00:00,0.0
2024-03-17 05:05:00,-2.7406557274330967e-06
2024-03-17 05:10:00,-4.046926544766897e-06
2024-03-17 05:15:00,0.0
2024-03-17 05:20:00,1.0228266420834957e-05
2024-03-17 05:25:00,1.5103335479569218e-05
2024-03-17 05:30:00,0.0
2024-03-17 05:35:00,-3.817240995590673e-05
2024-03-17 05:40:00,-5.6366415373509956e-05
2024-03-17 05:45:00,0.0
2024-03-17 05:50:00,0.00014246137340279198
2024-03-17 05:55:00,0.0002103623260144707
2024-03-17 06:00:00,0.0
2024-03-17 06:05:00,-0.0005316730836552613
2024-03-17 06:10:00,-0.0007850828886843731
2024-03-17 06:15:00,0.0
2024-03-17 06:20:00,0.0019842309612182535
2024-03-17 06:25:00,0.0029299692287230216
2024-03-17 06:30:00,0.0
2024-03-17 06:35:00,-0.0074052507612177515
2024-03-17 06:40:00,-0.010934794026207713
2024-03-17 06:45:00,0.0
2024-03-17 06:50:00,0.027636772083652755
2024-03-17 06:55:00,0.040809206876107826
2024-03-17 07:00:00,0.0
2024-03-17 07:05:00,-0.10314183757339329
2024-03-17 07:10:00,-0.15230203347822363
2024-03-17 07:15:00,0.0
2024-03-17 07:20:00,0.3849305782099203
2024-03-17 07:25:00,0.5683989270367867
2024-03-17 07:30:00,0.0
2024-03-17 07:35:00,-1.4365804752662885
2024-03-17 07:40:00,-2.1212936746689244
2024-03-17 07:45:00,0.0
2024-03-17 07:50:00,6.235465396929307
2024-03-17 07:55:00,14.9093683642315
2024-03-17 08:00:00,23.6
2024-03-17 08:05:00,30.905829998660177
2024-03-17 08:10:00,39.50604243996515
2024-03-17 08:15:00,53.1
2024-03-17 08:20:00,73.15973312694852
2024-03-17 08:25:00,92.2479433573894
2024-03-17 08:30:00,100.7
2024-03-17 08:35:00,93.7107930491013
2024-03-17 08:40:00,85.9132952415884
2024-03-17 08:45:00,96.8
2024-03-17 08:50:00,137.0193168988685
2024-03-17 08:55:00,181.84332012070146
2024-03-17 09:00:00,197.7
2024-03-17 09:05:00,164.16379120727643
2024-03-17 09:10:00,113.39490575708723
2024-03-17 09:15:00,90.7
2024-03-17 09:20:00,127.44774049424797
2024-03-17 09:25:00,199.25483462872728
2024-03-17 09:30:00,267.8
2024-03-17 09:35:00,304.3193208898059
2024-03-17 09:40:00,318.2783483205962
2024-03-17 09:45:00,328.7
2024-03-17 09:50:00,348.8860870576396
2024-03-17 09:55:00,369.25399431111015
2024-03-17 10:00:00,374.5
2024-03-17 10:05:00,355.67336791667276
2024-03-17 10:10:00,329.23530406459287
2024-03-17 10:15:00,318.0
2024-03-17 10:20:00,338.175996831225
2024-03-17 10:25:00,379.54923387496297
2024-03-17 10:30:00,425.3
2024-03-17 10:35:00,461.7300521658347
2024-03-17 10:40:00,487.6270196948147
2024-03-17 10:45:00,504.9
2024-03-17 10:50:00,515.5112019128436
2024-03-17 10:55:00,521.6352799383708
2024-03-17 11:00:00,525.5
2024-03-17 11:05:00,529.6140290716799
2024-03-17 11:10:00,537.6096383294798
2024-03-17 11:15:00,553.4
2024-03-17 11:20:00,578.9215706893259
2024-03-17 11:25:00,608.2039445214872
2024-03-17 11:30:00,633.3
2024-03-17 11:35:00,648.5256140969424
2024-03-17 11:40:00,657.2486576586449
2024-03-17 11:45:00,665.1
2024-03-17 11:50:00,675.6315284784597
2024-03-17 11:55:00,684.079202621711
2024-03-17 12:00:00,683.6
2024-03-17 12:05:00,670.8038275447744
2024-03-17 12:10:00,656.1123096322889
2024-03-17 12:15:00,653.4
2024-03-17 12:20:00,671.5309391202208
2024-03-17 12:25:00,699.3271144046894
2024-03-17 12:30:00,720.6
2024-03-17 12:35:00,724.4390826410093
2024-03-17 12:40:00,721.0458994156209
2024-03-17 12:45:00,725.9
2024-03-17 12:50:00,747.0608784638904
2024-03-17 12:55:00,762.9078064513463
2024-03-17 13:00:00,744.4
2024-03-17 13:05:00,676.1914775775031
2024-03-17 13:10:00,597.7154673715863
2024-03-17 13:15:00,562.1
2024-03-17 13:20:00,604.5991371520231
2024-03-17 13:25:00,688.9710648030492
2024-03-17 13:30:00,761.1
2024-03-17 13:35:00,781.1897515921823
2024-03-17 13:40:00,766.7224956384397
2024-03-17 13:45:00,749.5
2024-03-17 13:50:00,752.3788935162848
2024-03-17 13:55:00,762.4352489394887
2024-03-17 14:00:00,757.8
2024-03-17 14:05:00,723.6317113797154
2024-03-17 14:10:00,673.199471566568
2024-03-17 14:15:00,626.8
2024-03-17 14:20:00,601.0535202241125
2024-03-17 14:25:00,597.8742722016459
2024-03-17 14:30:00,615.5
2024-03-17 14:35:00,650.2208743905011
2024-03-17 14:40:00,690.5367729601813
2024-03-17 14:45:00,723.0
2024-03-17 14:50:00,736.1185377694391
2024-03-17 14:55:00,726.223080402073
2024-03-17 15:00:00,691.6
2024-03-17 15:05:00,634.9716411984095
2024-03-17 15:10:00,576.8042387648597
2024-03-17 15:15:00,542.0
2024-03-17 15:20:00,545.9504529924782
2024-03-17 15:25:00,566.0044089829327
2024-03-17 15:30:00,570.0
2024-03-17 15:35:00,536.1413616464926
2024-03-17 15:40:00,484.096643821928
2024-03-17 15:45:00,443.9
2024-03-17 15:50:00,434.3285448659957
2024-03-17 15:55:00,429.13123795157725
2024-03-17 16:00:00,390.8
2024-03-17 16:05:00,298.99631074137613
2024-03-17 16:10:00,202.0598858532444
2024-03-17 16:15:00,165.5
2024-03-17 16:20:00,230.70102698331436
2024-03-17 16:25:00,342.54773715396357
2024-03-17 16:30:00,421.8
2024-03-17 16:35:00,412.61069243647745
2024-03-17 16:40:00,352.70472108645663
2024-03-17 16:45:00,303.2
2024-03-17 16:50:00,307.66731438188697
2024-03-17 16:55:00,339.4889340557654
2024-03-17 17:00:00,354.5
2024-03-17 17:05:00,322.2830129989375
2024-03-17 17:10:00,267.40991306085215
2024-03-17 17:15:00,228.2
2024-03-17 17:20:00,231.0710039927332
2024-03-17 17:25:00,254.83437666378887
2024-03-17 17:30:00,266.4
2024-03-17 17:35:00,242.7922302893887
2024-03-17 17:40:00,201.49332102473304
2024-03-17 17:45:00,170.1
2024-03-17 17:50:00,167.445260034897
2024-03-17 17:55:00,177.30715405209367
2024-03-17 18:00:00,174.7
2024-03-17 18:05:00,143.05635920065276
2024-03-17 18:10:00,99.4817664705959
2024-03-17 18:15:00,69.5
2024-03-17 18:20:00,70.76263649582512
2024-03-17 18:25:00,89.4324467321893
2024-03-17 18:30:00,103.8
2024-03-17 18:35:00,98.20790963086151
2024-03-17 18:40:00,81.20696511916537
2024-03-17 18:45:00,67.4
2024-03-17 18:50:00,66.95387312887704
2024-03-17 18:55:00,72.29154464300109
2024-03-17 19:00:00,71.4
2024-03-17 19:05:00,56.01733859437115
2024-03-17 19:10:00,32.886115568089615
2024-03-17 19:15:00,12.5
2024-03-17 19:20:00,2.7434391603050665
2024-03-17 19:25:00,1.0639930846404502
2024-03-17 19:30:00,2.3
2024-03-17 19:35:00,2.3311269866308133
2024-03-17 19:40:00,1.2023565377930197
2024-03-17 19:45:00,0.0
2024-03-17 19:50:00,-0.44202118090239495
2024-03-17 19:55:00,-0.29934516173845394
2024-03-17 20:00:00,0.0
2024-03-17 20:05:00,0.11843921846024794
2024-03-17 20:10:00,0.08020929434598262
2024-03-17 20:15:00,0.0
2024-03-17 20:20:00,-0.03173569293859676
2024-03-17 20:25:00,-0.021492015645476266
2024-03-17 20:30:00,0.0
2024-03-17 20:35:00,0.008503553294139083
2024-03-17 20:40:00,0.005758768235922418
2024-03-17 20:45:00,0.0
2024-03-17 20:50:00,-0.00227852023795958
2024-03-17 20:55:00,-0.001543057298213411
2024-03-17 21:00:00,0.0
2024-03-17 21:05:00,0.000610527657699239
2024-03-17 21:10:00,0.00041346095693123373
2024-03-17 21:15:00,0.0
2024-03-17 21:20:00,-0.00016359039283737604
2024-03-17 21:25:00,-0.00011078652951152337
2024-03-17 21:30:00,0.0
2024-03-17 21:35:00,4.383391365026503e-05
2024-03-17 21:40:00,2.9685161114859448e-05
2024-03-17 21:45:00,0.0
2024-03-17 21:50:00,-1.1745261763684078e-05
2024-03-17 21:55:00,-7.954114947914348e-06
2024-03-17 22:00:00,0.0
2024-03-17 22:05:00,3.1471334044712933e-06
2024-03-17 22:10:00,2.131298676797971e-06
2024-03-17 22:15:00,0.0
2024-03-17 22:20:00,-8.432718542010915e-07
2024-03-17 22:25:00,-5.710797592775355e-07
2024-03-17 22:30:00,0.0
2024-03-17 22:35:00,2.2595401233307318e-07
2024-03-17 22:40:00,1.5302036031216845e-07
2024-03-17 22:45:00,0.0
2024-03-17 22:50:00,-6.054419513120153e-08
2024-03-17 22:55:00,-4.100168197113936e-08
2024-03-17 23:00:00,0.0
2024-03-17 23:05:00,1.6222768191732903e-08
2024-03-17 23:10:00,1.0986367572388742e-08
2024-03-17 23:15:00,0.0
2024-03-17 23:20:00,-4.3468776357300854e-09
2024-03-17 23:25:00,-2.9437883184156164e-09
2024-03-17 23:30:00,0.0
2024-03-17 23:35:00,1.1647423511874407e-09
2024-03-17 23:40:00,7.887857012737357e-10
2024-03-17 23:45:00,0.0
2024-03-17 23:50:00,-3.120917690196775e-10
2024-03-17 23:55:00,-2.113544866793253e-10
2024-03-18 00:00:00,0.0
2024-03-18 00:05:00,8.362472489126942e-11
2024-03-18 00:10:00,5.663224544356587e-11
2024-03-18 00:15:00,0.0
2024-03-18 00:20:00,-2.2407130545400258e-11
2024-03-18 00:25:00,-1.517449509493823e-11
2024-03-18 00:30:00,0.0
2024-03-18 00:35:00,6.003797290331589e-12
2024-03-18 00:40:00,4.065734936187002e-12
2024-03-18 00:45:00,0.0
2024-03-18 00:50:00,-1.6080586159260988e-12
2024-03-18 00:55:00,-1.0884446498097852e-12
2024-03-18 01:00:00,0.0
2024-03-18 01:05:00,4.2843717337280783e-13
2024-03-18 01:10:00,2.880436630521433e-13
2024-03-18 01:15:00,0.0
2024-03-18 01:20:00,-1.0569007756513184e-13
2024-03-18 01:25:00,-6.37300023987856e-14
2024-03-18 01:30:00,0.0
2024-03-18 01:35:00,-5.676863112280288e-15
2024-03-18 01:40:00,-3.312365345700009e-14
2024-03-18 01:45:00,0.0
2024-03-18 01:50:00,1.28397530014253e-13
2024-03-18 01:55:00,1.9622461622678605e-13
2024-03-18 02:00:00,0.0
2024-03-18 02:05:00,-5.079132569447317e-13
2024-03-18 02:10:00,-7.517748114501441e-13
2024-03-18 02:15:00,0.0
2024-03-18 02:20:00,1.903255497764674e-12
2024-03-18 02:25:00,2.8108746295737905e-12
2024-03-18 02:30:00,0.0
2024-03-18 02:35:00,-7.105108734113965e-12
2024-03-18 02:40:00,-1.0491723706845024e-11
2024-03-18 02:45:00,0.0
2024-03-18 02:50:00,2.6517179438691182e-11
2024-03-18 02:55:00,3.915602019780629e-11
2024-03-18 03:00:00,0.0
2024-03-18 03:05:00,-9.896360902065077e-11
2024-03-18 03:10:00,-1.461323570843801e-10
2024-03-18 03:15:00,0.0
2024-03-18 03:20:00,3.6933725664391193e-10
2024-03-18 03:25:00,5.453734081397143e-10
2024-03-18 03:30:00,0.0
2024-03-18 03:35:00,-1.378385417554997e-09
2024-03-18 03:40:00,-2.0353612754744765e-09
2024-03-18 03:45:00,0.0
2024-03-18 03:50:00,5.1442044135760756e-09
2024-03-18 03:55:00,7.596071693758195e-09
2024-03-18 04:00:00,0.0
2024-03-18 04:05:00,-1.919843223674931e-08
2024-03-18 04:10:00,-2.8348925499558298e-08
2024-03-18 04:15:00,0.0
2024-03-18 04:20:00,7.164952453342116e-08
2024-03-18 04:25:00,1.0579963030447503e-07
2024-03-18 04:30:00,0.0
2024-03-18 04:35:00,-2.6739966589693534e-07
2024-03-18 04:40:00,-3.948495957183418e-07
2024-03-18 04:45:00,0.0
2024-03-18 04:50:00,9.979491390543205e-07
2024-03-18 04:55:00,1.4735987525688926e-06
2024-03-18 05:00:00,0.0
2024-03-18 05:05:00,-3.724396890320347e-06
2024-03-18 05:10:00,-5.4995454145572285e-06
2024-03-18 05:15:00,0.0
2024-03-18 05:20:00,1.3899638422227066e-05
2024-03-18 05:25:00,2.052458290566002e-05
2024-03-18 05:30:00,0.0
2024-03-18 05:35:00,-5.187415679858793e-05
2024-03-18 05:40:00,-7.659878620808286e-05
2024-03-18 05:45:00,0.0
2024-03-18 05:50:00,0.0001935969887721247
2024-03-18 05:55:00,0.0002858705619266715
2024-03-18 06:00:00,0.0
2024-03-18 06:05:00,-0.000722513798289911
2024-03-18 06:10:00,-0.0010668834614986035
2024-03-18 06:15:00,0.0
2024-03-18 06:20:00,0.0026964582043875196
2024-03-18 06:25:00,0.003981663284067741
2024-03-18 06:30:00,0.0
2024-03-18 06:35:00,-0.010063319019260168
2024-03-18 06:40:00,-0.014859769674772368
2024-03-18 06:45:00,0.0
2024-03-18 06:50:00,0.03755681787265315
2024-03-18 06:55:00,0.05545741541502175
2024-03-18 07:00:00,0.0
2024-03-18 07:05:00,-0.14016395247135247
2024-03-18 07:10:00,-0.20696989198531457
2024-03-18 07:15:00,0.0
2024-03-18 07:20:00,0.5230989920127567
2024-03-18 07:25:00,0.7724221525262366
2024-03-18 07:30:00,0.0
2024-03-18 07:35:00,-1.952232015579674
2024-03-18 07:40:00,-2.882718718119631
2024-03-18 07:45:00,0.0
2024-03-18 07:50:00,8.452495736972608
2024-03-18 07:55:00,20.091786053285627
2024-03-18 08:00:00,31.5
2024-03-18 08:05:00,40.360767586207764
2024-03-18 08:10:00,48.76372265312528
2024-03-18 08:15:00,59.9
2024-03-18 08:20:00,75.94147095523337
2024-03-18 08:25:00,94.98295296384288
2024-03-18 08:30:00,114.1
2024-03-18 08:35:00,131.19186711137723
2024-03-18 08:40:00,147.4526136396513
2024-03-18 08:45:00,164.9
2024-03-18 08:50:00,184.20587541407252
2024-03-18 08:55:00,200.65844432940375
2024-03-18 09:00:00,208.2
2024-03-18 09:05:00,203.6364830841845
2024-03-18 09:10:00,195.22842385754848
2024-03-18 09:15:00,194.1
2024-03-18 09:20:00,208.08893298993007
2024-03-18 09:25:00,231.88711949966148
2024-03-18 09:30:00,256.9
2024-03-18 09:35:00,277.0040812523915
2024-03-18 09:40:00,295.9601351808426
2024-03-18 09:45:00,320.0
2024-03-18 09:50:00,352.6540012597632
2024-03-18 09:55:00,386.6464138510423
2024-03-18 10:00:00,412.0
2024-03-18 10:05:00,422.33176556040746
2024-03-18 10:10:00,425.63569089646967
2024-03-18 10:15:00,433.5
2024-03-18 10:20:00,454.0559735356439
2024-03-18 10:25:00,481.6071188593753
2024-03-18 10:30:00,507.0
2024-03-18 10:35:00,523.4961921488688
2024-03-18 10:40:00,534.0173151475109
2024-03-18 10:45:00,543.9
2024-03-18 10:50:00,557.1074060170292
2024-03-18 10:55:00,572.1088057357667
2024-03-18 11:00:00,586.0
2024-03-18 11:05:00,596.7556652644959
2024-03-18 11:10:00,605.8659804279406
2024-03-18 11:15:00,615.7
2024-03-18 11:20:00,627.9365995916542
2024-03-18 11:25:00,641.4939392191378
2024-03-18 11:30:00,654.6
2024-03-18 11:35:00,665.883121554073
2024-03-18 11:40:00,675.573077510323
2024-03-18 11:45:00,684.3
2024-03-18 11:50:00,692.5753586364985
2024-03-18 11:55:00,700.4359729617923
2024-03-18 12:00:00,707.8
2024-03-18 12:05:00,714.6302587147477
2024-03-18 12:10:00,721.0682158276927
2024-03-18 12:15:00,727.3
2024-03-18 12:20:00,733.5147176156214
2024-03-18 12:25:00,739.9133859496586
2024-03-18 12:30:00,746.7
2024-03-18 12:35:00,753.8849448968402
2024-03-18 12:40:00,760.7041662995986
2024-03-18 12:45:00,766.2
2024-03-18 12:50:00,769.7603176118324
2024-03-18 12:55:00,772.1551340371326
2024-03-18 13:00:00,774.5
2024-03-18 13:05:00,777.5552661373118
2024-03-18 13:10:00,780.6604827370564
2024-03-18 13:15:00,782.8
2024-03-18 13:20:00,783.2482474685498
2024-03-18 13:25:00,782.4399720516786
2024-03-18 13:30:00,781.1
2024-03-18 13:35:00,779.8887810255255
2024-03-18 13:40:00,779.2092586858587
2024-03-18 13:45:00,779.4
2024-03-18 13:50:00,780.4003321330514
2024-03-18 13:55:00,780.5526228345166
2024-03-18 14:00:00,777.8
2024-03-18 14:05:00,770.995075627454
2024-03-18 14:10:00,762.628398124223
2024-03-18 14:15:00,756.1
2024-03-18 14:20:00,753.8045505423181
2024-03-18 14:25:00,754.1152661500727
2024-03-18 14:30:00,754.4
2024-03-18 14:35:00,752.5459814625331
2024-03-18 14:40:00,748.5179446828935
2024-03-18 14:45:00,742.8
2024-03-18 14:50:00,735.9115236075495
2024-03-18 14:55:00,728.5129551183531
2024-03-18 15:00:00,721.3
2024-03-18 15:05:00,714.6708870702315
2024-03-18 15:10:00,707.8339385473975
2024-03-18 15:15:00,699.7
2024-03-18 15:20:00,689.6160392226355
2024-03-18 15:25:00,678.6735129142791
2024-03-18 15:30:00,668.4
2024-03-18 15:35:00,659.8427338170039
2024-03-18 15:40:00,652.1275653510418
2024-03-18 15:45:00,643.9
2024-03-18 15:50:00,634.1389514352741
2024-03-18 15:55:00,623.1569664222947
2024-03-18 16:00:00,611.6
2024-03-18 16:05:00,599.9829419233806
2024-03-18 16:10:00,588.2964208116317
2024-03-18 16:15:00,576.4
2024-03-18 16:20:00,564.1292808712032
2024-03-18 16:25:00,551.224016997845
2024-03-18 16:30:00,537.4
2024-03-18 16:35:00,522.6999345918065
2024-03-18 16:40:00,508.47417786365503
2024-03-18 16:45:00,496.4
2024-03-18 16:50:00,486.8117215023118
2024-03-18 16:55:00,474.6718641401273
2024-03-18 17:00:00,453.6
2024-03-18 17:05:00,420.4087349545019
2024-03-18 17:10:00,384.68281002028004
2024-03-18 17:15:00,359.2
2024-03-18 17:20:00,352.5385238648658
2024-03-18 17:25:00,356.478377260234
2024-03-18 17:30:00,358.6
2024-03-18 17:35:00,349.5334658823315
2024-03-18 17:40:00,332.10738464248755
2024-03-18 17:45:00,312.2
2024-03-18 17:50:00,294.4609459391418
2024-03-18 17:55:00,278.6254175031494
2024-03-18 18:00:00,263.2
2024-03-18 18:05:00,247.02645406480494
2024-03-18 18:10:00,230.28724164121127
2024-03-18 18:15:00,213.5
2024-03-18 18:20:00,197.07027483867546
2024-03-18 18:25:00,180.95524556163514
2024-03-18 18:30:00,165.0
2024-03-18 18:35:00,149.1035576916044
2024-03-18 18:40:00,133.380665001137
2024-03-18 18:45:00,118.0
2024-03-18 18:50:00,103.08586476527728
2024-03-18 18:55:00,88.58505739677972
2024-03-18 19:00:00,74.4
2024-03-18 19:05:00,60.47890917321244
2024-03-18 19:10:00,46.95317948581816
2024-03-18 19:15:00,34.0
2024-03-18 19:20:00,21.95035039372483
2024-03-18 19:25:00,11.750372808095772
2024-03-18 19:30:00,4.5
2024-03-18 19:35:00,0.8752448074437946
2024-03-18 19:40:00,-0.14355960709014104
2024-03-18 19:45:00,0.0
2024-03-18 19:50:00,0.12274445057406537
2024-03-18 19:55:00,0.0831248795240532
2024-03-18 20:00:00,0.0
2024-03-18 20:05:00,-0.03288927640672267
2024-03-18 20:10:00,-0.022273244339404426
2024-03-18 20:15:00,0.0
2024-03-18 20:20:00,0.008812655052825314
2024-03-18 20:25:00,0.005968097833564483
2024-03-18 20:30:00,0.0
2024-03-18 20:35:00,-0.0023613438045785966
2024-03-18 20:40:00,-0.0015991469948535377
2024-03-18 20:45:00,0.0
2024-03-18 20:50:00,0.0006327201654890697
2024-03-18 20:55:00,0.0004284901458496621
2024-03-18 21:00:00,0.0
2024-03-18 21:05:00,-0.00016953685737768257
2024-03-18 21:10:00,-0.00011481358854511096
2024-03-18 21:15:00,0.0
2024-03-18 21:20:00,4.5427264021660455e-05
2024-03-18 21:25:00,3.076420833078165e-05
2024-03-18 21:30:00,0.0
2024-03-18 21:35:00,-1.217219870895932e-05
2024-03-18 21:40:00,-8.243244778015774e-06
2024-03-18 21:45:00,0.0
2024-03-18 21:50:00,3.2615308141768044e-06
2024-03-18 21:55:00,2.208770781281395e-06
2024-03-18 22:00:00,0.0
2024-03-18 22:05:00,-8.739245477478972e-07
2024-03-18 22:10:00,-5.918383471098103e-07
2024-03-18 22:15:00,0.0
2024-03-18 22:20:00,2.3416737681478433e-07
2024-03-18 22:25:00,1.5858260715784577e-07
2024-03-18 22:30:00,0.0
2024-03-18 22:35:00,-6.274495951124043e-08
2024-03-18 22:40:00,-4.249208152157353e-08
2024-03-18 22:45:00,0.0
2024-03-18 22:50:00,1.6812461230177326e-08
2024-03-18 22:55:00,1.1385718928448093e-08
2024-03-18 23:00:00,0.0
2024-03-18 23:05:00,-4.504885409468881e-09
2024-03-18 23:10:00,-3.050794192218895e-09
2024-03-18 23:15:00,0.0
2024-03-18 23:20:00,1.2070804076982009e-09
2024-03-18 23:25:00,8.174578404274905e-10
2024-03-18 23:30:00,0.0
2024-03-18 23:35:00,-3.234362213239222e-10
2024-03-18 23:40:00,-2.1903716949106483e-10
2024-03-18 23:45:00,0.0
2024-03-18 23:50:00,8.666447759748772e-11
2024-03-18 23:55:00,5.869083753676832e-11
2024-03-19 00:00:00,0.0
2024-03-19 00:05:00,-2.322168906602876e-11
2024-03-19 00:10:00,-1.5726180656008625e-11
2024-03-19 00:15:00,0.0
2024-03-19 00:20:00,6.2222786666273385e-12
2024-03-19 00:25:00,4.2138850872661905e-12
2024-03-19 00:30:00,0.0
2024-03-19 00:35:00,-1.6674256004805885e-12
2024-03-19 00:40:00,-1.1293596930561352e-12
2024-03-19 00:45:00,0.0
2024-03-19 00:50:00,4.474237352950174e-13
2024-03-19 00:55:00,3.0355368495835253e-13
2024-03-19 01:00:00,0.0
2024-03-19 01:05:00,-1.2226934069948098e-13
2024-03-19 01:10:00,-8.48550467772745e-14
2024-03-19 01:15:00,0.0
2024-03-19 01:20:00,4.1653627502906534e-14
2024-03-19 01:25:00,3.586650215074522e-14
2024-03-19 01:30:00,0.0
2024-03-19 01:35:00,-4.434516931214517e-14
2024-03-19 01:40:00,-5.861096182570644e-14
2024-03-19 01:45:00,0.0
2024-03-19 01:50:00,1.3572704974567415e-13
2024-03-19 01:55:00,1.9857734515208056e-13
2024-03-19 02:00:00,0.0
2024-03-19 02:05:00,-4.985630296705514e-13
2024-03-19 02:10:00,-7.356984187826158e-13
2024-03-19 02:15:00,0.0
2024-03-19 02:20:00,1.8585250689365316e-12
2024-03-19 02:25:00,2.744216329978382e-12
2024-03-19 02:30:00,0.0
2024-03-19 02:35:00,-6.9355372460755755e-12
2024-03-19 02:40:00,-1.0241166901130916e-11
2024-03-19 02:45:00,0.0
2024-03-19 02:50:00,2.5883623915365772e-11
2024-03-19 02:55:00,3.82204512745453e-11
2024-03-19 03:00:00,0.0
2024-03-19 03:05:00,-9.659895841538754e-11
2024-03-19 03:10:00,-1.4264063819705022e-10
2024-03-19 03:15:00,0.0
2024-03-19 03:20:00,3.6051220974618433e-10
2024-03-19 03:25:00,5.323421015136557e-10
2024-03-19 03:30:00,0.0
2024-03-19 03:35:00,-1.3454498805693499e-09
2024-03-19 03:40:00,-1.986727767857573e-09
2024-03-19 03:45:00,0.0
2024-03-19 03:50:00,5.021287312531214e-09
2024-03-19 03:55:00,7.414568969916633e-09
2024-03-19 04:00:00,0.0
2024-03-19 04:05:00,-1.8739699369555506e-08
2024-03-19 04:10:00,-2.7671548111808964e-08
2024-03-19 04:15:00,0.0
2024-03-19 04:20:00,6.993751016569082e-08
2024-03-19 04:25:00,1.0327162347731922e-07
2024-03-19 04:30:00,0.0
2024-03-19 04:35:00,-2.6101034129320776e-07
2024-03-19 04:40:00,-3.854149457974679e-07
2024-03-19 04:45:00,0.0
2024-03-19 04:50:00,9.741038550071403e-07
2024-03-19 04:55:00,1.4383881597125523e-06
2024-03-19 05:00:00,0.0
2024-03-19 05:05:00,-3.6354050787353533e-06
2024-03-19 05:10:00,-5.368137693052742e-06
2024-03-19 05:15:00,0.0
2024-03-19 05:20:00,1.3567516459934276e-05
2024-03-19 05:25:00,2.003416261249842e-05
2024-03-19 05:30:00,0.0
2024-03-19 05:35:00,-5.063466076100175e-05
2024-03-19 05:40:00,-7.476851275694094e-05
2024-03-19 05:45:00,0.0
2024-03-19 05:50:00,0.00018897112658407275
2024-03-19 05:55:00,0.0002790398884152654
2024-03-19 06:00:00,0.0
2024-03-19 06:05:00,-0.0007052498455752891
2024-03-19 06:10:00,-0.00104139104090412
2024-03-19 06:15:00,0.0
2024-03-19 06:20:00,0.0026320282557170836
2024-03-19 06:25:00,0.0038865242752012166
2024-03-19 06:30:00,0.0
2024-03-19 06:35:00,-0.009822863177293048
2024-03-19 06:40:00,-0.01450470605990074
2024-03-19 06:45:00,0.0
2024-03-19 06:50:00,0.0366594244534551
2024-03-19 06:55:00,0.05413229996440176
2024-03-19 07:00:00,0.0
2024-03-19 07:05:00,-0.13681483463652738
2024-03-19 07:10:00,-0.20202449379770637
2024-03-19 07:15:00,0.0
2024-03-19 07:20:00,0.5105999140926545
2024-03-19 07:25:00,0.7539656752264237
2024-03-19 07:30:00,0.0
2024-03-19 07:35:00,-1.9055848217340905
2024-03-19 07:40:00,-2.8138382071079886
2024-03-19 07:45:00,0.0
2024-03-19 07:50:00,8.396924558028893
2024-03-19 07:55:00,20.782868634687013
2024-03-19 08:00:00,34.7
2024-03-19 08:05:00,48.21788658961853
2024-03-19 08:10:00,61.51569700169329
2024-03-19 08:15:00,75.3
2024-03-19 08:20:00,90.09078834275626
2024-03-19 08:25:00,105.66175076594725
2024-03-19 08:30:00,121.6
2024-03-19 08:35:00,137.58192300231937
2024-03-19 08:40:00,153.64100363822146
2024-03-19 08:45:00,169.9
2024-03-19 08:50:00,186.43337149981807
2024-03-19 08:55:00,203.1223828293152
2024-03-19 09:00:00,219.8
2024-03-19 09:05:00,236.34014655396396
2024-03-19 09:10:00,252.78057615562906
2024-03-19 09:15:00,269.2
2024-03-19 09:20:00,285.64678302506684
2024-03-19 09:25:00,302.04790514076115
2024-03-19 09:30:00,318.3
2024-03-19 09:35:00,334.33938801243534
2024-03-19 09:40:00,350.2611366146596
2024-03-19 09:45:00,366.2
2024-03-19 09:50:00,382.22899825852505
2024-03-19 09:55:00,398.17421506726726
2024-03-19 10:00:00,413.8
2024-03-19 10:05:00,428.9409152497606
2024-03-19 10:10:00,443.71237348664187
2024-03-19 10:15:00,458.3
2024-03-19 10:20:00,472.8036370387286
2024-03-19 10:25:00,486.9799946898691
2024-03-19 10:30:00,500.5
2024-03-19 10:35:00,513.2112032619917
2024-03-19 10:40:00,525.6676477538817
2024-03-19 10:45:00,538.6
2024-03-19 10:50:00,552.3700684318235
2024-03-19 10:55:00,565.8642291094187
2024-03-19 11:00:00,577.6
2024-03-19 11:05:00,586.719634121826
2024-03-19 11:10:00,594.8643246973323
2024-03-19 11:15:00,604.3
2024-03-19 11:20:00,616.5588024882804
2024-03-19 11:25:00,630.2377313605109
2024-03-19 11:30:00,643.2
2024-03-19 11:35:00,653.8451559250524
2024-03-19 11:40:00,662.7180831939575
2024-03-19 11:45:00,670.9
2024-03-19 11:50:00,679.2272404781766
2024-03-19 11:55:00,687.5566025303265
2024-03-19 12:00:00,695.5
2024-03-19 12:05:00,702.8125488289079
2024-03-19 12:10:00,709.8221733514034
2024-03-19 12:15:00,717.0
2024-03-19 12:20:00,724.5707123543398
2024-03-19 12:25:00,731.7732225825783
2024-03-19 12:30:00,737.6
2024-03-19 12:35:00,741.3823795315109
2024-03-19 12:40:00,743.8071585405055
2024-03-19 12:45:00,745.9
2024-03-19 12:50:00,748.4590287788759
2024-03-19 12:55:00,751.3722173294739
2024-03-19 13:00:00,754.3
2024-03-19 13:05:00,757.0111349826152
2024-03-19 13:10:00,759.7076758453024
2024-03-19 13:15:00,762.7
2024-03-19 13:20:00,766.0964312906635
2024-03-19 13:25:00,769.1970792893164
2024-03-19 13:30:00,771.1
2024-03-19 13:35:00,771.2290657806573
2024-03-19 13:40:00,770.3114144048394
2024-03-19 13:45:00,769.4
2024-03-19 13:50:00,769.1984166978187
2024-03-19 13:55:00,769.0128186468813
2024-03-19 14:00:00,767.8
2024-03-19 14:05:00,764.8328229836231
2024-03-19 14:10:00,760.6484221187461
2024-03-19 14:15:00,756.1
2024-03-19 14:20:00,751.8814024787994
2024-03-19 14:25:00,748.0490484336898
2024-03-19 14:30:00,744.5
2024-03-19 14:35:00,741.071196730809
2024-03-19 14:40:00,737.3590878501984
2024-03-19 14:45:00,732.9
2024-03-19 14:50:00,727.2671439312976
2024-03-19 14:55:00,720.181266832183
2024-03-19 15:00:00,711.4
2024-03-19 15:05:00,700.9639312477041
2024-03-19 15:10:00,690.0454744506987
2024-03-19 15:15:00,680.1
2024-03-19 15:20:00,672.1363903371457
2024-03-19 15:25:00,665.3775761057627
2024-03-19 15:30:00,658.6
2024-03-19 15:35:00,650.8127296259354
2024-03-19 15:40:00,641.9553322373617
2024-03-19 15:45:00,632.2
2024-03-19 15:50:00,621.7460244924459
2024-03-19 15:55:00,610.9010949447908
2024-03-19 16:00:00,600.0
2024-03-19 16:05:00,589.2105798116883
2024-03-19 16:10:00,578.0328805760677
2024-03-19 16:15:00,565.8
2024-03-19 16:20:00,552.1338784830234
2024-03-19 16:25:00,537.8118271953829
2024-03-19 16:30:00,523.9
2024-03-19 16:35:00,511.1168692191812
2024-03-19 16:40:00,498.79018101277137
2024-03-19 16:45:00,485.9
2024-03-19 16:50:00,471.56531130691855
2024-03-19 16:55:00,455.4607820868652
2024-03-19 17:00:00,437.4
2024-03-19 17:05:00,417.59595962721875
2024-03-19 17:10:00,397.8592832323605
2024-03-19 17:15:00,380.4
2024-03-19 17:20:00,366.64714648050267
2024-03-19 17:25:00,354.90578868739635
2024-03-19 17:30:00,342.7
2024-03-19 17:35:00,328.07841741373363
2024-03-19 17:40:00,311.18793238842414
2024-03-19 17:45:00,292.7
2024-03-19 17:50:00,273.4688134941924
2024-03-19 17:55:00,255.07951879594387
2024-03-19 18:00:00,239.3
2024-03-19 18:05:00,227.09818046134876
2024-03-19 18:10:00,216.24214057594844
2024-03-19 18:15:00,203.7
2024-03-19 18:20:00,187.37920540115337
2024-03-19 18:25:00,168.94451149285493
2024-03-19 18:30:00,151.0
2024-03-19 18:35:00,135.54055348959324
2024-03-19 18:40:00,122.12425789707625
2024-03-19 18:45:00,109.7
2024-03-19 18:50:00,97.35487693677
2024-03-19 18:55:00,84.72882728921041
2024-03-19 19:00:00,71.6
2024-03-19 19:05:00,57.925123948511924
2024-03-19 19:10:00,44.3752477608969
2024-03-19 19:15:00,31.8
2024-03-19 19:20:00,20.959442083997086
2024-03-19 19:25:00,12.255366852387153
2024-03-19 19:30:00,6.0
2024-03-19 19:35:00,2.3185891969812245
2024-03-19 19:40:00,0.5884700147396733
2024-03-19 19:45:00,0.0
2024-03-19 19:50:00,-0.144909983033093
2024-03-19 19:55:00,-0.09813580023473234
2024-03-19 20:00:00,0.0
2024-03-19 20:05:00,0.03882851292892496
2024-03-19 20:10:00,0.026295408421478518
2024-03-19 20:15:00,0.0
2024-03-19 20:20:00,-0.010404068682606847
2024-03-19 20:25:00,-0.007045833451181701
2024-03-19 20:30:00,0.0
2024-03-19 20:35:00,0.0027877618015024388
2024-03-19 20:40:00,0.0018879253832483262
2024-03-19 20:45:00,0.0
2024-03-19 20:50:00,-0.0007469785234029101
2024-03-19 20:55:00,-0.0005058680818116068
2024-03-19 21:00:00,0.0
2024-03-19 21:05:00,0.0002001522921092023
2024-03-19 21:10:00,0.00013554694399810127
2024-03-19 21:15:00,0.0
2024-03-19 21:20:00,-5.363064503389892e-05
2024-03-19 21:25:00,-3.6319694180797835e-05
2024-03-19 21:30:00,0.0
2024-03-19 21:35:00,1.4370288026393415e-05
2024-03-19 21:40:00,9.731832725090115e-06
2024-03-19 21:45:00,0.0
2024-03-19 21:50:00,-3.8505070716747496e-06
2024-03-19 21:55:00,-2.607636719562675e-06
2024-03-19 22:00:00,0.0
2024-03-19 22:05:00,1.0317402603055751e-06
2024-03-19 22:10:00,6.987141531605578e-07
2024-03-19 22:15:00,0.0
2024-03-19 22:20:00,-2.7645396954755377e-07
2024-03-19 22:25:00,-1.872198930795655e-07
2024-03-19 22:30:00,0.0
2024-03-19 22:35:00,7.407561788463948e-08
2024-03-19 22:40:00,5.016541915770222e-08
2024-03-19 22:45:00,0.0
2024-03-19 22:50:00,-1.9848501991004286e-08
2024-03-19 22:55:00,-1.3441783551243635e-08
2024-03-19 23:00:00,0.0
2024-03-19 23:05:00,5.318390079377644e-09
2024-03-19 23:10:00,3.6017150472723115e-09
2024-03-19 23:15:00,0.0
2024-03-19 23:20:00,-1.4250583265062909e-09
2024-03-19 23:25:00,-9.650766378456071e-10
2024-03-19 23:30:00,0.0
2024-03-19 23:35:00,3.818432266475195e-10
2024-03-19 23:40:00,2.5859150411011674e-10
2024-03-19 23:45:00,0.0
2024-03-19 23:50:00,-1.0231458008378728e-10
2024-03-19 23:55:00,-6.928937859486062e-11
2024-03-20 00:00:00,0.0
2024-03-20 00:05:00,2.7415093687629665e-11
2024-03-20 00:10:00,1.85660102693255e-11
2024-03-20 00:15:00,0.0
2024-03-20 00:20:00,-7.345794666731379e-12
2024-03-20 00:25:00,-4.974662482441431e-12
2024-03-20 00:30:00,0.0
2024-03-20 00:35:00,1.96808497929585e-12
2024-03-20 00:40:00,1.3326396604402218e-12
2024-03-20 00:45:00,0.0
2024-03-20 00:50:00,-5.265452504520215e-13
2024-03-20 00:55:00,-3.558961593194522e-13
2024-03-20 01:00:00,0.0
2024-03-20 01:05:00,1.380960225122368e-13
2024-03-20 01:10:00,9.09449768375901e-14
2024-03-20 01:15:00,0.0
2024-03-20 01:20:00,-2.583883959692567e-14
2024-03-20 01:25:00,-7.883748030907918e-15
2024-03-20 01:30:00,0.0
2024-03-20 01:35:00,-3.4740664124534107e-14
2024-03-20 01:40:00,-5.940998471395838e-14
2024-03-20 01:45:00,0.0
2024-03-20 01:50:00,1.648014960950621e-13
2024-03-20 01:55:00,2.4552368688674156e-13
2024-03-20 02:00:00,0.0
2024-03-20 02:05:00,-6.244653202557144e-13
2024-03-20 02:10:00,-9.226847628330078e-13
2024-03-20 02:15:00,0.0
2024-03-20 02:20:00,2.3330597849277947e-12
2024-03-20 02:25:00,3.445215364445289e-12
2024-03-20 02:30:00,0.0
2024-03-20 02:35:00,-8.707773819455468e-12
2024-03-20 02:40:00,-1.2858176694948155e-11
2024-03-20 02:45:00,0.0
2024-03-20 02:50:00,3.249803549289407e-11
2024-03-20 02:55:00,4.79874914153473e-11
2024-03-20 03:00:00,0.0
2024-03-20 03:05:00,-1.212843681521208e-10
2024-03-20 03:10:00,-1.790917889664411e-10
2024-03-20 03:15:00,0.0
2024-03-20 03:20:00,4.5263943711558914e-10
2024-03-20 03:25:00,6.68379664450417e-10
2024-03-20 03:30:00,0.0
2024-03-20 03:35:00,-1.6892733803102362e-09
2024-03-20 03:40:00,-2.4944268688352275e-09
2024-03-20 03:45:00,0.0
2024-03-20 03:50:00,6.304454084125356e-09
2024-03-20 03:55:00,9.309327810890492e-09
2024-03-20 04:00:00,0.0
2024-03-20 04:05:00,-2.352854295619119e-08
2024-03-20 04:10:00,-3.4742884374726745e-08
2024-03-20 04:15:00,0.0
2024-03-20 04:20:00,8.780971774063941e-08
2024-03-20 04:25:00,1.2966220968801654e-07
2024-03-20 04:30:00,0.0
2024-03-20 04:35:00,-3.2771032800636644e-07
2024-03-20 04:40:00,-4.839059543773393e-07
2024-03-20 04:45:00,0.0
2024-03-20 04:50:00,1.2230315942848263e-06
2024-03-20 04:55:00,1.8059616078213407e-06
2024-03-20 05:00:00,0.0
2024-03-20 05:05:00,-4.56441604913294e-06
2024-03-20 05:10:00,-6.739940476908027e-06
2024-03-20 05:15:00,0.0
2024-03-20 05:20:00,1.7034632602246933e-05
2024-03-20 05:25:00,2.5153800299810764e-05
2024-03-20 05:30:00,0.0
2024-03-20 05:35:00,-6.357411435985481e-05
2024-03-20 05:40:00,-9.3875260722335e-05
2024-03-20 05:45:00,0.0
2024-03-20 05:50:00,0.00023726182483717228
2024-03-20 05:55:00,0.00035034724258952923
2024-03-20 06:00:00,0.0
2024-03-20 06:05:00,-0.0008854731849888343
2024-03-20 06:10:00,-0.0013075137096357826
2024-03-20 06:15:00,0.0
2024-03-20 06:20:00,0.0033046309151181655
2024-03-20 06:25:00,0.0048797075959536
2024-03-20 06:30:00,0.0
2024-03-20 06:35:00,-0.012333050475483826
2024-03-20 06:40:00,-0.018211316674178617
2024-03-20 06:45:00,0.0
2024-03-20 06:50:00,0.04602757098681716
2024-03-20 06:55:00,0.0679655591007609
2024-03-20 07:00:00,0.0
2024-03-20 07:05:00,-0.17177723347178478
2024-03-20 07:10:00,-0.25365091972886494
2024-03-20 07:15:00,0.0
2024-03-20 07:20:00,0.641081362900322
2024-03-20 07:25:00,0.9466381198146989
2024-03-20 07:30:00,0.0
2024-03-20 07:35:00,-2.3925482181295035
2024-03-20 07:40:00,-3.5329015595299307
2024-03-20 07:45:00,0.0
2024-03-20 07:50:00,10.384667065173248
2024-03-20 07:55:00,24.829412562749468
2024-03-20 08:00:00,39.3
2024-03-20 08:05:00,50.902028105584655
2024-03-20 08:10:00,61.30043649371723
2024-03-20 08:15:00,73.3
2024-03-20 08:20:00,88.91092421619184
2024-03-20 08:25:00,106.9651377586779
2024-03-20 08:30:00,125.5
2024-03-20 08:35:00,143.02834910372206
2024-03-20 08:40:00,159.96493839749704
2024-03-20 08:45:00,177.2
2024-03-20 08:50:00,194.91271640595684
2024-03-20 08:55:00,210.43807161429686
2024-03-20 09:00:00,220.4
2024-03-20 09:05:00,223.39856305022826
2024-03-20 09:10:00,225.93833070087112
2024-03-20 09:15:00,236.5
2024-03-20 09:20:00,260.6411795412783
2024-03-20 09:25:00,292.2271241007372
2024-03-20 09:30:00,322.2
2024-03-20 09:35:00,343.77375582169554
2024-03-20 09:40:00,359.24946919247617
2024-03-20 09:45:00,373.2
2024-03-20 09:50:00,388.98231569045794
2024-03-20 09:55:00,405.0898139441727
2024-03-20 10:00:00,418.8
2024-03-20 10:05:00,428.58957400906525
2024-03-20 10:10:00,437.7320157715735
2024-03-20 10:15:00,450.7
2024-03-20 10:20:00,470.42975864365155
2024-03-20 10:25:00,493.7117525991627
2024-03-20 10:30:00,515.8
2024-03-20 10:35:00,533.1173173422544
2024-03-20 10:40:00,546.7617145725161
2024-03-20 10:45:00,559.0
2024-03-20 10:50:00,571.5417127280714
2024-03-20 10:55:00,583.8673150366984
2024-03-20 11:00:00,594.9
2024-03-20 11:05:00,604.0084243380527
2024-03-20 11:10:00,612.3430993547641
2024-03-20 11:15:00,621.5
2024-03-20 11:20:00,632.6505158456439
2024-03-20 11:25:00,645.2676949516525
2024-03-20 11:30:00,658.4
2024-03-20 11:35:00,671.2376604275197
2024-03-20 11:40:00,683.5379726904779
2024-03-20 11:45:00,695.2
2024-03-20 11:50:00,705.9914350368703
2024-03-20 11:55:00,715.15448836051
2024-03-20 12:00:00,721.8
2024-03-20 12:05:00,725.6077105361105
2024-03-20 12:10:00,728.5329627563709
2024-03-20 12:15:00,733.1
2024-03-20 12:20:00,741.0480931890579
2024-03-20 12:25:00,750.9766235769694
2024-03-20 12:30:00,760.7
2024-03-20 12:35:00,768.4517685595097
2024-03-20 12:40:00,774.1420244172334
2024-03-20 12:45:00,778.1
2024-03-20 12:50:00,780.7114992395701
2024-03-20 12:55:00,782.5886120874304
2024-03-20 13:00:00,784.4
2024-03-20 13:05:00,786.6911233710989
2024-03-20 13:10:00,789.5146383441556
2024-03-20 13:15:00,792.8
2024-03-20 13:20:00,796.3425257945524
2024-03-20 13:25:00,799.4009826840951
2024-03-20 13:30:00,801.1
2024-03-20 13:35:00,800.9387734506909
2024-03-20 13:40:00,799.9147642527971
2024-03-20 13:45:00,799.4
2024-03-20 13:50:00,800.1394174397212
2024-03-20 13:55:00,800.3695899343459
2024-03-20 14:00:00,797.7
2024-03-20 14:05:00,790.7628160496838
2024-03-20 14:10:00,782.2809500838936
2024-03-20 14:15:00,776.0
2024-03-20 14:20:00,774.4241331763587
2024-03-20 14:25:00,775.091794915265
2024-03-20 14:30:00,774.3
2024-03-20 14:35:00,769.3295401337705
2024-03-20 14:40:00,761.3963146994904
2024-03-20 14:45:00,752.7
2024-03-20 14:50:00,744.9651136959668
2024-03-20 14:55:00,738.0155388793661
2024-03-20 15:00:00,731.2
2024-03-20 15:05:00,724.039634711992
2024-03-20 15:10:00,716.7452334867493
2024-03-20 15:15:00,709.7
2024-03-20 15:20:00,703.0726437523616
2024-03-20 15:25:00,696.1738975440074
2024-03-20 15:30:00,688.1
2024-03-20 15:35:00,678.2438643526357
2024-03-20 15:40:00,667.1851022631469
2024-03-20 15:45:00,655.8
2024-03-20 15:50:00,644.7444914296882
2024-03-20 15:55:00,633.7931008108122
2024-03-20 16:00:00,622.5
2024-03-20 16:05:00,610.5744662249078
2024-03-20 16:10:00,598.3461981973076
2024-03-20 16:15:00,586.3
2024-03-20 16:20:00,574.5946807077174
2024-03-20 16:25:00,562.0850693629201
2024-03-20 16:30:00,547.3
2024-03-20 16:35:00,529.9097739071851
2024-03-20 16:40:00,514.1505613880489
2024-03-20 16:45:00,505.4
2024-03-20 16:50:00,504.86992736724505
2024-03-20 16:55:00,497.10898138118046
2024-03-20 17:00:00,462.5
2024-03-20 17:05:00,391.2179240312418
2024-03-20 17:10:00,312.60610567982167
2024-03-20 17:15:00,265.8
2024-03-20 17:20:00,276.9546728040841
2024-03-20 17:25:00,320.30363293656984
2024-03-20 17:30:00,357.1
2024-03-20 17:35:00,358.53005141908847
2024-03-20 17:40:00,335.51269590723246
2024-03-20 17:45:00,308.9
2024-03-20 17:50:00,293.72882522326574
2024-03-20 17:55:00,281.7752130641302
2024-03-20 18:00:00,259.0
2024-03-20 18:05:00,216.97686991007066
2024-03-20 18:10:00,169.7308962806914
2024-03-20 18:15:00,136.9
2024-03-20 18:20:00,131.59332476608128
2024-03-20 18:25:00,140.804905516808
2024-03-20 18:30:00,145.0
2024-03-20 18:35:00,130.1016828774561
2024-03-20 18:40:00,103.86429646689142
2024-03-20 18:45:00,79.5
2024-03-20 18:50:00,66.57401779816837
2024-03-20 18:55:00,60.063834541552325
2024-03-20 19:00:00,51.3
2024-03-20 19:05:00,34.42446815209263
2024-03-20 19:10:00,14.824809811343767
2024-03-20 19:15:00,0.7
2024-03-20 19:20:00,-2.2200385546870653
2024-03-20 19:25:00,1.9184076945540944
2024-03-20 19:30:00,6.5
2024-03-20 19:35:00,6.5112416222111875
2024-03-20 19:40:00,3.3460038548843007
2024-03-20 19:45:00,0.0
2024-03-20 19:50:00,-1.2286316378613868
2024-03-20 19:55:00,-0.8320527437209198
2024-03-20 20:00:00,0.0
2024-03-20 20:05:00,0.3292108551602862
2024-03-20 20:10:00,0.22294786074012024
2024-03-20 20:15:00,0.0
2024-03-20 20:20:00,-0.088211782779758
2024-03-20 20:25:00,-0.05973869923956163
2024-03-20 20:30:00,0.0
2024-03-20 20:35:00,0.023636275958745772
2024-03-20 20:40:00,0.016006936218126273
2024-03-20 20:45:00,0.0
2024-03-20 20:50:00,-0.00633332105522509
2024-03-20 20:55:00,-0.004289045632943425
2024-03-20 21:00:00,0.0
2024-03-20 21:05:00,0.0016970082621545887
2024-03-20 21:10:00,0.0011492463136474236
2024-03-20 21:15:00,0.0
2024-03-20 21:20:00,-0.0004547119933932649
2024-03-20 21:25:00,-0.0003079396216462719
2024-03-20 21:30:00,0.0
2024-03-20 21:35:00,0.00012183971141847133
2024-03-20 21:40:00,8.251217293766403e-05
2024-03-20 21:45:00,0.0
2024-03-20 21:50:00,-3.264685228062044e-05
2024-03-20 21:55:00,-2.2109070104384213e-05
2024-03-20 22:00:00,0.0
2024-03-20 22:05:00,8.7476977040104e-06
2024-03-20 22:10:00,5.924107479872822e-06
2024-03-20 22:15:00,0.0
2024-03-20 22:20:00,-2.3439385354211713e-06
2024-03-20 22:25:00,-1.5873598151070936e-06
2024-03-20 22:30:00,0.0
2024-03-20 22:35:00,6.280564376742862e-07
2024-03-20 22:40:00,4.2533178055555436e-07
2024-03-20 22:45:00,0.0
2024-03-20 22:50:00,-1.682872152759732e-07
2024-03-20 22:55:00,-1.1396730711512354e-07
2024-03-20 23:00:00,0.0
2024-03-20 23:05:00,4.509242342960655e-08
2024-03-20 23:10:00,3.053744790493936e-08
2024-03-20 23:15:00,0.0
2024-03-20 23:20:00,-1.2082478442452999e-08
2024-03-20 23:25:00,-8.182484504633876e-09
2024-03-20 23:30:00,0.0
2024-03-20 23:35:00,3.2374903402054477e-09
2024-03-20 23:40:00,2.1924901135961508e-09
2024-03-20 23:45:00,0.0
2024-03-20 23:50:00,-8.674829183687917e-10
2024-03-20 23:55:00,-5.874759497507302e-10
2024-03-21 00:00:00,0.0
2024-03-21 00:05:00,2.3244133326971856e-10
2024-03-21 00:10:00,1.5741368540676902e-10
2024-03-21 00:15:00,0.0
2024-03-21 00:20:00,-6.228241471008268e-11
2024-03-21 00:25:00,-4.217879187634596e-11
2024-03-21 00:30:00,0.0
2024-03-21 00:35:00,1.668832557061218e-11
2024-03-21 00:40:00,1.130148209861505e-11
2024-03-21 00:45:00,0.0
2024-03-21 00:50:00,-4.470887572366046e-12
2024-03-21 00:55:00,-3.0271365181141846e-12
2024-03-21 01:00:00,0.0
2024-03-21 01:05:00,1.1952247188520018e-12
2024-03-21 01:10:00,8.070639738416847e-13
2024-03-21 01:15:00,0.0
2024-03-21 01:20:00,-3.100113030419621e-13
2024-03-21 01:25:00,-2.0111937725255654e-13
2024-03-21 01:30:00,0.0
2024-03-21 01:35:00,4.482049331584646e-14
2024-03-21 01:40:00,-2.5864648314582304e-15
2024-03-21 01:45:00,0.0
2024-03-21 01:50:00,1.3072932977857626e-13
2024-03-21 01:55:00,2.1146523657838957e-13
2024-03-21 02:00:00,0.0
2024-03-21 02:05:00,-5.677378124301516e-13
2024-03-21 02:10:00,-8.432744814821e-13
2024-03-21 02:15:00,0.0
2024-03-21 02:20:00,2.14022191994203e-12
2024-03-21 02:25:00,3.1616326893500117e-12
2024-03-21 02:30:00,0.0
2024-03-21 02:35:00,-7.993149867337968e-12
2024-03-21 02:40:00,-1.1803256275917945e-11
2024-03-21 02:45:00,0.0
2024-03-21 02:50:00,2.983237754940985e-11
2024-03-21 02:55:00,4.4051392414321774e-11
2024-03-21 03:00:00,0.0
2024-03-21 03:05:00,-1.1133636033030142e-10
2024-03-21 03:10:00,-1.6440231338136912e-10
2024-03-21 03:15:00,0.0
2024-03-21 03:20:00,4.155130637717958e-10
2024-03-21 03:25:00,6.135578611111547e-10
2024-03-21 03:30:00,0.0
2024-03-21 03:35:00,-1.550715894756882e-09
2024-03-21 03:40:00,-2.2898291310632495e-09
2024-03-21 03:45:00,0.0
2024-03-21 03:50:00,5.787350515255732e-09
2024-03-21 03:55:00,8.545758663141843e-09
2024-03-21 04:00:00,0.0
2024-03-21 04:05:00,-2.159868616626605e-08
2024-03-21 04:10:00,-3.189320552150414e-08
2024-03-21 04:15:00,0.0
2024-03-21 04:20:00,8.060739414980847e-08
2024-03-21 04:25:00,1.1902706342287468e-07
2024-03-21 04:30:00,0.0
2024-03-21 04:35:00,-3.0083089043296785e-07
2024-03-21 04:40:00,-4.442150481699946e-07
2024-03-21 04:45:00,0.0
2024-03-21 04:50:00,1.122716167582063e-06
2024-03-21 04:55:00,1.6578331292571044e-06
2024-03-21 05:00:00,0.0
2024-03-21 05:05:00,-4.1900337798952845e-06
2024-03-21 05:10:00,-6.187117468858422e-06
2024-03-21 05:15:00,0.0
2024-03-21 05:20:00,1.5637418951999076e-05
2024-03-21 05:25:00,2.309063674617659e-05
2024-03-21 05:30:00,0.0
2024-03-21 05:35:00,-5.835964202810101e-05
2024-03-21 05:40:00,-8.617542951584794e-05
2024-03-21 05:45:00,0.0
2024-03-21 05:50:00,0.000217801149160405
2024-03-21 05:55:00,0.00032161108131721514
2024-03-21 06:00:00,0.0
2024-03-21 06:05:00,-0.0008128449546135192
2024-03-21 06:10:00,-0.0012002688957530132
2024-03-21 06:15:00,0.0
2024-03-21 06:20:00,0.0030335786692936703
2024-03-21 06:25:00,0.004479464501694834
2024-03-21 06:30:00,0.0
2024-03-21 06:35:00,-0.011321469722561164
2024-03-21 06:40:00,-0.016717589111026332
2024-03-21 06:45:00,0.0
2024-03-21 06:50:00,0.04225230022095099
2024-03-21 06:55:00,0.06239089194241049
2024-03-21 07:00:00,0.0
2024-03-21 07:05:00,-0.15768773116124285
2024-03-21 07:10:00,-0.23284597865861573
2024-03-21 07:15:00,0.0
2024-03-21 07:20:00,0.5884986244240202
2024-03-21 07:25:00,0.8689930226920519
2024-03-21 07:30:00,0.0
2024-03-21 07:35:00,-2.1963067665348386
2024-03-21 07:40:00,-3.243126112109594
2024-03-21 07:45:00,0.0
2024-03-21 07:50:00,8.955987700974594
2024-03-21 07:55:00,18.177585499820392
2024-03-21 08:00:00,20.5
2024-03-21 08:05:00,12.198281888562391
2024-03-21 08:10:00,3.3068581869020885
2024-03-21 08:15:00,7.3
2024-03-21 08:20:00,33.2027365966277
2024-03-21 08:25:00,72.24312990071941
2024-03-21 08:30:00,111.2
2024-03-21 08:35:00,139.3685495027046
2024-03-21 08:40:00,156.1095110991092
2024-03-21 08:45:00,163.3
2024-03-21 08:50:00,162.03417650366504
2024-03-21 08:55:00,150.2743812583994
2024-03-21 09:00:00,125.2
2024-03-21 09:05:00,88.84659633448709
2024-03-21 09:10:00,62.67444534877465
2024-03-21 09:15:00,73.0
2024-03-21 09:20:00,134.07203075097917
2024-03-21 09:25:00,211.86857808724272
2024-03-21 09:30:00,260.3
2024-03-21 09:35:00,247.39120658752222
2024-03-21 09:40:00,197.6253163763285
2024-03-21 09:45:00,149.6
2024-03-21 09:50:00,133.5372169730062
2024-03-21 09:55:00,146.15608233336934
2024-03-21 10:00:00,175.8
2024-03-21 10:05:00,211.6377032982309
2024-03-21 10:10:00,246.13924317908317
2024-03-21 10:15:00,272.6
2024-03-21 10:20:00,286.4008587229592
2024-03-21 10:25:00,291.26472272807587
2024-03-21 10:30:00,293.0
2024-03-21 10:35:00,295.45515810622874
2024-03-21 10:40:00,294.6389029456502
2024-03-21 10:45:00,284.6
2024-03-21 10:50:00,264.94517551879255
2024-03-21 10:55:00,257.51299882265675
2024-03-21 11:00:00,289.7
2024-03-21 11:05:00,374.94562130008256
2024-03-21 11:10:00,470.8609536155749
2024-03-21 11:15:00,521.1
2024-03-21 11:20:00,487.17233928087734
2024-03-21 11:25:00,402.0098533817106
2024-03-21 11:30:00,316.4
2024-03-21 11:35:00,270.0502067615935
2024-03-21 11:40:00,258.34778100573084
2024-03-21 11:45:00,265.6
2024-03-21 11:50:00,276.50831515423044
2024-03-21 11:55:00,277.35087444721796
2024-03-21 12:00:00,254.8
2024-03-21 12:05:00,203.56838447333672
2024-03-21 12:10:00,150.5302026868789
2024-03-21 12:15:00,130.6
2024-03-21 12:20:00,167.19222102649678
2024-03-21 12:25:00,237.72090739785907
2024-03-21 12:30:00,308.1
2024-03-21 12:35:00,350.7331017910466
2024-03-21 12:40:00,363.98246401798116
2024-03-21 12:45:00,352.7
2024-03-21 12:50:00,321.4050014389467
2024-03-21 12:55:00,273.28627356725355
2024-03-21 13:00:00,211.2
2024-03-21 13:05:00,143.58392949020347
2024-03-21 13:10:00,101.20207134263416
2024-03-21 13:15:00,120.4
2024-03-21 13:20:00,222.70002134097996
2024-03-21 13:25:00,370.33136698813576
2024-03-21 13:30:00,510.7
2024-03-21 13:35:00,602.586355516247
2024-03-21 13:40:00,650.268757001119
2024-03-21 13:45:00,669.4
2024-03-21 13:50:00,669.5730751125504
2024-03-21 13:55:00,636.1417531555364
2024-03-21 14:00:00,548.4
2024-03-21 14:05:00,401.45097366318066
2024-03-21 14:10:00,253.63460074710582
2024-03-21 14:15:00,179.1
2024-03-21 14:20:00,225.33784504954167
2024-03-21 14:25:00,333.20502904122543
2024-03-21 14:30:00,416.9
2024-03-21 14:35:00,414.0346831756897
2024-03-21 14:40:00,355.8749127176219
2024-03-21 14:45:00,297.1
2024-03-21 14:50:00,276.9493481736255
2024-03-21 14:55:00,272.90272749569414
2024-03-21 15:00:00,247.0
2024-03-21 15:05:00,174.65681301869722
2024-03-21 15:10:00,84.79195507737946
2024-03-21 15:15:00,19.7
2024-03-21 15:20:00,9.556733084918843
2024-03-21 15:25:00,36.06278552812151
2024-03-21 15:30:00,68.8
2024-03-21 15:35:00,84.67551390088666
2024-03-21 15:40:00,89.89764355087526
2024-03-21 15:45:00,98.0
2024-03-21 15:50:00,117.69306316338637
2024-03-21 15:55:00,138.39478841652556
2024-03-21 16:00:00,144.7
2024-03-21 16:05:00,128.4485297418641
2024-03-21 16:10:00,110.4602398200596
2024-03-21 16:15:00,118.8
2024-03-21 16:20:00,171.82392898026828
2024-03-21 16:25:00,249.05314119212497
2024-03-21 16:30:00,320.3
2024-03-21 16:35:00,361.81871730002575
2024-03-21 16:40:00,375.6308991151442
2024-03-21 16:45:00,370.2
2024-03-21 16:50:00,353.7086092270362
2024-03-21 16:55:00,333.2158549398907
2024-03-21 17:00:00,315.5
2024-03-21 17:05:00,306.2579569029405
2024-03-21 17:10:00,306.8612366808485
2024-03-21 17:15:00,317.6
2024-03-21 17:20:00,336.61141501305354
2024-03-21 17:25:00,353.4206798181969
2024-03-21 17:30:00,355.4
2024-03-21 17:35:00,334.38897563743774
2024-03-21 17:40:00,300.09678478710464
2024-03-21 17:45:00,266.7
2024-03-21 17:50:00,243.52897873349178
2024-03-21 17:55:00,220.5292180704217
2024-03-21 18:00:00,182.8
2024-03-21 18:05:00,122.78029461378031
2024-03-21 18:10:00,62.26782441269003
2024-03-21 18:15:00,30.4
2024-03-21 18:20:00,46.18317614472034
2024-03-21 18:25:00,88.09948427881818
2024-03-21 18:30:00,124.5
2024-03-21 18:35:00,131.49811191844947
2024-03-21 18:40:00,116.2564606942594
2024-03-21 18:45:00,93.7
2024-03-21 18:50:00,75.70585766296331
2024-03-21 18:55:00,61.95985812932934
2024-03-21 19:00:00,49.1
2024-03-21 19:05:00,34.86364261488247
2024-03-21 19:10:00,21.385588269904737
2024-03-21 19:15:00,11.9
2024-03-21 19:20:00,8.506238544173462
2024-03-21 19:25:00,8.764455457718373
2024-03-21 19:30:00,9.1
2024-03-21 19:35:00,6.870662467682939
2024-03-21 19:40:00,3.1639973066291667
2024-03-21 19:45:00,0.0
2024-03-21 19:50:00,-1.1185180445348482
2024-03-21 19:55:00,-0.7574817212720797
2024-03-21 20:00:00,0.0
2024-03-21 20:05:00,0.29970600675275116
2024-03-21 20:10:00,0.20296661549619088
2024-03-21 20:15:00,0.0
2024-03-21 20:20:00,-0.08030598247615627
2024-03-21 20:25:00,-0.05438474071268248
2024-03-21 20:30:00,0.0
2024-03-21 20:35:00,0.02151792315187396
2024-03-21 20:40:00,0.014572347354539265
2024-03-21 20:45:00,0.0
2024-03-21 20:50:00,-0.005765710131339585
2024-03-21 20:55:00,-0.0039046487054746
2024-03-21 21:00:00,0.0
2024-03-21 21:05:00,0.0015449173734843845
2024-03-21 21:10:00,0.001046247467359149
2024-03-21 21:15:00,0.0
2024-03-21 21:20:00,-0.0004139593625979519
2024-03-21 21:25:00,-0.00028034116396199115
2024-03-21 21:30:00,0.0
2024-03-21 21:35:00,0.00011092007690742357
2024-03-21 21:40:00,7.511718848881666e-05
2024-03-21 21:45:00,0.0
2024-03-21 21:50:00,-2.9720945031742165e-05
2024-03-21 21:55:00,-2.0127589993274836e-05
2024-03-21 22:00:00,0.0
2024-03-21 22:05:00,7.963703219545102e-06
2024-03-21 22:10:00,5.393171484282739e-06
2024-03-21 22:15:00,0.0
2024-03-21 22:20:00,-2.1338678464382397e-06
2024-03-21 22:25:00,-1.4450959438561141e-06
2024-03-21 22:30:00,0.0
2024-03-21 22:35:00,5.717681662078612e-07
2024-03-21 22:40:00,3.8721229114173115e-07
2024-03-21 22:45:00,0.0
2024-03-21 22:50:00,-1.532048183932042e-07
2024-03-21 22:55:00,-1.0375322071080781e-07
2024-03-21 23:00:00,0.0
2024-03-21 23:05:00,4.1051107364955804e-08
2024-03-21 23:10:00,2.7800591701500276e-08
2024-03-21 23:15:00,0.0
2024-03-21 23:20:00,-1.0999611066618978e-08
2024-03-21 23:25:00,-7.4491460951932465e-09
2024-03-21 23:30:00,0.0
2024-03-21 23:35:00,2.9473369015201207e-09
2024-03-21 23:40:00,1.9959926792727294e-09
2024-03-21 23:45:00,0.0
2024-03-21 23:50:00,-7.897365394615028e-10
2024-03-21 23:55:00,-5.348246218976689e-10
2024-03-22 00:00:00,0.0
2024-03-22 00:05:00,2.116092563258907e-10
2024-03-22 00:10:00,1.4330580831794652e-10
2024-03-22 00:15:00,0.0
2024-03-22 00:20:00,-5.6700485842060155e-11
2024-03-22 00:25:00,-3.8398611374117775e-11
2024-03-22 00:30:00,0.0
2024-03-22 00:35:00,1.519268704234991e-11
2024-03-22 00:40:00,1.0288637178524452e-11
2024-03-22 00:45:00,0.0
2024-03-22 00:50:00,-4.070262327339489e-12
2024-03-22 00:55:00,-2.755937339980005e-12
2024-03-22 01:00:00,0.0
2024-03-22 01:05:00,1.0883622670080414e-12
2024-03-22 01:10:00,7.35112181395567e-13
2024-03-22 01:15:00,0.0
2024-03-22 01:20:00,-2.831867406926771e-13
2024-03-22 01:25:00,-1.8451138560226302e-13
2024-03-22 01:30:00,0.0
2024-03-22 01:35:00,4.438469576266734e-14
2024-03-22 01:40:00,2.9333610134857987e-15
2024-03-22 01:45:00,0.0
2024-03-22 01:50:00,1.0564795764200774e-13
2024-03-22 01:55:00,1.7277794154831973e-13
2024-03-22 02:00:00,0.0
2024-03-22 02:05:00,-4.669765263306984e-13
2024-03-22 02:10:00,-6.940451272067651e-13
2024-03-22 02:15:00,0.0
2024-03-22 02:20:00,1.7622581476807862e-12
2024-03-22 02:25:00,2.6034025672787414e-12
2024-03-22 02:30:00,0.0
2024-03-22 02:35:00,-6.582056064392447e-12
2024-03-22 02:40:00,-9.719565141908197e-12
2024-03-22 02:45:00,0.0
2024-03-22 02:50:00,2.4565966109889002e-11
2024-03-22 02:55:00,3.6274858000354054e-11
2024-03-22 03:00:00,0.0
2024-03-22 03:05:00,-9.168180837516358e-11
2024-03-22 03:10:00,-1.3537986685950798e-10
2024-03-22 03:15:00,0.0
2024-03-22 03:20:00,3.4216126739076526e-10
2024-03-22 03:25:00,5.052446094376779e-10
2024-03-22 03:30:00,0.0
2024-03-22 03:35:00,-1.2769632611878977e-09
2024-03-22 03:40:00,-1.8855985708912042e-09
2024-03-22 03:45:00,0.0
2024-03-22 03:50:00,4.765691777360826e-09
2024-03-22 03:55:00,7.0371496741271406e-09
2024-03-22 04:00:00,0.0
2024-03-22 04:05:00,-1.7785803848255402e-08
2024-03-22 04:10:00,-2.626300012561735e-08
2024-03-22 04:15:00,0.0
2024-03-22 04:20:00,6.637752361566079e-08
2024-03-22 04:25:00,9.801485082834227e-08
2024-03-22 04:30:00,0.0
2024-03-22 04:35:00,-2.4772429061438777e-07
2024-03-22 04:40:00,-3.657964031877519e-07
2024-03-22 04:45:00,0.0
2024-03-22 04:50:00,9.245196388418906e-07
2024-03-22 04:55:00,1.3651707619226656e-06
2024-03-22 05:00:00,0.0
2024-03-22 05:05:00,-3.4503542647531746e-06
2024-03-22 05:10:00,-5.09488664450291e-06
2024-03-22 05:15:00,0.0
2024-03-22 05:20:00,1.287689742017081e-05
2024-03-22 05:25:00,1.901437581608897e-05
2024-03-22 05:30:00,0.0
2024-03-22 05:35:00,-4.805723541593007e-05
2024-03-22 05:40:00,-7.096261661985299e-05
2024-03-22 05:45:00,0.0
2024-03-22 05:50:00,0.0001793520442435495
2024-03-22 05:55:00,0.00026483609066332305
2024-03-22 06:00:00,0.0
2024-03-22 06:05:00,-0.0006693509415582679
2024-03-22 06:10:00,-0.000988381746033439
2024-03-22 06:15:00,0.0
2024-03-22 06:20:00,0.002498051721989522
2024-03-22 06:25:00,0.0036886908934704336
2024-03-22 06:30:00,0.0
2024-03-22 06:35:00,-0.009322855946399821
2024-03-22 06:40:00,-0.013766381827848291
2024-03-22 06:45:00,0.0
2024-03-22 06:50:00,0.03479337206360976
2024-03-22 06:55:00,0.05137683641792275
2024-03-22 07:00:00,0.0
2024-03-22 07:05:00,-0.12985063230803923
2024-03-22 07:10:00,-0.19174096384384265
2024-03-22 07:15:00,0.0
2024-03-22 07:20:00,0.4846091571685472
2024-03-22 07:25:00,0.7155870189574481
2024-03-22 07:30:00,0.0
2024-03-22 07:35:00,-1.8085859963661497
2024-03-22 07:40:00,-2.6706071119859502
2024-03-22 07:45:00,0.0
2024-03-22 07:50:00,7.638623717184941
2024-03-22 07:55:00,17.077952540097463
2024-03-22 08:00:00,24.0
2024-03-22 08:05:00,25.654091127626387
2024-03-22 08:10:00,25.558796951596094
2024-03-22 08:15:00,28.8
2024-03-22 08:20:00,38.73390066119841
2024-03-22 08:25:00,51.797970764629284
2024-03-22 08:30:00,62.7
2024-03-22 08:35:00,68.25475067202444
2024-03-22 08:40:00,73.70487554544233
2024-03-22 08:45:00,86.4
2024-03-22 08:50:00,109.69894850255577
2024-03-22 08:55:00,130.9973418684162
2024-03-22 09:00:00,133.7
2024-03-22 09:05:00,108.86056642886365
2024-03-22 09:10:00,78.12797920311507
2024-03-22 09:15:00,70.8
2024-03-22 09:20:00,106.36989689310073
2024-03-22 09:25:00,165.11296354134572
2024-03-22 09:30:00,217.5
2024-03-22 09:35:00,242.10429044317786
2024-03-22 09:40:00,249.90905552039092
2024-03-22 09:45:00,260.0
2024-03-22 09:50:00,286.2647931860397
2024-03-22 09:55:00,321.79896252523884
2024-03-22 10:00:00,354.5
2024-03-22 10:05:00,375.5957960719228
2024-03-22 10:10:00,389.6358351193945
2024-03-22 10:15:00,404.5
2024-03-22 10:20:00,425.6186891929361
2024-03-22 10:25:00,448.62436366384964
2024-03-22 10:30:00,466.7
2024-03-22 10:35:00,475.792410119296
2024-03-22 10:40:00,482.90374726224405
2024-03-22 10:45:00,497.8
2024-03-22 10:50:00,524.5450036632134
2024-03-22 10:55:00,544.3939806205077
2024-03-22 11:00:00,532.9
2024-03-22 11:05:00,477.57942707970244
2024-03-22 11:10:00,413.80181173720683
2024-03-22 11:15:00,388.9
2024-03-22 11:20:00,435.03728801797666
2024-03-22 11:25:00,523.6987724306648
2024-03-22 11:30:00,611.2
2024-03-22 11:35:00,661.5269764039463
2024-03-22 11:40:00,669.3475429845786
2024-03-22 11:45:00,637.0
2024-03-22 11:50:00,570.8955471069792
2024-03-22 11:55:00,493.736981556947
2024-03-22 12:00:00,432.3
2024-03-22 12:05:00,408.8389833162852
2024-03-22 12:10:00,427.52304930615185
2024-03-22 12:15:00,488.0
2024-03-22 12:20:00,583.274445553806
2024-03-22 12:25:00,679.7782286258529
2024-03-22 12:30:00,737.3
2024-03-22 12:35:00,730.8632344684908
2024-03-22 12:40:00,696.4307028571034
2024-03-22 12:45:00,685.2
2024-03-22 12:50:00,727.6800239796387
2024-03-22 12:55:00,771.6248858716598
2024-03-22 13:00:00,744.1
2024-03-22 13:05:00,603.9425955388807
2024-03-22 13:10:00,437.0771610636649
2024-03-22 13:15:00,361.2
2024-03-22 13:20:00,453.06070497594925
2024-03-22 13:25:00,625.6220254292364
2024-03-22 13:30:00,750.9
2024-03-22 13:35:00,740.0331030758405
2024-03-22 13:40:00,660.6495520342046
2024-03-22 13:45:00,619.5
2024-03-22 13:50:00,685.7328086466142
2024-03-22 13:55:00,778.0871738413528
2024-03-22 14:00:00,777.7
2024-03-22 14:05:00,611.5282549302949
2024-03-22 14:10:00,389.8091600077921
2024-03-22 14:15:00,268.6
2024-03-22 14:20:00,354.91713459516933
2024-03-22 14:25:00,559.6132231645165
2024-03-22 14:30:00,744.5
2024-03-22 14:35:00,806.3698733556947
2024-03-22 14:40:00,781.937947334142
2024-03-22 14:45:00,742.9
2024-03-22 14:50:00,741.1848534635334
2024-03-22 14:55:00,749.6535060174339
2024-03-22 15:00:00,721.4
2024-03-22 15:05:00,628.6314535309124
2024-03-22 15:10:00,520.0072878553815
2024-03-22 15:15:00,463.3
2024-03-22 15:20:00,504.27451759800226
2024-03-22 15:25:00,600.6654907091885
2024-03-22 15:30:00,688.2
2024-03-22 15:35:00,717.4926982993009
2024-03-22 15:40:00,698.7085270856428
2024-03-22 15:45:00,656.9
2024-03-22 15:50:00,610.6509855010908
2024-03-22 15:55:00,552.670771318611
2024-03-22 16:00:00,469.2
2024-03-22 16:05:00,357.25521154818756
2024-03-22 16:10:00,256.9565357880616
2024-03-22 16:15:00,219.2
2024-03-22 16:20:00,275.9355757135664
2024-03-22 16:25:00,383.32901145506844
2024-03-22 16:30:00,478.6
2024-03-22 16:35:00,514.576559671621
2024-03-22 16:40:00,506.52001098425706
2024-03-22 16:45:00,485.3
2024-03-22 16:50:00,474.339667081431
2024-03-22 16:55:00,467.2761297930884
2024-03-22 17:00:00,450.3
2024-03-22 17:05:00,415.0647720026551
2024-03-22 17:10:00,375.0754698433893
2024-03-22 17:15:00,349.3
2024-03-22 17:20:00,350.3901337968377
2024-03-22 17:25:00,365.73310194446555
2024-03-22 17:30:00,376.4
2024-03-22 17:35:00,368.4006187359201
2024-03-22 17:40:00,347.49952978615585
2024-03-22 17:45:00,324.4
2024-03-22 17:50:00,307.0814653335559
2024-03-22 17:55:00,292.6280381701702
2024-03-22 18:00:00,275.4
2024-03-22 18:05:00,251.81796437430052
2024-03-22 18:10:00,226.5438730887188
2024-03-22 18:15:00,206.3
2024-03-22 18:20:00,195.60593642850128
2024-03-22 18:25:00,190.1705435490286
2024-03-22 18:30:00,183.5
2024-03-22 18:35:00,170.7360676894722
2024-03-22 18:40:00,153.5628416040558
2024-03-22 18:45:00,135.3
2024-03-22 18:50:00,118.58312614694331
2024-03-22 18:55:00,103.31142336808156
2024-03-22 19:00:00,88.7
2024-03-22 19:05:00,74.15364994497683
2024-03-22 19:10:00,59.83590936806241
2024-03-22 19:15:00,46.1
2024-03-22 19:20:00,33.339311110186344
2024-03-22 19:25:00,22.10790212263177
2024-03-22 19:30:00,13.0
2024-03-22 19:35:00,6.448364873537033
2024-03-22 19:40:00,2.239889548817924
2024-03-22 19:45:00,0.0
2024-03-22 19:50:00,-0.6957335672974382
2024-03-22 19:55:00,-0.47116402160717086
2024-03-22 20:00:00,0.0
2024-03-22 20:05:00,0.1864212475045727
2024-03-22 20:10:00,0.1262480190922415
2024-03-22 20:15:00,0.0
2024-03-22 20:20:00,-0.04995142272085272
2024-03-22 20:25:00,-0.03382805476179512
2024-03-22 20:30:00,0.0
2024-03-22 20:35:00,0.013384443378838116
2024-03-22 20:40:00,0.009064199954938786
2024-03-22 20:45:00,0.0
2024-03-22 20:50:00,-0.0035863507944997614
2024-03-22 20:55:00,-0.0024287450579600694
2024-03-22 21:00:00,0.0
2024-03-22 21:05:00,0.0009609597991609262
2024-03-22 21:10:00,0.0006507802769014806
2024-03-22 21:15:00,0.0
2024-03-22 21:20:00,-0.00025748840214394396
2024-03-22 21:25:00,-0.00017437604964585395
2024-03-22 21:30:00,0.0
2024-03-22 21:35:00,6.899380941484995e-05
2024-03-22 21:40:00,4.672392168193594e-05
2024-03-22 21:45:00,0.0
2024-03-22 21:50:00,-1.848683551545584e-05
2024-03-22 21:55:00,-1.2519637081889772e-05
2024-03-22 22:00:00,0.0
2024-03-22 22:05:00,4.953532646973388e-06
2024-03-22 22:10:00,3.354626645623097e-06
2024-03-22 22:15:00,0.0
2024-03-22 22:20:00,-1.3272950724377186e-06
2024-03-22 22:25:00,-8.988695006026314e-07
2024-03-22 22:30:00,0.0
2024-03-22 22:35:00,3.5564764277748604e-07
2024-03-22 22:40:00,2.4085135678742807e-07
2024-03-22 22:45:00,0.0
2024-03-22 22:50:00,-9.529549867222558e-08
2024-03-22 22:55:00,-6.453592654708104e-08
2024-03-22 23:00:00,0.0
2024-03-22 23:05:00,2.553435191141629e-08
2024-03-22 23:10:00,1.729234940089609e-08
2024-03-22 23:15:00,0.0
2024-03-22 23:20:00,-6.841908973439581e-09
2024-03-22 23:25:00,-4.633471056503292e-09
2024-03-22 23:30:00,0.0
2024-03-22 23:35:00,1.8332839823420362e-09
2024-03-22 23:40:00,1.2415348251170753e-09
2024-03-22 23:45:00,0.0
2024-03-22 23:50:00,-4.912269559285636e-10
2024-03-22 23:55:00,-3.326682439650129e-10
2024-03-23 00:00:00,0.0
2024-03-23 00:05:00,1.316238413722186e-10
2024-03-23 00:10:00,8.913815074297548e-11
2024-03-23 00:15:00,0.0
2024-03-23 00:20:00,-3.526840956031085e-11
2024-03-23 00:25:00,-2.3884359006889337e-11
2024-03-23 00:30:00,0.0
2024-03-23 00:35:00,9.449796869024775e-12
2024-03-23 00:40:00,6.3992852845817666e-12
2024-03-23 00:45:00,0.0
2024-03-23 00:50:00,-2.5307779157882637e-12
2024-03-23 00:55:00,-1.7127821314377649e-12
2024-03-23 01:00:00,0.0
2024-03-23 01:05:00,6.733147941282808e-13
2024-03-23 01:10:00,4.518432411692945e-13
2024-03-23 01:15:00,0.0
2024-03-23 01:20:00,-1.6248126072485834e-13
2024-03-23 01:25:00,-9.459083323940969e-14
2024-03-23 01:30:00,0.0
2024-03-23 01:35:00,-2.3389751228847235e-14
2024-03-23 01:40:00,-7.347990821165537e-14
2024-03-23 01:45:00,0.0
2024-03-23 01:50:00,2.560402656402473e-13
2024-03-23 01:55:00,3.885104660860312e-13
2024-03-23 02:00:00,0.0
2024-03-23 02:05:00,-1.0007713113321417e-12
2024-03-23 02:10:00,-1.480561956132468e-12
2024-03-23 02:15:00,0.0
2024-03-23 02:20:00,3.747044979688321e-12
2024-03-23 02:25:00,5.533737358443847e-12
2024-03-23 02:30:00,0.0
2024-03-23 02:35:00,-1.398740860742114e-11
2024-03-23 02:40:00,-2.0654387477642908e-11
2024-03-23 02:45:00,0.0
2024-03-23 02:50:00,5.2202589449996244e-11
2024-03-23 02:55:00,7.708381255212782e-11
2024-03-23 03:00:00,0.0
2024-03-23 03:05:00,-1.948229491925638e-10
2024-03-23 03:10:00,-2.8768086273086833e-10
2024-03-23 03:15:00,0.0
2024-03-23 03:20:00,7.270892073202591e-10
2024-03-23 03:25:00,1.0736396383713454e-09
2024-03-23 03:30:00,0.0
2024-03-23 03:35:00,-2.713533880088473e-09
2024-03-23 03:40:00,-4.006877690754514e-09
2024-03-23 03:45:00,0.0
2024-03-23 03:50:00,1.0127046313033635e-08
2024-03-23 03:55:00,1.4953871124646716e-08
2024-03-23 04:00:00,0.0
2024-03-23 04:05:00,-3.7794651372046066e-08
2024-03-23 04:10:00,-5.5808606807832336e-08
2024-03-23 04:15:00,0.0
2024-03-23 04:20:00,1.410515591751506e-07
2024-03-23 04:25:00,2.0828055610668265e-07
2024-03-23 04:30:00,0.0
2024-03-23 04:35:00,-5.264115853285564e-07
2024-03-23 04:40:00,-7.773136176188981e-07
2024-03-23 04:45:00,0.0
2024-03-23 04:50:00,1.9645947821390753e-06
2024-03-23 04:55:00,2.9009739143689102e-06
2024-03-23 05:00:00,0.0
2024-03-23 05:05:00,-7.331967543227745e-06
2024-03-23 05:10:00,-1.0826582039856742e-05
2024-03-23 05:15:00,0.0
2024-03-23 05:20:00,2.7363275390771902e-05
2024-03-23 05:25:00,4.040535424505807e-05
2024-03-23 05:30:00,0.0
2024-03-23 05:35:00,-0.00010212113401985989
2024-03-23 05:40:00,-0.00015079483494037554
2024-03-23 05:45:00,0.0
2024-03-23 05:50:00,0.00038112126068866765
2024-03-23 05:55:00,0.000562773985516444
2024-03-23 06:00:00,0.0
2024-03-23 06:05:00,-0.0014223639087348108
2024-03-23 06:10:00,-0.0021003011071254016
2024-03-23 06:15:00,0.0
2024-03-23 06:20:00,0.0053083343742505755
2024-03-23 06:25:00,0.00783843044298516
2024-03-23 06:30:00,0.0
2024-03-23 06:35:00,-0.0198109735882675
2024-03-23 06:40:00,-0.029253420664815247
2024-03-23 06:45:00,0.0
2024-03-23 06:50:00,0.07393555997881941
2024-03-23 06:55:00,0.1091752522162758
2024-03-23 07:00:00,0.0
2024-03-23 07:05:00,-0.27593126632701015
2024-03-23 07:10:00,-0.4074475882002879
2024-03-23 07:15:00,0.0
2024-03-23 07:20:00,1.0297895053292212
2024-03-23 07:25:00,1.5206151005848765
2024-03-23 07:30:00,0.0
2024-03-23 07:35:00,-3.843226754989875
2024-03-23 07:40:00,-5.675012814139218
2024-03-23 07:45:00,0.0
2024-03-23 07:50:00,16.23200640351917
2024-03-23 07:55:00,36.290547267083106
2024-03-23 08:00:00,51.0
2024-03-23 08:05:00,54.49668262239467
2024-03-23 08:10:00,54.16467559765863
2024-03-23 08:15:00,60.7
2024-03-23 08:20:00,81.42570755134659
2024-03-23 08:25:00,110.17297256450462
2024-03-23 08:30:00,137.4
2024-03-23 08:35:00,156.11530198703383
2024-03-23 08:40:00,169.5286193295081
2024-03-23 08:45:00,183.4
2024-03-23 08:50:00,200.15382524125883
2024-03-23 08:55:00,208.87180937672218
2024-03-23 09:00:00,195.3
2024-03-23 09:05:00,153.26198964052355
2024-03-23 09:10:00,108.89155057101044
2024-03-23 09:15:00,96.4
2024-03-23 09:20:00,137.76117915961007
2024-03-23 09:25:00,205.99902537627304
2024-03-23 09:30:00,261.9
2024-03-23 09:35:00,277.5784789062214
2024-03-23 09:40:00,270.46049607204554
2024-03-23 09:45:00,269.3
2024-03-23 09:50:00,291.6360163266155
2024-03-23 09:55:00,310.1478792244338
2024-03-23 10:00:00,286.3
2024-03-23 10:05:00,200.8293076391687
2024-03-23 10:10:00,111.56280184503402
2024-03-23 10:15:00,95.6
2024-03-23 10:20:00,201.8578642278209
2024-03-23 10:25:00,366.52313561765226
2024-03-23 10:30:00,497.6
2024-03-23 10:35:00,529.1503465606588
2024-03-23 10:40:00,499.46687790657904
2024-03-23 10:45:00,472.9
2024-03-23 10:50:00,491.81852730732163
2024-03-23 10:55:00,510.6649083115871
2024-03-23 11:00:00,461.9
2024-03-23 11:05:00,308.76072939523976
2024-03-23 11:10:00,137.5883036618875
2024-03-23 11:15:00,65.5
2024-03-23 11:20:00,169.74966622283054
2024-03-23 11:25:00,368.13743259641853
2024-03-23 11:30:00,538.6
2024-03-23 11:35:00,592.8109760838086
2024-03-23 11:40:00,577.3915955820681
2024-03-23 11:45:00,572.7
2024-03-23 11:50:00,629.4471701826759
2024-03-23 11:55:00,679.7554443345682
2024-03-23 12:00:00,626.1
2024-03-23 12:05:00,414.78923207437686
2024-03-23 12:10:00,167.46440485743665
2024-03-23 12:15:00,49.6
2024-03-23 12:20:00,170.7255311494463
2024-03-23 12:25:00,416.590639939389
2024-03-23 12:30:00,617.0
2024-03-23 12:35:00,649.1827174019119
2024-03-23 12:40:00,580.0656279776
2024-03-23 12:45:00,524.0
2024-03-23 12:50:00,558.1324881317947
2024-03-23 12:55:00,610.7912925946553
2024-03-23 13:00:00,573.1
2024-03-23 13:05:00,381.03177451535385
2024-03-23 13:10:00,149.9580905326679
2024-03-23 13:15:00,40.1
2024-03-23 13:20:00,158.37004343641982
2024-03-23 13:25:00,398.4467156450438
2024-03-23 13:30:00,600.7
2024-03-23 13:35:00,648.288051738967
2024-03-23 13:40:00,595.5217135538238
2024-03-23 13:45:00,539.5
2024-03-23 13:50:00,547.1592310891937
2024-03-23 13:55:00,564.7849486581794
2024-03-23 14:00:00,508.5
2024-03-23 14:05:00,331.1787276079617
2024-03-23 14:10:00,132.70145477642174
2024-03-23 14:15:00,49.7
2024-03-23 14:20:00,171.2480807011816
2024-03-23 14:25:00,396.18701001391145
2024-03-23 14:30:00,575.8
2024-03-23 14:35:00,602.4808014391634
2024-03-23 14:40:00,533.0653199827465
2024-03-23 14:45:00,465.5
2024-03-23 14:50:00,468.1472320606827
2024-03-23 14:55:00,491.0331915365838
2024-03-23 15:00:00,454.6
2024-03-23 15:05:00,312.43397402180943
2024-03-23 15:10:00,150.6982101672148
2024-03-23 15:15:00,88.7
2024-03-23 15:20:00,204.85020518541293
2024-03-23 15:25:00,413.97396779455715
2024-03-23 15:30:00,590.0
2024-03-23 15:35:00,638.3800200513537
2024-03-23 15:40:00,590.6577705064086
2024-03-23 15:45:00,509.9
2024-03-23 15:50:00,444.43341831287586
2024-03-23 15:55:00,383.62457980943765
2024-03-23 16:00:00,302.1
2024-03-23 16:05:00,187.47519558603167
2024-03-23 16:10:00,79.32168803361834
2024-03-23 16:15:00,30.2
2024-03-23 16:20:00,73.66579934299749
2024-03-23 16:25:00,167.25533472275558
2024-03-23 16:30:00,249.5
2024-03-23 16:35:00,274.1838292642006
2024-03-23 16:40:00,256.1014175198038
2024-03-23 16:45:00,225.3
2024-03-23 16:50:00,204.19888360020008
2024-03-23 16:55:00,184.705661864696
2024-03-23 17:00:00,151.1
2024-03-23 17:05:00,95.60952522388791
2024-03-23 17:10:00,42.25371279918997
2024-03-23 17:15:00,23.0
2024-03-23 17:20:00,58.20005254128529
2024-03-23 17:25:00,121.74244990150707
2024-03-23 17:30:00,175.9
2024-03-23 17:35:00,191.81989424060058
2024-03-23 17:40:00,176.1468579651522
2024-03-23 17:45:00,144.4
2024-03-23 17:50:00,109.83148160742354
2024-03-23 17:55:00,76.62567379343977
2024-03-23 18:00:00,46.7
2024-03-23 18:05:00,22.368994144520084
2024-03-23 18:10:00,7.53563204627394
2024-03-23 18:15:00,6.5
2024-03-23 18:20:00,20.955504777459083
2024-03-23 18:25:00,42.168835058501514
2024-03-23 18:30:00,58.8
2024-03-23 18:35:00,62.75713489379172
2024-03-23 18:40:00,58.94087957157185
2024-03-23 18:45:00,55.5
2024-03-23 18:50:00,57.89743712885551
2024-03-23 18:55:00,60.85283184039631
2024-03-23 19:00:00,56.4
2024-03-23 19:05:00,39.66052399819364
2024-03-23 19:10:00,18.10705232610218
2024-03-23 19:15:00,2.3
2024-03-23 19:20:00,-0.32471830681529323
2024-03-23 19:25:00,5.170810707046799
2024-03-23 19:30:00,10.6
2024-03-23 19:35:00,9.82723811795641
2024-03-23 19:40:00,4.920815956821717
2024-03-23 19:45:00,0.0
2024-03-23 19:50:00,-1.7916415724177588
2024-03-23 19:55:00,-1.2133337935929367
2024-03-23 20:00:00,0.0
2024-03-23 20:05:00,0.4800689124553652
2024-03-23 20:10:00,0.3251118101426176
2024-03-23 20:15:00,0.0
2024-03-23 20:20:00,-0.12863407740370247
2024-03-23 20:25:00,-0.0871134469775349
2024-03-23 20:30:00,0.0
2024-03-23 20:35:00,0.0344673971594446
2024-03-23 20:40:00,0.023341977767521907
2024-03-23 20:45:00,0.0
2024-03-23 20:50:00,-0.009235511234075955
2024-03-23 20:55:00,-0.0062544640925527185
2024-03-23 21:00:00,0.0
2024-03-23 21:05:00,0.002474647776859213
2024-03-23 21:10:00,0.0016758786026889539
2024-03-23 21:15:00,0.0
2024-03-23 21:20:00,-0.0006630798733608992
2024-03-23 21:25:00,-0.0004490503182031033
2024-03-23 21:30:00,0.0
2024-03-23 21:35:00,0.0001776717165843841
2024-03-23 21:40:00,0.00012032267012346032
2024-03-23 21:45:00,0.0
2024-03-23 21:50:00,-4.760699297663703e-05
2024-03-23 21:55:00,-3.2240362290737574e-05
2024-03-23 22:00:00,0.0
2024-03-23 22:05:00,1.2756255322164017e-05
2024-03-23 22:10:00,8.638779039489945e-06
2024-03-23 22:15:00,0.0
2024-03-23 22:20:00,-3.4180283120190594e-06
2024-03-23 22:25:00,-2.314753867222242e-06
2024-03-23 22:30:00,0.0
2024-03-23 22:35:00,9.158579259122176e-07
2024-03-23 22:40:00,6.202364293990136e-07
2024-03-23 22:45:00,0.0
2024-03-23 22:50:00,-2.454033916298121e-07
2024-03-23 22:55:00,-1.6619185037381461e-07
2024-03-23 23:00:00,0.0
2024-03-23 23:05:00,6.575564060703058e-08
2024-03-23 23:10:00,4.4530972096244285e-08
2024-03-23 23:15:00,0.0
2024-03-23 23:20:00,-1.7619170798310323e-08
2024-03-23 23:25:00,-1.1932038011162673e-08
2024-03-23 23:30:00,0.0
2024-03-23 23:35:00,4.7210425862106925e-09
2024-03-23 23:40:00,3.197179948406376e-09
2024-03-23 23:45:00,0.0
2024-03-23 23:50:00,-1.2649995465324437e-09
2024-03-23 23:55:00,-8.566817824628307e-10
2024-03-24 00:00:00,0.0
2024-03-24 00:05:00,3.389555999190841e-10
2024-03-24 00:10:00,2.2954718144495006e-10
2024-03-24 00:15:00,0.0
2024-03-24 00:20:00,-9.08228531438925e-11
2024-03-24 00:25:00,-6.150694331696907e-11
2024-03-24 00:30:00,0.0
2024-03-24 00:35:00,2.4335812656485938e-11
2024-03-24 00:40:00,1.6480591822926257e-11
2024-03-24 00:45:00,0.0
2024-03-24 00:50:00,-6.5203974820512685e-12
2024-03-24 00:55:00,-4.415423974735963e-12
2024-03-24 01:00:00,0.0
2024-03-24 01:05:00,1.7457772717191358e-12
2024-03-24 01:10:00,1.1811040760176089e-12
2024-03-24 01:15:00,0.0
2024-03-24 01:20:00,-4.627116048252738e-13
2024-03-24 01:25:00,-3.089923293344668e-13
2024-03-24 01:30:00,0.0
2024-03-24 01:35:00,1.0506914758195894e-13
2024-03-24 01:40:00,5.486524132025836e-14
2024-03-24 01:45:00,0.0
2024-03-24 01:50:00,4.2435014497438075e-14
2024-03-24 01:55:00,8.953136405343371e-14
2024-03-24 02:00:00,0.0
2024-03-24 02:05:00,-2.7480920557171126e-13
2024-03-24 02:10:00,-4.129906975339932e-13
2024-03-24 02:15:00,0.0
2024-03-24 02:20:00,1.0568018077894069e-12
2024-03-24 02:25:00,1.562431426082539e-12
2024-03-24 02:30:00,0.0
2024-03-24 02:35:00,-3.9523980255859166e-12
2024-03-24 02:40:00,-5.836735006796164e-12
2024-03-24 02:45:00,0.0
2024-03-24 02:50:00,1.475279029455426e-11
2024-03-24 02:55:00,2.178450860110211e-11
2024-03-24 03:00:00,0.0
2024-03-24 03:05:00,-5.5058763152631126e-11
2024-03-24 03:10:00,-8.13012993976123e-11
2024-03-24 03:15:00,0.0
2024-03-24 03:20:00,2.0548226231597027e-10
2024-03-24 03:25:00,3.034206889893471e-10
2024-03-24 03:30:00,0.0
2024-03-24 03:35:00,-7.6687028611125e-10
2024-03-24 03:40:00,-1.1323814565597762e-09
2024-03-24 03:45:00,0.0
2024-03-24 03:50:00,2.86199888212903e-09
2024-03-24 03:55:00,4.226105137249758e-09
2024-03-24 04:00:00,0.0
2024-03-24 04:05:00,-1.068112524240487e-08
2024-03-24 04:10:00,-1.5772039092439256e-08
2024-03-24 04:15:00,0.0
2024-03-24 04:20:00,3.9862502087490454e-08
2024-03-24 04:25:00,5.886205123250726e-08
2024-03-24 04:30:00,0.0
2024-03-24 04:35:00,-1.4876888310755696e-07
2024-03-24 04:40:00,-2.1967616583758988e-07
2024-03-24 04:45:00,0.0
2024-03-24 04:50:00,5.552130303427373e-07
2024-03-24 04:55:00,8.198426121178519e-07
2024-03-24 05:00:00,0.0
2024-03-24 05:05:00,-2.072083238263393e-06
2024-03-24 05:10:00,-3.0596942826338177e-06
2024-03-24 05:15:00,0.0
2024-03-24 05:20:00,7.733119922710834e-06
2024-03-24 05:25:00,1.1418934518417421e-05
2024-03-24 05:30:00,0.0
2024-03-24 05:35:00,-2.8860396452579944e-05
2024-03-24 05:40:00,-4.2616043791035854e-05
2024-03-24 05:45:00,0.0
2024-03-24 05:50:00,0.00010770846588760893
2024-03-24 05:55:00,0.00015904524064572608
2024-03-24 06:00:00,0.0
2024-03-24 06:05:00,-0.0004019734670978558
2024-03-24 06:10:00,-0.0005935649187918684
2024-03-24 06:15:00,0.0
2024-03-24 06:20:00,0.0015001854025038144
2024-03-24 06:25:00,0.002215214434521748
2024-03-24 06:30:00,0.0
2024-03-24 06:35:00,-0.0055987681429174015
2024-03-24 06:40:00,-0.008267292819295122
2024-03-24 06:45:00,0.0
2024-03-24 06:50:00,0.020894887169165793
2024-03-24 06:55:00,0.03085395684265875
2024-03-24 07:00:00,0.0
2024-03-24 07:05:00,-0.07798078053374578
2024-03-24 07:10:00,-0.11514853455133989
2024-03-24 07:15:00,0.0
2024-03-24 07:20:00,0.29102823496581737
2024-03-24 07:25:00,0.42974018136270076
2024-03-24 07:30:00,0.0
2024-03-24 07:35:00,-0.9602062334035977
2024-03-24 07:40:00,-0.5964047834920558
2024-03-24 07:45:00,3.4
2024-03-24 07:50:00,11.916463365315241
2024-03-24 07:55:00,20.155878952605523
2024-03-24 08:00:00,21.9
2024-03-24 08:05:00,13.71657499436485
2024-03-24 08:10:00,3.317333417514403
2024-03-24 08:15:00,1.2
2024-03-24 08:20:00,14.587607027595723
2024-03-24 08:25:00,37.60441700696651
2024-03-24 08:30:00,61.1
2024-03-24 08:35:00,78.17003393228929
2024-03-24 08:40:00,90.89462818424921
2024-03-24 08:45:00,103.6
2024-03-24 08:50:00,117.9359609469508
2024-03-24 08:55:00,124.8466998856663
2024-03-24 09:00:00,112.6
2024-03-24 09:05:00,75.49352968731486
2024-03-24 09:10:00,31.944498199011527
2024-03-24 09:15:00,6.4
2024-03-24 09:20:00,15.519549933419345
2024-03-24 09:25:00,44.81234435532463
2024-03-24 09:30:00,72.0
2024-03-24 09:35:00,81.10604835678552
2024-03-24 09:40:00,81.36167993524543
2024-03-24 09:45:00,88.3
2024-03-24 09:50:00,110.62292330610524
2024-03-24 09:55:00,129.70760257036028
2024-03-24 10:00:00,120.1
2024-03-24 10:05:00,68.84670286323794
2024-03-24 10:10:00,12.996798672202303
2024-03-24 10:15:00,2.1
2024-03-24 10:20:00,67.19026524094302
2024-03-24 10:25:00,165.2385360741638
2024-03-24 10:30:00,234.7
2024-03-24 10:35:00,231.79964358039732
2024-03-24 10:40:00,183.84164962373492
2024-03-24 10:45:00,135.9
2024-03-24 10:50:00,120.86301228931944
2024-03-24 10:55:00,122.87634691237801
2024-03-24 11:00:00,113.9
2024-03-24 11:05:00,75.68904800306564
2024-03-24 11:10:00,29.178888652678957
2024-03-24 11:15:00,5.1
2024-03-24 11:20:00,24.910425328047708
2024-03-24 11:25:00,72.97846884727657
2024-03-24 11:30:00,124.4
2024-03-24 11:35:00,159.2099914254843
2024-03-24 11:40:00,177.19982855080735
2024-03-24 11:45:00,183.1
2024-03-24 11:50:00,179.94960897001513
2024-03-24 11:55:00,164.02221694949398
2024-03-24 12:00:00,129.9
2024-03-24 12:05:00,77.56935047223304
2024-03-24 12:10:00,28.63352587343892
2024-03-24 12:15:00,10.1
2024-03-24 12:20:00,38.76558173364535
2024-03-24 12:25:00,90.58442029749108
2024-03-24 12:30:00,131.3
2024-03-24 12:35:00,136.1572114820745
2024-03-24 12:40:00,118.40657071437462
2024-03-24 12:45:00,100.8
2024-03-24 12:50:00,99.20557233805677
2024-03-24 12:55:00,101.95596351167715
2024-03-24 13:00:00,90.5
2024-03-24 13:05:00,54.23531398051328
2024-03-24 13:10:00,14.354760424101912
2024-03-24 13:15:00,0.0
2024-03-24 13:20:00,29.890208776927153
2024-03-24 13:25:00,81.05462442154484
2024-03-24 13:30:00,120.1
2024-03-24 13:35:00,122.86681387474104
2024-03-24 13:40:00,102.1304455934224
2024-03-24 13:45:00,79.9
2024-03-24 13:50:00,72.09068387225685
2024-03-24 13:55:00,70.24211172328411
2024-03-24 14:00:00,59.8
2024-03-24 14:05:00,32.45563582141674
2024-03-24 14:10:00,4.882588994922642
2024-03-24 14:15:00,0.0
2024-03-24 14:20:00,32.520106175409516
2024-03-24 14:25:00,84.32753229702533
2024-03-24 14:30:00,129.1
2024-03-24 14:35:00,147.20838392138964
2024-03-24 14:40:00,145.79617070586485
2024-03-24 14:45:00,138.7
2024-03-24 14:50:00,135.5722840649579
2024-03-24 14:55:00,129.3285256202559
2024-03-24 15:00:00,108.7
2024-03-24 15:05:00,68.42099833729729
2024-03-24 15:10:00,27.237874961259635
2024-03-24 15:15:00,9.9
2024-03-24 15:20:00,32.25853740066775
2024-03-24 15:25:00,74.57182638655746
2024-03-24 15:30:00,108.2
2024-03-24 15:35:00,112.20411131929097
2024-03-24 15:40:00,96.44889356658467
2024-03-24 15:45:00,78.5
2024-03-24 15:50:00,71.16575806290909
2024-03-24 15:55:00,68.22519193969651
2024-03-24 16:00:00,58.7
2024-03-24 16:05:00,36.02544902166527
2024-03-24 16:10:00,11.291079415370032
2024-03-24 16:15:00,0.0
2024-03-24 16:20:00,12.232445850429835
2024-03-24 16:25:00,36.37715706549001
2024-03-24 16:30:00,55.4
2024-03-24 16:35:00,57.05217498402279
2024-03-24 16:40:00,48.226218248595785
2024-03-24 16:45:00,40.6
2024-03-24 16:50:00,42.277372731997524
2024-03-24 16:55:00,47.06611808827496
2024-03-24 17:00:00,45.2
2024-03-24 17:05:00,30.649445199098206
2024-03-24 17:10:00,12.331531620526587
2024-03-24 17:15:00,2.9
2024-03-24 17:20:00,10.98040202716519
2024-03-24 17:25:00,29.085533207396466
2024-03-24 17:30:00,45.7
2024-03-24 17:35:00,52.18450224779658
2024-03-24 17:40:00,51.40411332766535
2024-03-24 17:45:00,49.1
2024-03-24 17:50:00,49.222329722389226
2024-03-24 17:55:00,48.55727274120144
2024-03-24 18:00:00,42.1
2024-03-24 18:05:00,27.28173441820208
2024-03-24 18:10:00,11.277906818640027
2024-03-24 18:15:00,3.7
2024-03-24 18:20:00,10.843325197395059
2024-03-24 18:25:00,25.73850739164586
2024-03-24 18:30:00,38.1
2024-03-24 18:35:00,40.44126108851398
2024-03-24 18:40:00,36.471767318480204
2024-03-24 18:45:00,32.7
2024-03-24 18:50:00,33.639778596697155
2024-03-24 18:55:00,35.82627518628516
2024-03-24 19:00:00,33.8
2024-03-24 19:05:00,24.0885134135863
2024-03-24 19:10:00,11.167576380823569
2024-03-24 19:15:00,1.5
2024-03-24 19:20:00,-0.3308692880793995
2024-03-24 19:25:00,2.7404563274575935
2024-03-24 19:30:00,5.9
2024-03-24 19:35:00,5.527556331323897
2024-03-24 19:40:00,2.7780057167534835
2024-03-24 19:45:00,0.0
2024-03-24 19:50:00,-1.0126893705495188
2024-03-24 19:55:00,-0.6858125278048568
2024-03-24 20:00:00,0.0
2024-03-24 20:05:00,0.2713492990223255
2024-03-24 20:10:00,0.18376291298445813
2024-03-24 20:15:00,0.0
2024-03-24 20:20:00,-0.07270782553978333
2024-03-24 20:25:00,-0.04923912413297617
2024-03-24 20:30:00,0.0
2024-03-24 20:35:00,0.01948200313680791
2024-03-24 20:40:00,0.013193583547446795
2024-03-24 20:45:00,0.0
2024-03-24 20:50:00,-0.005220187007448277
2024-03-24 20:55:00,-0.003535210056810909
2024-03-24 21:00:00,0.0
2024-03-24 21:05:00,0.0013987448929852048
2024-03-24 21:10:00,0.0009472566797968666
2024-03-24 21:15:00,0.0
2024-03-24 21:20:00,-0.00037479256449254276
2024-03-24 21:25:00,-0.00025381666237655706
2024-03-24 21:30:00,0.0
2024-03-24 21:35:00,0.00010042536498496632
2024-03-24 21:40:00,6.800996970936145e-05
2024-03-24 21:45:00,0.0
2024-03-24 21:50:00,-2.6908895447322472e-05
2024-03-24 21:55:00,-1.8223216460888505e-05
2024-03-24 22:00:00,0.0
2024-03-24 22:05:00,7.21021680432357e-06
2024-03-24 22:10:00,4.882896134192615e-06
2024-03-24 22:15:00,0.0
2024-03-24 22:20:00,-1.931971769971812e-06
2024-03-24 22:25:00,-1.3083680758819645e-06
2024-03-24 22:30:00,0.0
2024-03-24 22:35:00,5.176702755636763e-07
2024-03-24 22:40:00,3.505761693352378e-07
2024-03-24 22:45:00,0.0
2024-03-24 22:50:00,-1.3870933228289303e-07
2024-03-24 22:55:00,-9.393660145898713e-08
2024-03-24 23:00:00,0.0
2024-03-24 23:05:00,3.716705356789597e-08
2024-03-24 23:10:00,2.5170236500710804e-08
2024-03-24 23:15:00,0.0
2024-03-24 23:20:00,-9.958881988690878e-09
2024-03-24 23:25:00,-6.744344543856123e-09
2024-03-24 23:30:00,0.0
2024-03-24 23:35:00,2.6684743868675447e-09
2024-03-24 23:40:00,1.8071416747137117e-09
2024-03-24 23:45:00,0.0
2024-03-24 23:50:00,-7.150155587793006e-10
2024-03-24 23:55:00,-4.842221549987214e-10
2024-03-25 00:00:00,0.0
2024-03-25 00:05:00,1.9158784824965692e-10
2024-03-25 00:10:00,1.297469452811721e-10
2024-03-25 00:15:00,0.0
2024-03-25 00:20:00,-5.133583421932734e-11
2024-03-25 00:25:00,-3.47656261259674e-11
2024-03-25 00:30:00,0.0
2024-03-25 00:35:00,1.3755488627652394e-11
2024-03-25 00:40:00,9.315559222697379e-12
2024-03-25 00:45:00,0.0
2024-03-25 00:50:00,-3.686120291282234e-12
2024-03-25 00:55:00,-2.4966107648221147e-12
2024-03-25 01:00:00,0.0
2024-03-25 01:05:00,9.889925374765417e-13
2024-03-25 01:10:00,6.708838365910879e-13
2024-03-25 01:15:00,0.0
2024-03-25 01:20:00,-2.698498586239334e-13
2024-03-25 01:25:00,-1.86924581542234e-13
2024-03-25 01:30:00,0.0
2024-03-25 01:35:00,9.04068970191922e-14
2024-03-25 01:40:00,7.681448957784956e-14
2024-03-25 01:45:00,0.0
2024-03-25 01:50:00,-9.177772945283535e-14
2024-03-25 01:55:00,-1.2033337676916387e-13
2024-03-25 02:00:00,0.0
2024-03-25 02:05:00,2.767040207921492e-13
2024-03-25 02:10:00,4.0451901749880604e-13
2024-03-25 02:15:00,0.0
2024-03-25 02:20:00,-1.0150383537157613e-12
2024-03-25 02:25:00,-1.49774269322606e-12
2024-03-25 02:30:00,0.0
2024-03-25 02:35:00,3.783449394070897e-12
2024-03-25 02:40:00,5.5864517554054335e-12
2024-03-25 02:45:00,0.0
2024-03-25 02:50:00,-1.4118759222567825e-11
2024-03-25 02:55:00,-2.0848064328395674e-11
2024-03-25 03:00:00,0.0
2024-03-25 03:05:00,5.269158749620041e-11
2024-03-25 03:10:00,7.780580555817728e-11
2024-03-25 03:15:00,0.0
2024-03-25 03:20:00,-1.9664759076223386e-10
2024-03-25 03:25:00,-2.903751579043135e-10
2024-03-25 03:30:00,0.0
2024-03-25 03:35:00,7.33898775552735e-10
2024-03-25 03:40:00,1.0836948260590765e-09
2024-03-25 03:45:00,0.0
2024-03-25 03:50:00,-2.738947511448706e-09
2024-03-25 03:55:00,-4.044404146331995e-09
2024-03-25 04:00:00,0.0
2024-03-25 04:05:00,1.0221891270242089e-08
2024-03-25 04:10:00,1.509392175926889e-08
2024-03-25 04:15:00,0.0
2024-03-25 04:20:00,-3.814861756951965e-08
2024-03-25 04:25:00,-5.6331282890743573e-08
2024-03-25 04:30:00,0.0
2024-03-25 04:35:00,1.4237257900783652e-07
2024-03-25 04:40:00,2.102312098037055e-07
2024-03-25 04:45:00,0.0
2024-03-25 04:50:00,-5.313416984618264e-07
2024-03-25 04:55:00,-7.845935563240782e-07
2024-03-25 05:00:00,0.0
2024-03-25 05:05:00,1.982994214839469e-06
2024-03-25 05:10:00,2.9281430154926075e-06
2024-03-25 05:15:00,0.0
2024-03-25 05:20:00,-7.400635160896049e-06
2024-03-25 05:25:00,-1.0927978505646351e-05
2024-03-25 05:30:00,0.0
2024-03-25 05:35:00,2.761954642874472e-05
2024-03-25 05:40:00,4.0783771007092784e-05
2024-03-25 05:45:00,0.0
2024-03-25 05:50:00,-0.00010307755055408286
2024-03-25 05:55:00,-0.00015220710552272482
2024-03-25 06:00:00,0.0
2024-03-25 06:05:00,0.0003846906557875868
2024-03-25 06:10:00,0.000568044651083807
2024-03-25 06:15:00,0.0
2024-03-25 06:20:00,-0.0014356850725962642
2024-03-25 06:25:00,-0.0021199714988125017
2024-03-25 06:30:00,0.0
2024-03-25 06:35:00,0.00535804963459747
2024-03-25 06:40:00,0.0079118413441662
2024-03-25 06:45:00,0.0
2024-03-25 06:50:00,-0.019996513465793616
2024-03-25 06:55:00,-0.029527393877852297
2024-03-25 07:00:00,0.0
2024-03-25 07:05:00,0.07462800422857699
2024-03-25 07:10:00,0.11019773416724304
2024-03-25 07:15:00,0.0
2024-03-25 07:20:00,-0.27851550344851445
2024-03-25 07:25:00,-0.41126354279111976
2024-03-25 07:30:00,0.0
2024-03-25 07:35:00,1.3912858614173325
2024-03-25 07:40:00,4.349671251812051
2024-03-25 07:45:00,9.5
2024-03-25 07:50:00,16.624483168890297
2024-03-25 07:55:00,22.134800757765138
2024-03-25 08:00:00,21.6
2024-03-25 08:05:00,13.00707775931779
2024-03-25 08:10:00,4.014829420831109
2024-03-25 08:15:00,4.7
2024-03-25 08:20:00,21.343502090134855
2024-03-25 08:25:00,45.04291859594747
2024-03-25 08:30:00,63.1
2024-03-25 08:35:00,66.75224721347612
2024-03-25 08:40:00,62.98016286204566
2024-03-25 08:45:00,62.7
2024-03-25 08:50:00,72.60306461151625
2024-03-25 08:55:00,82.48087440031435
2024-03-25 09:00:00,77.9
2024-03-25 09:05:00,50.80586471082929
2024-03-25 09:10:00,18.65930249965993
2024-03-25 09:15:00,5.3
2024-03-25 09:20:00,26.847550619240668
2024-03-25 09:25:00,68.54117486030523
2024-03-25 09:30:00,107.9
2024-03-25 09:35:00,128.12985873813398
2024-03-25 09:40:00,135.1834054665266
2024-03-25 09:45:00,140.7
2024-03-25 09:50:00,151.62931072451974
2024-03-25 09:55:00,156.16224031062544
2024-03-25 10:00:00,137.8
2024-03-25 10:05:00,88.4862316971203
2024-03-25 10:10:00,33.934299957638366
2024-03-25 10:15:00,8.3
2024-03-25 10:20:00,35.136873598110135
2024-03-25 10:25:00,95.58944874771001
2024-03-25 10:30:00,160.2
2024-03-25 10:35:00,205.45886650303171
2024-03-25 10:40:00,231.64864579226227
2024-03-25 10:45:00,245.0
2024-03-25 10:50:00,248.76099372309622
2024-03-25 10:55:00,234.24930141657416
2024-03-25 11:00:00,189.8
2024-03-25 11:05:00,114.03049193791676
2024-03-25 11:10:00,46.687481874774505
2024-03-25 11:15:00,37.8
2024-03-25 11:20:00,117.28740889560713
2024-03-25 11:25:00,234.6304007139575
2024-03-25 11:30:00,319.2
2024-03-25 11:35:00,321.6309835907658
2024-03-25 11:40:00,277.6131374916174
2024-03-25 11:45:00,244.1
2024-03-25 11:50:00,259.44421229688515
2024-03-25 11:55:00,287.5948270973505
2024-03-25 12:00:00,273.9
2024-03-25 12:05:00,185.3736487031749
2024-03-25 12:10:00,75.69273930416568
2024-03-25 12:15:00,20.2
2024-03-25 12:20:00,68.68341511263729
2024-03-25 12:25:00,168.71199346376437
2024-03-25 12:30:00,242.3
2024-03-25 12:35:00,233.92232047590562
2024-03-25 12:40:00,177.89632387781376
2024-03-25 12:45:00,131.0
2024-03-25 12:50:00,132.52359928003673
2024-03-25 12:55:00,151.80641472868427
2024-03-25 13:00:00,140.7
2024-03-25 13:05:00,72.4092083298734
2024-03-25 13:10:00,5.5520912815231185
2024-03-25 13:15:00,20.1
2024-03-25 13:20:00,164.8654933263956
2024-03-25 13:25:00,364.025960885964
2024-03-25 13:30:00,510.6
2024-03-25 13:35:00,529.9991887349145
2024-03-25 13:40:00,477.20702813758373
2024-03-25 13:45:00,439.6
2024-03-25 13:50:00,475.5451591413539
2024-03-25 13:55:00,527.3718524896273
2024-03-25 14:00:00,508.4
2024-03-25 14:05:00,365.2757302552255
2024-03-25 14:10:00,177.9500063483517
2024-03-25 14:15:00,59.7
2024-03-25 14:20:00,89.19266057848482
2024-03-25 14:25:00,206.65404804289193
2024-03-25 14:30:00,317.7
2024-03-25 14:35:00,352.69807187527965
2024-03-25 14:40:00,341.0226903689695
2024-03-25 14:45:00,336.8
2024-03-25 14:50:00,375.08912599447063
2024-03-25 14:55:00,414.6811164071561
2024-03-25 15:00:00,395.3
2024-03-25 15:05:00,281.8046834060972
2024-03-25 15:10:00,139.59358474314695
2024-03-25 15:15:00,59.2
2024-03-25 15:20:00,102.28473297373345
2024-03-25 15:25:00,215.01861869433026
2024-03-25 15:30:00,314.7
2024-03-25 15:35:00,339.23416247674686
2024-03-25 15:40:00,308.9541627017542
2024-03-25 15:45:00,264.8
2024-03-25 15:50:00,237.24898748964947
2024-03-25 15:55:00,214.927693461616
2024-03-25 16:00:00,176.0
2024-03-25 16:05:00,108.93655423132186
2024-03-25 16:10:00,43.43506345178182
2024-03-25 16:15:00,19.5
2024-03-25 16:20:00,62.93442521469264
2024-03-25 16:25:00,142.73575643496036
2024-03-25 16:30:00,213.7
2024-03-25 16:35:00,241.66278194694462
2024-03-25 16:40:00,236.6182071046729
2024-03-25 16:45:00,219.6
2024-03-25 16:50:00,206.1551877382696
2024-03-25 16:55:00,189.88400773894048
2024-03-25 17:00:00,158.9
2024-03-25 17:05:00,108.1053559888658
2024-03-25 17:10:00,59.556873050676245
2024-03-25 17:15:00,42.1
2024-03-25 17:20:00,73.50116608404501
2024-03-25 17:25:00,127.21072228057676
2024-03-25 17:30:00,165.6
2024-03-25 17:35:00,161.3751648601393
2024-03-25 17:40:00,128.58171930849824
2024-03-25 17:45:00,91.6
2024-03-25 17:50:00,69.36854484576807
2024-03-25 17:55:00,59.058696781726645
2024-03-25 18:00:00,52.4
2024-03-25 18:05:00,43.406211312343885
2024-03-25 18:10:00,35.22793800903965
2024-03-25 18:15:00,33.3
2024-03-25 18:20:00,40.9584617567082
2024-03-25 18:25:00,53.144365996929594
2024-03-25 18:30:00,62.7
2024-03-25 18:35:00,64.31920092008255
2024-03-25 18:40:00,60.1020054106494
2024-03-25 18:45:00,54.0
2024-03-25 18:50:00,48.98325308148015
2024-03-25 18:55:00,44.095760508620984
2024-03-25 19:00:00,37.4
2024-03-25 19:05:00,27.814453420663522
2024-03-25 19:10:00,17.681619221533314
2024-03-25 19:15:00,10.2
2024-03-25 19:20:00,7.544118421050944
2024-03-25 19:25:00,7.792577420060557
2024-03-25 19:30:00,8.0
2024-03-25 19:35:00,6.00166548772529
2024-03-25 19:40:00,2.755478505631861
2024-03-25 19:45:00,0.0
2024-03-25 19:50:00,-0.9730025941743299
2024-03-25 19:55:00,-0.6589358870324489
2024-03-25 20:00:00,0.0
2024-03-25 20:05:00,0.2607152593423991
2024-03-25 20:10:00,0.17656133879423008
2024-03-25 20:15:00,0.0
2024-03-25 20:20:00,-0.06985844319526655
2024-03-25 20:25:00,-0.047309468144471775
2024-03-25 20:30:00,0.0
2024-03-25 20:35:00,0.01871851343866713
2024-03-25 20:40:00,0.012676533783657153
2024-03-25 20:45:00,0.0
2024-03-25 20:50:00,-0.0050156105594019755
2024-03-25 20:55:00,-0.003396666990156778
2024-03-25 21:00:00,0.0
2024-03-25 21:05:00,0.0013439287989407708
2024-03-25 21:10:00,0.000910134176969961
2024-03-25 21:15:00,0.0
2024-03-25 21:20:00,-0.00036010463636110826
2024-03-25 21:25:00,-0.00024386971772306552
2024-03-25 21:30:00,0.0
2024-03-25 21:35:00,9.648974650366207e-05
2024-03-25 21:40:00,6.534469392230127e-05
2024-03-25 21:45:00,0.0
2024-03-25 21:50:00,-2.5854349653539995e-05
2024-03-25 21:55:00,-1.7509057966139516e-05
2024-03-25 22:00:00,0.0
2024-03-25 22:05:00,6.92765211049792e-06
2024-03-25 22:10:00,4.691537942256803e-06
2024-03-25 22:15:00,0.0
2024-03-25 22:20:00,-1.8562587884516832e-06
2024-03-25 22:25:00,-1.2570938028876858e-06
2024-03-25 22:30:00,0.0
2024-03-25 22:35:00,4.973830433088136e-07
2024-03-25 22:40:00,3.3683726929394053e-07
2024-03-25 22:45:00,0.0
2024-03-25 22:50:00,-1.3327338478357133e-07
2024-03-25 22:55:00,-9.025527428807588e-08
2024-03-25 23:00:00,0.0
2024-03-25 23:05:00,3.571049582547182e-08
2024-03-25 23:10:00,2.4183827858363278e-08
2024-03-25 23:15:00,0.0
2024-03-25 23:20:00,-9.5685985183159e-09
2024-03-25 23:25:00,-6.480037145377121e-09
2024-03-25 23:30:00,0.0
2024-03-25 23:35:00,2.5638982477918013e-09
2024-03-25 23:40:00,1.7363207231452558e-09
2024-03-25 23:45:00,0.0
2024-03-25 23:50:00,-6.869944728513031e-10
2024-03-25 23:55:00,-4.652457472038973e-10
2024-03-26 00:00:00,0.0
2024-03-26 00:05:00,1.8407964361341104e-10
2024-03-26 00:10:00,1.2466226567033173e-10
2024-03-26 00:15:00,0.0
2024-03-26 00:20:00,-4.932410160234103e-11
2024-03-26 00:25:00,-3.340331547742982e-11
2024-03-26 00:30:00,0.0
2024-03-26 00:35:00,1.321676279595317e-11
2024-03-26 00:40:00,8.950996239387716e-12
2024-03-26 00:45:00,0.0
2024-03-26 00:50:00,-3.5429495814716383e-12
2024-03-26 00:55:00,-2.400669480121021e-12
2024-03-26 01:00:00,0.0
2024-03-26 01:05:00,9.55035529933382e-13
2024-03-26 01:10:00,6.516816810963638e-13
2024-03-26 01:15:00,0.0
2024-03-26 01:20:00,-2.77192538261891e-13
2024-03-26 01:25:00,-2.0605724426443647e-13
2024-03-26 01:30:00,0.0
2024-03-26 01:35:00,1.5373462311418182e-13
2024-03-26 01:40:00,1.7254729596138178e-13
2024-03-26 01:45:00,0.0
2024-03-26 01:50:00,-3.3774595419483623e-13
2024-03-26 01:55:00,-4.841319395810906e-13
2024-03-26 02:00:00,0.0
2024-03-26 02:05:00,1.1972491936651634e-12
2024-03-26 02:10:00,1.7639804623629814e-12
2024-03-26 02:15:00,0.0
2024-03-26 02:20:00,-4.4512508204658165e-12
2024-03-26 02:25:00,-6.571789909870836e-12
2024-03-26 02:30:00,0.0
2024-03-26 02:35:00,1.6607754088198107e-11
2024-03-26 02:40:00,2.4523179177120362e-11
2024-03-26 02:45:00,0.0
2024-03-26 02:50:00,-6.197976553232662e-11
2024-03-26 02:55:00,-9.152092679861061e-11
2024-03-26 03:00:00,0.0
2024-03-26 03:05:00,2.3131130804110835e-10
2024-03-26 03:10:00,3.415605280173221e-10
2024-03-26 03:15:00,0.0
2024-03-26 03:20:00,-8.632654666321069e-10
2024-03-26 03:25:00,-1.274721185270678e-09
2024-03-26 03:30:00,0.0
2024-03-26 03:35:00,3.2217505584873195e-09
2024-03-26 03:40:00,4.75732421306539e-09
2024-03-26 03:45:00,0.0
2024-03-26 03:50:00,-1.2023736767317172e-08
2024-03-26 03:55:00,-1.7754575666990882e-08
2024-03-26 04:00:00,0.0
2024-03-26 04:05:00,4.487319651078137e-08
2024-03-26 04:10:00,6.626097845489814e-08
2024-03-26 04:15:00,0.0
2024-03-26 04:20:00,-1.6746904927580832e-07
2024-03-26 04:25:00,-2.472893381526017e-07
2024-03-26 04:30:00,0.0
2024-03-26 04:35:00,6.250030005924519e-07
2024-03-26 04:40:00,9.228963741555088e-07
2024-03-26 04:45:00,0.0
2024-03-26 04:50:00,-2.332542953094e-06
2024-03-26 04:55:00,-3.4442961584694333e-06
2024-03-26 05:00:00,0.0
2024-03-26 05:05:00,8.705168811783548e-06
2024-03-26 05:10:00,1.2854288259722227e-05
2024-03-26 05:15:00,0.0
2024-03-26 05:20:00,-3.248813229404019e-05
2024-03-26 05:25:00,-4.797285688041948e-05
2024-03-26 05:30:00,0.0
2024-03-26 05:35:00,0.00012124736036437723
2024-03-26 05:40:00,0.00017903713926195565
2024-03-26 05:45:00,0.0
2024-03-26 05:50:00,-0.0004525013091634687
2024-03-26 05:55:00,-0.0006681757001674033
2024-03-26 06:00:00,0.0
2024-03-26 06:05:00,0.0016887578762894981
2024-03-26 06:10:00,0.002493665661407658
2024-03-26 06:15:00,0.0
2024-03-26 06:20:00,-0.006302530195994523
2024-03-26 06:25:00,-0.009306486945463228
2024-03-26 06:30:00,0.0
2024-03-26 06:35:00,0.0235213629076886
2024-03-26 06:40:00,0.03473228212044526
2024-03-26 06:45:00,0.0
2024-03-26 06:50:00,-0.08778292143475988
2024-03-26 06:55:00,-0.12962264153631783
2024-03-26 07:00:00,0.0
2024-03-26 07:05:00,0.32761032283135094
2024-03-26 07:10:00,0.483758284024826
2024-03-26 07:15:00,0.0
2024-03-26 07:20:00,-1.222658369890644
2024-03-26 07:25:00,-1.8054104945629863
2024-03-26 07:30:00,0.0
2024-03-26 07:35:00,5.3445046382127055
2024-03-26 07:40:00,12.98973554607897
2024-03-26 07:45:00,21.1
2024-03-26 07:50:00,28.029825002225007
2024-03-26 07:55:00,32.894616458395255
2024-03-26 08:00:00,35.0
2024-03-26 08:05:00,34.84730646399838
2024-03-26 08:10:00,37.72068750922891
2024-03-26 08:15:00,50.1
2024-03-26 08:20:00,75.71428247511483
2024-03-26 08:25:00,107.28930017135576
2024-03-26 08:30:00,134.8
2024-03-26 08:35:00,151.24741548739422
2024-03-26 08:40:00,161.7369266201629
2024-03-26 08:45:00,174.4
2024-03-26 08:50:00,194.80346298271576
2024-03-26 08:55:00,218.25558594058532
2024-03-26 09:00:00,237.5
2024-03-26 09:05:00,247.76836221137236
2024-03-26 09:10:00,254.24443332119958
2024-03-26 09:15:00,264.6
2024-03-26 09:20:00,284.42308817179486
2024-03-26 09:25:00,310.96668077461646
2024-03-26 09:30:00,339.4
2024-03-26 09:35:00,365.6503962125593
2024-03-26 09:40:00,388.67773246922343
2024-03-26 09:45:00,408.2
2024-03-26 09:50:00,424.2605121631529
2024-03-26 09:55:00,438.20387082997115
2024-03-26 10:00:00,451.7
2024-03-26 10:05:00,465.92977735705114
2024-03-26 10:10:00,480.1178953220029
2024-03-26 10:15:00,493.0
2024-03-26 10:20:00,503.89445248271653
2024-03-26 10:25:00,514.4504738079431
2024-03-26 10:30:00,526.9
2024-03-26 10:35:00,543.0183386380086
2024-03-26 10:40:00,562.7542835202984
2024-03-26 10:45:00,585.6
2024-03-26 10:50:00,609.7544151874712
2024-03-26 10:55:00,628.2435032219747
2024-03-26 11:00:00,632.8
2024-03-26 11:05:00,619.6380746861807
2024-03-26 11:10:00,602.8976295177287
2024-03-26 11:15:00,601.2
2024-03-26 11:20:00,626.9006934752132
2024-03-26 11:25:00,667.2919046330363
2024-03-26 11:30:00,703.4
2024-03-26 11:35:00,721.2813736351889
2024-03-26 11:40:00,727.1125297279038
2024-03-26 11:45:00,732.1
2024-03-26 11:50:00,743.6145527247721
2024-03-26 11:55:00,753.683902381274
2024-03-26 12:00:00,750.5
2024-03-26 12:05:00,727.9900450953528
2024-03-26 12:10:00,703.0222311173704
2024-03-26 12:15:00,698.2
2024-03-26 12:20:00,727.8660076345577
2024-03-26 12:25:00,773.3197657418367
2024-03-26 12:30:00,807.6
2024-03-26 12:35:00,811.968146588639
2024-03-26 12:40:00,800.5764836930605
2024-03-26 12:45:00,795.8
2024-03-26 12:50:00,812.5873319368122
2024-03-26 12:55:00,836.1817068933286
2024-03-26 13:00:00,844.4
2024-03-26 13:05:00,823.1121552937416
2024-03-26 13:10:00,790.4003924373285
2024-03-26 13:15:00,772.4
2024-03-26 13:20:00,787.2047876289618
2024-03-26 13:25:00,820.7426492832833
2024-03-26 13:30:00,850.9
2024-03-26 13:35:00,861.0872127089297
2024-03-26 13:40:00,856.8104919110198
2024-03-26 13:45:00,849.1
2024-03-26 13:50:00,845.7167319056898
2024-03-26 13:55:00,841.3450127022672
2024-03-26 14:00:00,827.4
2024-03-26 14:05:00,799.1421559646074
2024-03-26 14:10:00,767.2131609836149
2024-03-26 14:15:00,746.1
2024-03-26 14:20:00,745.910940532177
2024-03-26 14:25:00,759.23938040031
2024-03-26 14:30:00,774.3
2024-03-26 14:35:00,782.2844522770546
2024-03-26 14:40:00,786.2922803781079
2024-03-26 14:45:00,792.4
2024-03-26 14:50:00,802.8586577670119
2024-03-26 14:55:00,804.6174240131846
2024-03-26 15:00:00,780.8
2024-03-26 15:05:00,723.1957314697129
2024-03-26 15:10:00,658.2565420876723
2024-03-26 15:15:00,621.1
2024-03-26 15:20:00,635.013971909692
2024-03-26 15:25:00,675.9675187472376
2024-03-26 15:30:00,708.1
2024-03-26 15:35:00,705.7002327433711
2024-03-26 15:40:00,683.6548644048588
2024-03-26 15:45:00,667.0
2024-03-26 15:50:00,672.0776897094163
2024-03-26 15:55:00,680.453764374068
2024-03-26 16:00:00,665.0
2024-03-26 16:05:00,609.4334528634082
2024-03-26 16:10:00,540.8523003210917
2024-03-26 16:15:00,497.2
2024-03-26 16:20:00,504.52553587398796
2024-03-26 16:25:00,541.2999973045286
2024-03-26 16:30:00,574.1
2024-03-26 16:35:00,577.9273666036031
2024-03-26 16:40:00,561.4847474978309
2024-03-26 16:45:00,541.9
2024-03-26 16:50:00,531.2057384523407
2024-03-26 16:55:00,521.0536052967402
2024-03-26 17:00:00,498.0
2024-03-26 17:05:00,454.2274573648119
2024-03-26 17:10:00,404.42305353743023
2024-03-26 17:15:00,368.9
2024-03-26 17:20:00,361.6659135698932
2024-03-26 17:25:00,371.5060324053906
2024-03-26 17:30:00,380.9
2024-03-26 17:35:00,376.7533328000596
2024-03-26 17:40:00,363.67503906322946
2024-03-26 17:45:00,350.7
2024-03-26 17:50:00,342.9392737483868
2024-03-26 17:55:00,329.8086261565063
2024-03-26 18:00:00,296.8
2024-03-26 18:05:00,236.70068331750426
2024-03-26 18:10:00,171.47934519963428
2024-03-26 18:15:00,130.4
2024-03-26 18:20:00,133.09873372233687
2024-03-26 18:25:00,160.6999189708825
2024-03-26 18:30:00,184.7
2024-03-26 18:35:00,183.77104845981498
2024-03-26 18:40:00,165.2876455835025
2024-03-26 18:45:00,143.8
2024-03-26 18:50:00,130.02077614210694
2024-03-26 18:55:00,119.3124616580705
2024-03-26 19:00:00,103.2
2024-03-26 19:05:00,76.39399511990551
2024-03-26 19:10:00,46.34769296940066
2024-03-26 19:15:00,23.7
2024-03-26 19:20:00,15.85139152641922
2024-03-26 19:25:00,17.2486183161787
2024-03-26 19:30:00,19.1
2024-03-26 19:35:00,14.855994329973168
2024-03-26 19:40:00,6.9356115436623
2024-03-26 19:45:00,0.0
2024-03-26 19:50:00,-2.464257735200776
2024-03-26 19:55:00,-1.6688422686056779
2024-03-26 20:00:00,0.0
2024-03-26 20:05:00,0.6602958700891951
2024-03-26 20:10:00,0.44716493816781344
2024-03-26 20:15:00,0.0
2024-03-26 20:20:00,-0.1769257451560054
2024-03-26 20:25:00,-0.11981748406557874
2024-03-26 20:30:00,0.0
2024-03-26 20:35:00,0.04740711053482627
2024-03-26 20:40:00,0.03210499809450073
2024-03-26 20:45:00,0.0
2024-03-26 20:50:00,-0.012702696983299665
2024-03-26 20:55:00,-0.008602508312424196
2024-03-26 21:00:00,0.0
2024-03-26 21:05:00,0.0034036773983724036
2024-03-26 21:10:00,0.002305035155196083
2024-03-26 21:15:00,0.0
2024-03-26 21:20:00,-0.0009120126101899501
2024-03-26 21:25:00,-0.0006176323083601383
2024-03-26 21:30:00,0.0
2024-03-26 21:35:00,0.0002443730423873975
2024-03-26 21:40:00,0.0001654940782444692
2024-03-26 21:45:00,0.0
2024-03-26 21:50:00,-6.547955935963966e-05
2024-03-26 21:55:00,-4.434400461773852e-05
2024-03-26 22:00:00,0.0
2024-03-26 22:05:00,1.7545195051161213e-05
2024-03-26 22:10:00,1.1881940226485018e-05
2024-03-26 22:15:00,0.0
2024-03-26 22:20:00,-4.701220845005182e-06
2024-03-26 22:25:00,-3.1837562882015402e-06
2024-03-26 22:30:00,0.0
2024-03-26 22:35:00,1.2596883288595152e-06
2024-03-26 22:40:00,8.530849263211355e-07
2024-03-26 22:45:00,0.0
2024-03-26 22:50:00,-3.375324704328788e-07
2024-03-26 22:55:00,-2.2858341708300235e-07
2024-03-26 23:00:00,0.0
2024-03-26 23:05:00,9.044155287199981e-08
2024-03-26 23:10:00,6.124874201087384e-08
2024-03-26 23:15:00,0.0
2024-03-26 23:20:00,-2.4233741055120607e-08
2024-03-26 23:25:00,-1.6411550960493286e-08
2024-03-26 23:30:00,0.0
2024-03-26 23:35:00,6.4934113484826036e-09
2024-03-26 23:40:00,4.397461831099251e-09
2024-03-26 23:45:00,0.0
2024-03-26 23:50:00,-1.7399043388098154e-09
2024-03-26 23:55:00,-1.1782963639037299e-09
2024-03-27 00:00:00,0.0
2024-03-27 00:05:00,4.662060067566578e-10
2024-03-27 00:10:00,3.1572362451566997e-10
2024-03-27 00:15:00,0.0
2024-03-27 00:20:00,-1.2491968821681605e-10
2024-03-27 00:25:00,-8.459813415894983e-11
2024-03-27 00:30:00,0.0
2024-03-27 00:35:00,3.347274611060631e-11
2024-03-27 00:40:00,2.2668912120129085e-11
2024-03-27 00:45:00,0.0
2024-03-27 00:50:00,-8.971296225609215e-12
2024-03-27 00:55:00,-6.0775143215665725e-12
2024-03-27 01:00:00,0.0
2024-03-27 01:05:00,2.4124387918305533e-12
2024-03-27 01:10:00,1.6411451661371864e-12
2024-03-27 01:15:00,0.0
2024-03-27 01:20:00,-6.784589417129965e-13
2024-03-27 01:25:00,-4.870663429821746e-13
2024-03-27 01:30:00,0.0
2024-03-27 01:35:00,3.0139697502143306e-13
2024-03-27 01:40:00,3.0712020579151316e-13
2024-03-27 01:45:00,0.0
2024-03-27 01:50:00,-5.271289583727356e-13
2024-03-27 01:55:00,-7.414144801838778e-13
2024-03-27 02:00:00,0.0
2024-03-27 02:05:00,1.8071188584695094e-12
2024-03-27 02:10:00,2.658537714943999e-12
2024-03-27 02:15:00,0.0
2024-03-27 02:20:00,-6.701346475505301e-12
2024-03-27 02:25:00,-9.892736379592115e-12
2024-03-27 02:30:00,0.0
2024-03-27 02:35:00,2.4998267043551698e-11
2024-03-27 02:40:00,3.691240780342446e-11
2024-03-27 02:45:00,0.0
2024-03-27 02:50:00,-9.32917216987015e-11
2024-03-27 02:55:00,-1.377568948341058e-10
2024-03-27 03:00:00,0.0
2024-03-27 03:05:00,3.4816861975125433e-10
2024-03-27 03:10:00,5.141151715329987e-10
2024-03-27 03:15:00,0.0
2024-03-27 03:20:00,-1.2993827573063157e-09
2024-03-27 03:25:00,-1.9187037912978883e-09
2024-03-27 03:30:00,0.0
2024-03-27 03:35:00,4.8493624094740096e-09
2024-03-27 03:40:00,7.160699993658556e-09
2024-03-27 03:45:00,0.0
2024-03-27 03:50:00,-1.8098066880589725e-08
2024-03-27 03:55:00,-2.6724096183336343e-08
2024-03-27 04:00:00,0.0
2024-03-27 04:05:00,6.754290511288489e-08
2024-03-27 04:10:00,9.973568473968685e-08
2024-03-27 04:15:00,0.0
2024-03-27 04:20:00,-2.520735535709499e-07
2024-03-27 04:25:00,-3.72218642775411e-07
2024-03-27 04:30:00,0.0
2024-03-27 04:35:00,9.407513091709145e-07
2024-03-27 04:40:00,1.3891388863619567e-06
2024-03-27 04:45:00,0.0
2024-03-27 04:50:00,-3.510931683112709e-06
2024-03-27 04:55:00,-5.184336902672418e-06
2024-03-27 05:00:00,0.0
2024-03-27 05:05:00,1.310297542327992e-05
2024-03-27 05:10:00,1.9348208724327713e-05
2024-03-27 05:15:00,0.0
2024-03-27 05:20:00,-4.8900970010006986e-05
2024-03-27 05:25:00,-7.220849799463847e-05
2024-03-27 05:30:00,0.0
2024-03-27 05:35:00,0.00018250090461674798
2024-03-27 05:40:00,0.00026948578325422594
2024-03-27 05:45:00,0.0
2024-03-27 05:50:00,-0.0006811026484569852
2024-03-27 05:55:00,-0.001005734635022266
2024-03-27 06:00:00,0.0
2024-03-27 06:05:00,0.0025419096892111926
2024-03-27 06:10:00,0.0037534527568348387
2024-03-27 06:15:00,0.0
2024-03-27 06:20:00,-0.009486536108387787
2024-03-27 06:25:00,-0.014008076392317086
2024-03-27 06:30:00,0.0
2024-03-27 06:35:00,0.03540423474433995
2024-03-27 06:40:00,0.05227885281243351
2024-03-27 06:45:00,0.0
2024-03-27 06:50:00,-0.132130402868972
2024-03-27 06:55:00,-0.19510733485741694
2024-03-27 07:00:00,0.0
2024-03-27 07:05:00,0.49311737673154826
2024-03-27 07:10:00,0.7281504866172342
2024-03-27 07:15:00,0.0
2024-03-27 07:20:00,-1.8403391040572212
2024-03-27 07:25:00,-2.7174946116115217
2024-03-27 07:30:00,0.0
2024-03-27 07:35:00,8.157127928386226
2024-03-27 07:40:00,20.452939070939962
2024-03-27 07:45:00,34.8
2024-03-27 07:50:00,49.47479035347528
2024-03-27 07:55:00,64.20944203155537
2024-03-27 08:00:00,79.1
2024-03-27 08:05:00,94.18074769474968
2024-03-27 08:10:00,109.23892243246816
2024-03-27 08:15:00,124.0
2024-03-27 08:20:00,138.46518183048894
2024-03-27 08:25:00,153.73857194227563
2024-03-27 08:30:00,171.2
2024-03-27 08:35:00,191.66963609440558
2024-03-27 08:40:00,213.72901202065137
2024-03-27 08:45:00,235.4
2024-03-27 08:50:00,255.09701453262937
2024-03-27 08:55:00,272.80463923437816
2024-03-27 09:00:00,288.9
2024-03-27 09:05:00,303.8830465158176
2024-03-27 09:10:00,318.7450236344287
2024-03-27 09:15:00,334.6
2024-03-27 09:20:00,352.21154014484097
2024-03-27 09:25:00,370.9411921538329
2024-03-27 09:30:00,389.8
2024-03-27 09:35:00,407.9559780900037
2024-03-27 09:40:00,425.2050225650545
2024-03-27 09:45:00,441.5
2024-03-27 09:50:00,456.9719549025515
2024-03-27 09:55:00,472.46464351187495
2024-03-27 10:00:00,489.0
2024-03-27 10:05:00,507.133980077568
2024-03-27 10:10:00,525.5586256096678
2024-03-27 10:15:00,542.5
2024-03-27 10:20:00,556.7328655279172
2024-03-27 10:25:00,569.2267799753797
2024-03-27 10:30:00,581.5
2024-03-27 10:35:00,594.7493726255781
2024-03-27 10:40:00,608.8861063406652
2024-03-27 10:45:00,623.5
2024-03-27 10:50:00,638.0437180438445
2024-03-27 10:55:00,651.4213872545523
2024-03-27 11:00:00,662.4
2024-03-27 11:05:00,670.3498292731181
2024-03-27 11:10:00,677.0542705670516
2024-03-27 11:15:00,684.9
2024-03-27 11:20:00,695.7014093081278
2024-03-27 11:25:00,708.9837526994633
2024-03-27 11:30:00,723.7
2024-03-27 11:35:00,738.6704594202965
2024-03-27 11:40:00,752.1847927091695
2024-03-27 11:45:00,762.4
2024-03-27 11:50:00,768.4352715292044
2024-03-27 11:55:00,773.2585579453402
2024-03-27 12:00:00,780.8
2024-03-27 12:05:00,793.5254914999226
2024-03-27 12:10:00,808.0439384724325
2024-03-27 12:15:00,819.5
2024-03-27 12:20:00,824.5479476562901
2024-03-27 12:25:00,825.8805029797446
2024-03-27 12:30:00,827.7
2024-03-27 12:35:00,833.0234586156581
2024-03-27 12:40:00,840.1266422011819
2024-03-27 12:45:00,846.1
2024-03-27 12:50:00,849.0026623255221
2024-03-27 12:55:00,850.7684837710834
2024-03-27 13:00:00,854.3
2024-03-27 13:05:00,861.317743934105
2024-03-27 13:10:00,868.8142375292992
2024-03-27 13:15:00,872.6
2024-03-27 13:20:00,870.0041397158354
2024-03-27 13:25:00,864.4301216672753
2024-03-27 13:30:00,860.8
2024-03-27 13:35:00,862.4916231284793
2024-03-27 13:40:00,866.7060165423403
2024-03-27 13:45:00,869.1
2024-03-27 13:50:00,866.6404788813587
2024-03-27 13:55:00,861.5347010522522
2024-03-27 14:00:00,857.3
2024-03-27 14:05:00,856.3649798646044
2024-03-27 14:10:00,856.803327396799
2024-03-27 14:15:00,855.6
2024-03-27 14:20:00,850.5514535120755
2024-03-27 14:25:00,842.7001375087001
2024-03-27 14:30:00,833.9
2024-03-27 14:35:00,825.7069838648713
2024-03-27 14:40:00,818.4850114572895
2024-03-27 14:45:00,812.3
2024-03-27 14:50:00,807.2169073247353
2024-03-27 14:55:00,803.2968536991785
2024-03-27 15:00:00,800.6
2024-03-27 15:05:00,798.755016465817
2024-03-27 15:10:00,795.6646107830333
2024-03-27 15:15:00,788.8
2024-03-27 15:20:00,776.6408045897749
2024-03-27 15:25:00,761.700258724244
2024-03-27 15:30:00,747.5
2024-03-27 15:35:00,736.5076911010092
2024-03-27 15:40:00,726.9750950607315
2024-03-27 15:45:00,716.1
2024-03-27 15:50:00,702.0988013765584
2024-03-27 15:55:00,687.2623239957928
2024-03-27 16:00:00,674.9
2024-03-27 16:05:00,667.0822885779421
2024-03-27 16:10:00,660.923757104245
2024-03-27 16:15:00,652.3
2024-03-27 16:20:00,638.3090813487098
2024-03-27 16:25:00,620.9389438835232
2024-03-27 16:30:00,603.4
2024-03-27 16:35:00,588.1073119531443
2024-03-27 16:40:00,574.2945414357363
2024-03-27 16:45:00,560.4
2024-03-27 16:50:00,545.3394486164907
2024-03-27 16:55:00,529.9384459290872
2024-03-27 17:00:00,515.5
2024-03-27 17:05:00,502.78674543274497
2024-03-27 17:10:00,490.3998229960627
2024-03-27 17:15:00,476.4
2024-03-27 17:20:00,459.3617178006777
2024-03-27 17:25:00,439.9141139385136
2024-03-27 17:30:00,419.2
2024-03-27 17:35:00,398.6219389200999
2024-03-27 17:40:00,380.6214990276605
2024-03-27 17:45:00,367.9
2024-03-27 17:50:00,360.4690450374412
2024-03-27 17:55:00,347.58137143232585
2024-03-27 18:00:00,315.8
2024-03-27 18:05:00,257.9796587079129
2024-03-27 18:10:00,192.14190413192503
2024-03-27 18:15:00,142.6
2024-03-27 18:20:00,126.22343124201836
2024-03-27 18:25:00,130.10656759552953
2024-03-27 18:30:00,133.9
2024-03-27 18:35:00,122.69328299068027
2024-03-27 18:40:00,103.33182548595678
2024-03-27 18:45:00,88.1
2024-03-27 18:50:00,85.76639975822349
2024-03-27 18:55:00,91.03650083101365
2024-03-27 19:00:00,95.1
2024-03-27 19:05:00,91.18556242087017
2024-03-27 19:10:00,80.67772674554415
2024-03-27 19:15:00,67.0
2024-03-27 19:20:00,53.04690611385137
2024-03-27 19:25:00,39.59703663125419
2024-03-27 19:30:00,26.9
2024-03-27 19:35:00,15.360146457057681
2024-03-27 19:40:00,6.000793396105723
2024-03-27 19:45:00,0.0
2024-03-27 19:50:00,-1.9800845346746865
2024-03-27 19:55:00,-1.3409509564178324
2024-03-27 20:00:00,0.0
2024-03-27 20:05:00,0.5305620520114376
2024-03-27 20:10:00,0.3593067258618994
2024-03-27 20:15:00,0.0
2024-03-27 20:20:00,-0.14216367337106398
2024-03-27 20:25:00,-0.09627594702976666
2024-03-27 20:30:00,0.0
2024-03-27 20:35:00,0.0380926414728185
2024-03-27 20:40:00,0.025797062257167533
2024-03-27 20:45:00,0.0
2024-03-27 20:50:00,-0.010206892520210011
2024-03-27 20:55:00,-0.00691230199890344
2024-03-27 21:00:00,0.0
2024-03-27 21:05:00,0.002734928608021539
2024-03-27 21:10:00,0.001852145738446212
2024-03-27 21:15:00,0.0
2024-03-27 21:20:00,-0.0007328219118761459
2024-03-27 21:25:00,-0.0004962809548814078
2024-03-27 21:30:00,0.0
2024-03-27 21:35:00,0.0001963590394830447
2024-03-27 21:40:00,0.00013297808107941978
2024-03-27 21:45:00,0.0
2024-03-27 21:50:00,-5.261424605603275e-05
2024-03-27 21:55:00,-3.563136943627085e-05
2024-03-27 22:00:00,0.0
2024-03-27 22:05:00,1.4097944741086357e-05
2024-03-27 22:10:00,9.547396665663764e-06
2024-03-27 22:15:00,0.0
2024-03-27 22:20:00,-3.7775329083126866e-06
2024-03-27 22:25:00,-2.558217226384204e-06
2024-03-27 22:30:00,0.0
2024-03-27 22:35:00,1.0121868921643885e-06
2024-03-27 22:40:00,6.854722398730553e-07
2024-03-27 22:45:00,0.0
2024-03-27 22:50:00,-2.712146603448657e-07
2024-03-27 22:55:00,-1.8367173310801146e-07
2024-03-27 23:00:00,0.0
2024-03-27 23:05:00,7.267174921507467e-08
2024-03-27 23:10:00,4.921469255899205e-08
2024-03-27 23:15:00,0.0
2024-03-27 23:20:00,-1.9472336515433043e-08
2024-03-27 23:25:00,-1.3187037127956674e-08
2024-03-27 23:30:00,0.0
2024-03-27 23:35:00,5.2175968466575274e-09
2024-03-27 23:40:00,3.533455952834724e-09
2024-03-27 23:45:00,0.0
2024-03-27 23:50:00,-1.3980508711970613e-09
2024-03-27 23:55:00,-9.46786683382203e-10
2024-03-28 00:00:00,0.0
2024-03-28 00:05:00,3.7460663813071894e-10
2024-03-28 00:10:00,2.5369078069409205e-10
2024-03-28 00:15:00,0.0
2024-03-28 00:20:00,-1.0037568132581392e-10
2024-03-28 00:25:00,-6.797643939416325e-11
2024-03-28 00:30:00,0.0
2024-03-28 00:35:00,2.689608717253681e-11
2024-03-28 00:40:00,1.821497688256114e-11
2024-03-28 00:45:00,0.0
2024-03-28 00:50:00,-7.2086673643333145e-12
2024-03-28 00:55:00,-4.883468136081221e-12
2024-03-28 01:00:00,0.0
2024-03-28 01:05:00,1.938582284796455e-12
2024-03-28 01:10:00,1.318895661763782e-12
2024-03-28 01:15:00,0.0
2024-03-28 01:20:00,-5.456617748525069e-13
2024-03-28 01:25:00,-3.92114510973906e-13
2024-03-28 01:30:00,0.0
2024-03-28 01:35:00,2.4406481461357225e-13
2024-03-28 01:40:00,2.495623821318404e-13
2024-03-28 01:45:00,0.0
2024-03-28 01:50:00,-4.305974836017822e-13
2024-03-28 01:55:00,-6.061350175534557e-13
2024-03-28 02:00:00,0.0
2024-03-28 02:05:00,1.4783251197935566e-12
2024-03-28 02:10:00,2.174977688081984e-12
2024-03-28 02:15:00,0.0
2024-03-28 02:20:00,-5.4827029955724445e-12
2024-03-28 02:25:00,-8.093775734774479e-12
2024-03-28 02:30:00,0.0
2024-03-28 02:35:00,2.0452486862496224e-11
2024-03-28 02:40:00,3.0200125251015935e-11
2024-03-28 02:45:00,0.0
2024-03-28 02:50:00,-7.632724445441247e-11
2024-03-28 02:55:00,-1.1270672526928928e-10
2024-03-28 03:00:00,0.0
2024-03-28 03:05:00,2.848564909551536e-10
2024-03-28 03:10:00,4.206267758261412e-10
2024-03-28 03:15:00,0.0
2024-03-28 03:20:00,-1.063098719366202e-09
2024-03-28 03:25:00,-1.5698003780352754e-09
2024-03-28 03:30:00,0.0
2024-03-28 03:35:00,3.967538386509654e-09
2024-03-28 03:40:00,5.858574736314959e-09
2024-03-28 03:45:00,0.0
2024-03-28 03:50:00,-1.4807054826672415e-08
2024-03-28 03:55:00,-2.186449856722457e-08
2024-03-28 04:00:00,0.0
2024-03-28 04:05:00,5.526068092018001e-08
2024-03-28 04:10:00,8.159941953258331e-08
2024-03-28 04:15:00,0.0
2024-03-28 04:20:00,-2.0623566885404769e-07
2024-03-28 04:25:00,-3.045331795631087e-07
2024-03-28 04:30:00,0.0
2024-03-28 04:35:00,7.696819944960108e-07
2024-03-28 04:40:00,1.1365332987198515e-06
2024-03-28 04:45:00,0.0
2024-03-28 04:50:00,-2.8724923091299954e-06
2024-03-28 04:55:00,-4.241600015316297e-06
2024-03-28 05:00:00,0.0
2024-03-28 05:05:00,1.0720287242023972e-05
2024-03-28 05:10:00,1.5829866762545344e-05
2024-03-28 05:15:00,0.0
2024-03-28 05:20:00,-4.000865665896589e-05
2024-03-28 05:25:00,-5.9077867034865064e-05
2024-03-28 05:30:00,0.0
2024-03-28 05:35:00,0.00014931433939383958
2024-03-28 05:40:00,0.00022048160137691497
2024-03-28 05:45:00,0.0
2024-03-28 05:50:00,-0.0005572487009163926
2024-03-28 05:55:00,-0.0008228485384727947
2024-03-28 06:00:00,0.0
2024-03-28 06:05:00,0.002079680464271731
2024-03-28 06:10:00,0.0030709125525142647
2024-03-28 06:15:00,0.0
2024-03-28 06:20:00,-0.007761473156170532
2024-03-28 06:25:00,-0.011460801671584267
2024-03-28 06:30:00,0.0
2024-03-28 06:35:00,0.0289662121604104
2024-03-28 06:40:00,0.04277229413382279
2024-03-28 06:45:00,0.0
2024-03-28 06:50:00,-0.10810337548547105
2024-03-28 06:55:00,-0.1596283748637069
2024-03-28 07:00:00,0.0
2024-03-28 07:05:00,0.4034472897814738
2024-03-28 07:10:00,0.5957412053210048
2024-03-28 07:15:00,0.0
2024-03-28 07:20:00,-1.5056857836404243
2024-03-28 07:25:00,-2.2233364464203125
2024-03-28 07:30:00,0.0
2024-03-28 07:35:00,6.819295844780224
2024-03-28 07:40:00,17.897604580360245
2024-03-28 07:45:00,32.4
2024-03-28 07:50:00,48.62850240451952
2024-03-28 07:55:00,61.432918124979324
2024-03-28 08:00:00,64.8
2024-03-28 08:05:00,56.059287129734244
2024-03-28 08:10:00,45.911463660463184
2024-03-28 08:15:00,48.4
2024-03-28 08:20:00,72.98620092839533
2024-03-28 08:25:00,110.80270871464944
2024-03-28 08:30:00,148.4
2024-03-28 08:35:00,175.4922054529807
2024-03-28 08:40:00,194.44807185130944
2024-03-28 08:45:00,210.8
2024-03-28 08:50:00,228.79312540782996
2024-03-28 08:55:00,247.52352239863134
2024-03-28 09:00:00,264.8
2024-03-28 09:05:00,279.19455217495874
2024-03-28 09:10:00,292.3319126282392
2024-03-28 09:15:00,306.6
2024-03-28 09:20:00,323.71755478122384
2024-03-28 09:25:00,342.7266048661895
2024-03-28 09:30:00,362.0
2024-03-28 09:35:00,380.3944879594051
2024-03-28 09:40:00,398.7024086477433
2024-03-28 09:45:00,418.2
2024-03-28 09:50:00,439.0600489367112
2024-03-28 09:55:00,457.041538320615
2024-03-28 10:00:00,466.8
2024-03-28 10:05:00,465.82087184930555
2024-03-28 10:10:00,462.9092158475744
2024-03-28 10:15:00,469.7
2024-03-28 10:20:00,493.93794514754796
2024-03-28 10:25:00,527.8067834742725
2024-03-28 10:30:00,559.6
2024-03-28 10:35:00,580.5125327456877
2024-03-28 10:40:00,593.345131736817
2024-03-28 10:45:00,603.8
2024-03-28 10:50:00,616.3897016474785
2024-03-28 10:55:00,630.8682451340147
2024-03-28 11:00:00,645.8
2024-03-28 11:05:00,659.9619939977307
2024-03-28 11:10:00,672.9818877271235
2024-03-28 11:15:00,684.7
2024-03-28 11:20:00,695.0660260653023
2024-03-28 11:25:00,704.467166920454
2024-03-28 11:30:00,713.4
2024-03-28 11:35:00,722.3479758151349
2024-03-28 11:40:00,731.7420371836532
2024-03-28 11:45:00,742.0
2024-03-28 11:50:00,753.1124410445289
2024-03-28 11:55:00,763.3609806412294
2024-03-28 12:00:00,770.6
2024-03-28 12:05:00,773.6504081548978
2024-03-28 12:10:00,775.1992254366143
2024-03-28 12:15:00,778.9
2024-03-28 12:20:00,787.2192596692133
2024-03-28 12:25:00,797.8754509456464
2024-03-28 12:30:00,807.4
2024-03-28 12:35:00,813.1132939089895
2024-03-28 12:40:00,815.4915633733921
2024-03-28 12:45:00,815.8
2024-03-28 12:50:00,815.5683054355693
2024-03-28 12:55:00,817.3842214867111
2024-03-28 13:00:00,824.1
2024-03-28 13:05:00,836.7282991635478
2024-03-28 13:10:00,848.9234025316154
2024-03-28 13:15:00,852.5
2024-03-28 13:20:00,841.5333127250539
2024-03-28 13:25:00,819.1406869053461
2024-03-28 13:30:00,790.7
2024-03-28 13:35:00,761.4532647510515
2024-03-28 13:40:00,736.0990350321857
2024-03-28 13:45:00,719.2
2024-03-28 13:50:00,714.6832579003699
2024-03-28 13:55:00,723.9335433362817
2024-03-28 14:00:00,747.7
2024-03-28 14:05:00,784.2137036474694
2024-03-28 14:10:00,821.6334582893544
2024-03-28 14:15:00,845.6
2024-03-28 14:20:00,846.2285941764195
2024-03-28 14:25:00,831.5326235063006
2024-03-28 14:30:00,814.0
2024-03-28 14:35:00,803.2756233505565
2024-03-28 14:40:00,797.6323439817393
2024-03-28 14:45:00,792.5
2024-03-28 14:50:00,784.6578013102434
2024-03-28 14:55:00,776.2824450111865
2024-03-28 15:00:00,770.9
2024-03-28 15:05:00,770.5968751121737
2024-03-28 15:10:00,771.7008389364773
2024-03-28 15:15:00,769.1
2024-03-28 15:20:00,759.1621056484689
2024-03-28 15:25:00,744.1734585021632
2024-03-28 15:30:00,727.9
2024-03-28 15:35:00,713.2806282198763
2024-03-28 15:40:00,699.9460677956106
2024-03-28 15:45:00,686.7
2024-03-28 15:50:00,672.7190851757289
2024-03-28 15:55:00,658.6718999450244
2024-03-28 16:00:00,645.6
2024-03-28 16:05:00,634.2726607068382
2024-03-28 16:10:00,624.3700361279961
2024-03-28 16:15:00,615.3
2024-03-28 16:20:00,606.4273090339558
2024-03-28 16:25:00,596.9442518392879
2024-03-28 16:30:00,586.0
2024-03-28 16:35:00,573.0440290832645
2024-03-28 16:40:00,558.7270305889265
2024-03-28 16:45:00,544.0
2024-03-28 16:50:00,529.5299079663199
2024-03-28 16:55:00,514.8476258050061
2024-03-28 17:00:00,499.2
2024-03-28 17:05:00,482.19930201441906
2024-03-28 17:10:00,464.91950322808606
2024-03-28 17:15:00,448.8
2024-03-28 17:20:00,434.7691802723003
2024-03-28 17:25:00,421.7113983196869
2024-03-28 17:30:00,408.0
2024-03-28 17:35:00,392.44990282230566
2024-03-28 17:40:00,375.6423109005737
2024-03-28 17:45:00,358.6
2024-03-28 17:50:00,342.05713436440305
2024-03-28 17:55:00,325.5934321520922
2024-03-28 18:00:00,308.5
2024-03-28 18:05:00,290.35118934971206
2024-03-28 18:10:00,271.8543308614278
2024-03-28 18:15:00,254.0
2024-03-28 18:20:00,237.48255268119328
2024-03-28 18:25:00,221.81146662441893
2024-03-28 18:30:00,206.2
2024-03-28 18:35:00,190.05193325884815
2024-03-28 18:40:00,173.5331359742298
2024-03-28 18:45:00,157.0
2024-03-28 18:50:00,140.74675132045115
2024-03-28 18:55:00,124.81895244162486
2024-03-28 19:00:00,109.2
2024-03-28 19:05:00,93.91291331119909
2024-03-28 19:10:00,79.13920240741898
2024-03-28 19:15:00,65.1
2024-03-28 19:20:00,51.94603987919689
2024-03-28 19:25:00,39.546460150921504
2024-03-28 19:30:00,27.7
2024-03-28 19:35:00,16.4732975423837
2024-03-28 19:40:00,7.004586618524632
2024-03-28 19:45:00,0.7
2024-03-28 19:50:00,-1.5836744931761353
2024-03-28 19:55:00,-1.1870288472422614
2024-03-28 20:00:00,0.0
2024-03-28 20:05:00,0.47991894883936076
2024-03-28 20:10:00,0.3250102519258914
2024-03-28 20:15:00,0.0
2024-03-28 20:20:00,-0.1285938947739
2024-03-28 20:25:00,-0.08708623453537837
2024-03-28 20:30:00,0.0
2024-03-28 20:35:00,0.034456630256239275
2024-03-28 20:40:00,0.023334686215621972
2024-03-28 20:45:00,0.0
2024-03-28 20:50:00,-0.009232626251057101
2024-03-28 20:55:00,-0.006252510327109554
2024-03-28 21:00:00,0.0
2024-03-28 21:05:00,0.0024738747479891355
2024-03-28 21:10:00,0.0016753550928162624
2024-03-28 21:15:00,0.0
2024-03-28 21:20:00,-0.0006628727408994359
2024-03-28 21:25:00,-0.00044891004415548565
2024-03-28 21:30:00,0.0
2024-03-28 21:35:00,0.0001776162156086087
2024-03-28 21:40:00,0.00012028508380568207
2024-03-28 21:45:00,0.0
2024-03-28 21:50:00,-4.7592121534998876e-05
2024-03-28 21:55:00,-3.223029106724242e-05
2024-03-28 22:00:00,0.0
2024-03-28 22:05:00,1.2752270531386793e-05
2024-03-28 22:10:00,8.636080463287637e-06
2024-03-28 22:15:00,0.0
2024-03-28 22:20:00,-3.4169605905483006e-06
2024-03-28 22:25:00,-2.3140307859081264e-06
2024-03-28 22:30:00,0.0
2024-03-28 22:35:00,9.155718308064093e-07
2024-03-28 22:40:00,6.200426803448682e-07
2024-03-28 22:45:00,0.0
2024-03-28 22:50:00,-2.453267326773373e-07
2024-03-28 22:55:00,-1.6613993547134753e-07
2024-03-28 23:00:00,0.0
2024-03-28 23:05:00,6.57350999029397e-08
2024-03-28 23:10:00,4.451706154052174e-08
2024-03-28 23:15:00,0.0
2024-03-28 23:20:00,-1.76136669344216e-08
2024-03-28 23:25:00,-1.1928310690739459e-08
2024-03-28 23:30:00,0.0
2024-03-28 23:35:00,4.719567834746678e-09
2024-03-28 23:40:00,3.196181222436058e-09
2024-03-28 23:45:00,0.0
2024-03-28 23:50:00,-1.2646044045651164e-09
2024-03-28 23:55:00,-8.56414199004792e-10
2024-03-29 00:00:00,0.0
2024-03-29 00:05:00,3.388497835137884e-10
2024-03-29 00:10:00,2.2947557358310936e-10
2024-03-29 00:15:00,0.0
2024-03-29 00:20:00,-9.079472949003716e-11
2024-03-29 00:25:00,-6.148809532764451e-11
2024-03-29 00:30:00,0.0
2024-03-29 00:35:00,2.4329134446360232e-11
2024-03-29 00:40:00,1.6476807727468716e-11
2024-03-29 00:45:00,0.0
2024-03-29 00:50:00,-6.521808295403787e-12
2024-03-29 00:55:00,-4.419135582230388e-12
2024-03-29 01:00:00,0.0
2024-03-29 01:05:00,1.7580987352549171e-12
2024-03-29 01:10:00,1.1997346014528442e-12
2024-03-29 01:15:00,0.0
2024-03-29 01:20:00,-5.105866456158817e-13
2024-03-29 01:25:00,-3.798028235809912e-13
2024-03-29 01:30:00,0.0
2024-03-29 01:35:00,2.842478472086097e-13
2024-03-29 01:40:00,3.1947669287111926e-13
2024-03-29 01:45:00,0.0
2024-03-29 01:50:00,-6.264047432185574e-13
2024-03-29 01:55:00,-8.981039479034861e-13
2024-03-29 02:00:00,0.0
2024-03-29 02:05:00,2.2213711256656204e-12
2024-03-29 02:10:00,3.272939098742826e-12
2024-03-29 02:15:00,0.0
2024-03-29 02:20:00,-8.259079759443924e-12
2024-03-29 02:25:00,-1.2193652447067818e-11
2024-03-29 02:30:00,0.0
2024-03-29 02:35:00,3.081494791211008e-11
2024-03-29 02:40:00,4.5501670689528445e-11
2024-03-29 02:45:00,0.0
2024-03-29 02:50:00,-1.1500071188899638e-10
2024-03-29 02:55:00,-1.6981303031104587e-10
2024-03-29 03:00:00,0.0
2024-03-29 03:05:00,4.2918789964387543e-10
2024-03-29 03:10:00,6.337504505546555e-10
2024-03-29 03:15:00,0.0
2024-03-29 03:20:00,-1.6017508866865051e-09
2024-03-29 03:25:00,-2.365188771907576e-09
2024-03-29 03:30:00,0.0
2024-03-29 03:35:00,5.977815647102147e-09
2024-03-29 03:40:00,8.827004637075648e-09
2024-03-29 03:45:00,0.0
2024-03-29 03:50:00,-2.2309511701722085e-08
2024-03-29 03:55:00,-3.294282977639503e-08
2024-03-29 04:00:00,0.0
2024-03-29 04:05:00,8.326023115978621e-08
2024-03-29 04:10:00,1.2294431446850442e-07
2024-03-29 04:15:00,0.0
2024-03-29 04:20:00,-3.107314129374227e-07
2024-03-29 04:25:00,-4.5883442809762267e-07
2024-03-29 04:30:00,0.0
2024-03-29 04:35:00,1.1596654205899047e-06
2024-03-29 04:40:00,1.7123933979219865e-06
2024-03-29 04:45:00,0.0
2024-03-29 04:50:00,-4.327930269422197e-06
2024-03-29 04:55:00,-6.390739163590322e-06
2024-03-29 05:00:00,0.0
2024-03-29 05:05:00,1.615205565709888e-05
2024-03-29 05:10:00,2.385056325643931e-05
2024-03-29 05:15:00,0.0
2024-03-29 05:20:00,-6.028029235897333e-05
2024-03-29 05:25:00,-8.901151386216691e-05
2024-03-29 05:30:00,0.0
2024-03-29 05:35:00,0.00022496911377879446
2024-03-29 05:40:00,0.0003321954921922284
2024-03-29 05:45:00,0.0
2024-03-29 05:50:00,-0.0008395961627562046
2024-03-29 05:55:00,-0.0012397704549067465
2024-03-29 06:00:00,0.0
2024-03-29 06:05:00,0.0031334155372460246
2024-03-29 06:10:00,0.004626886327434761
2024-03-29 06:15:00,0.0
2024-03-29 06:20:00,-0.011694065986227893
2024-03-29 06:25:00,-0.017267774854832284
2024-03-29 06:30:00,0.0
2024-03-29 06:35:00,0.04364284840766554
2024-03-29 06:40:00,0.06444421309189437
2024-03-29 06:45:00,0.0
2024-03-29 06:50:00,-0.1628773276444343
2024-03-29 06:55:00,-0.2405090775127453
2024-03-29 07:00:00,0.0
2024-03-29 07:05:00,0.6078664621700716
2024-03-29 07:10:00,0.8975920969590867
2024-03-29 07:15:00,0.0
2024-03-29 07:20:00,-2.268588521035853
2024-03-29 07:25:00,-3.3498593103236027
2024-03-29 07:30:00,0.0
2024-03-29 07:35:00,9.888709844195562
2024-03-29 07:40:00,23.879622922113104
2024-03-29 07:45:00,38.4
2024-03-29 07:50:00,50.784119514623974
2024-03-29 07:55:00,61.994330584834145
2024-03-29 08:00:00,73.9
2024-03-29 08:05:00,87.92666394916041
2024-03-29 08:10:00,103.7245362200318
2024-03-29 08:15:00,120.5
2024-03-29 08:20:00,137.43144691095662
2024-03-29 08:25:00,153.58530231281642
2024-03-29 08:30:00,168.0
2024-03-29 08:35:00,180.66977062923536
2024-03-29 08:40:00,195.41203230648023
2024-03-29 08:45:00,217.0
2024-03-29 08:50:00,246.31539649802795
2024-03-29 08:55:00,268.67397586866997
2024-03-29 09:00:00,265.5
2024-03-29 09:05:00,226.253828563838
2024-03-29 09:10:00,172.54021236698802
2024-03-29 09:15:00,134.0
2024-03-29 09:20:00,132.50632628365705
2024-03-29 09:25:00,158.86147095967434
2024-03-29 09:30:00,196.1
2024-03-29 09:35:00,230.89123667190418
2024-03-29 09:40:00,264.4435334239444
2024-03-29 09:45:00,301.6
2024-03-29 09:50:00,342.19168999168926
2024-03-29 09:55:00,366.00143238158523
2024-03-29 10:00:00,347.8
2024-03-29 10:05:00,276.2827441020796
2024-03-29 10:10:00,195.84332964230722
2024-03-29 10:15:00,164.8
2024-03-29 10:20:00,221.8736298962885
2024-03-29 10:25:00,327.3956194195562
2024-03-29 10:30:00,422.1
2024-03-29 10:35:00,460.76347705350713
2024-03-29 10:40:00,454.3334519387271
2024-03-29 10:45:00,427.8
2024-03-29 10:50:00,404.25764707486826
2024-03-29 10:55:00,399.2187209736836
2024-03-29 11:00:00,426.3
2024-03-29 11:05:00,491.9429716840569
2024-03-29 11:10:00,573.8879604628348
2024-03-29 11:15:00,642.7
2024-03-29 11:20:00,676.6000958185341
2024-03-29 11:25:00,684.4331408786808
2024-03-29 11:30:00,682.7
2024-03-29 11:35:00,684.7936820788441
2024-03-29 11:40:00,691.6757723187383
2024-03-29 11:45:00,701.2
2024-03-29 11:50:00,711.4325832734969
2024-03-29 11:55:00,721.2896957722926
2024-03-29 12:00:00,729.9
2024-03-29 12:05:00,736.7241329753163
2024-03-29 12:10:00,742.5506297772765
2024-03-29 12:15:00,748.5
2024-03-29 12:20:00,755.2745885289416
2024-03-29 12:25:00,761.904081414898
2024-03-29 12:30:00,767.0
2024-03-29 12:35:00,769.773809205213
2024-03-29 12:40:00,771.8367482668355
2024-03-29 12:45:00,775.4
2024-03-29 12:50:00,781.8116561316879
2024-03-29 12:55:00,788.9674440362785
2024-03-29 13:00:00,793.9
2024-03-29 13:05:00,794.6277144161835
2024-03-29 13:10:00,793.1119941065692
2024-03-29 13:15:00,792.3
2024-03-29 13:20:00,794.2923010183928
2024-03-29 13:25:00,797.8030980559629
2024-03-29 13:30:00,800.7
2024-03-29 13:35:00,801.395674102838
2024-03-29 13:40:00,800.4830210769867
2024-03-29 13:45:00,799.1
2024-03-29 13:50:00,797.7916692369223
2024-03-29 13:55:00,794.7314843027575
2024-03-29 14:00:00,787.5
2024-03-29 14:05:00,775.1413526531768
2024-03-29 14:10:00,762.5540046749463
2024-03-29 14:15:00,756.1
2024-03-29 14:20:00,759.8132905207411
2024-03-29 14:25:00,768.4154599604203
2024-03-29 14:30:00,774.3
2024-03-29 14:35:00,771.8351148934883
2024-03-29 14:40:00,763.2878591870762
2024-03-29 14:45:00,752.9
2024-03-29 14:50:00,743.7425462016017
2024-03-29 14:55:00,734.2034736616454
2024-03-29 15:00:00,721.5
2024-03-29 15:05:00,704.1058114112155
2024-03-29 15:10:00,685.5204683885646
2024-03-29 15:15:00,670.5
2024-03-29 15:20:00,662.4897637090913
2024-03-29 15:25:00,659.6924305618742
2024-03-29 15:30:00,659.0
2024-03-29 15:35:00,657.6388374561226
2024-03-29 15:40:00,654.1727723269021
2024-03-29 15:45:00,647.5
2024-03-29 15:50:00,636.5030346145666
2024-03-29 15:55:00,620.0016653157032
2024-03-29 16:00:00,596.8
2024-03-29 16:05:00,566.5305055670929
2024-03-29 16:10:00,532.1390849288036
2024-03-29 16:15:00,497.4
2024-03-29 16:20:00,465.4304986726174
2024-03-29 16:25:00,436.71977274686026
2024-03-29 16:30:00,411.1
2024-03-29 16:35:00,388.59564789058555
2024-03-29 16:40:00,370.0003426022741
2024-03-29 16:45:00,356.3
2024-03-29 16:50:00,347.77950235763313
2024-03-29 16:55:00,341.91959758478436
2024-03-29 17:00:00,335.5
2024-03-29 17:05:00,325.49004638258566
2024-03-29 17:10:00,309.6175633548847
2024-03-29 17:15:00,285.8
2024-03-29 17:20:00,254.07512692683918
2024-03-29 17:25:00,222.9620008475287
2024-03-29 17:30:00,203.1
2024-03-29 17:35:00,201.5427792433911
2024-03-29 17:40:00,211.00109992166716
2024-03-29 17:45:00,220.6
2024-03-29 17:50:00,221.87227461811491
2024-03-29 17:55:00,215.9817476139508
2024-03-29 18:00:00,206.5
2024-03-29 18:05:00,196.40886302488994
2024-03-29 18:10:00,186.33116888178887
2024-03-29 18:15:00,176.3
2024-03-29 18:20:00,166.18856957862158
2024-03-29 18:25:00,155.2306138959309
2024-03-29 18:30:00,142.5
2024-03-29 18:35:00,127.38500680877186
2024-03-29 18:40:00,110.53156071967284
2024-03-29 18:45:00,92.9
2024-03-29 18:50:00,75.73436614925386
2024-03-29 18:55:00,61.413513595748185
2024-03-29 19:00:00,52.6
2024-03-29 19:05:00,50.51826933495338
2024-03-29 19:10:00,50.64031082326036
2024-03-29 19:15:00,47.0
2024-03-29 19:20:00,35.62218614056225
2024-03-29 19:25:00,20.49561348158074
2024-03-29 19:30:00,7.6
2024-03-29 19:35:00,1.392986102797623
2024-03-29 19:40:00,0.24390191708335696
2024-03-29 19:45:00,1.0
2024-03-29 19:50:00,1.1317953741731834
2024-03-29 19:55:00,0.6028529241599045
2024-03-29 20:00:00,0.0
2024-03-29 20:05:00,-0.22387130319405957
2024-03-29 20:10:00,-0.15160991001927154
2024-03-29 20:15:00,0.0
2024-03-29 20:20:00,0.059986134899351465
2024-03-29 20:25:00,0.0406237529542193
2024-03-29 20:30:00,0.0
2024-03-29 20:35:00,-0.016073236403346323
2024-03-29 20:40:00,-0.010885101797605552
2024-03-29 20:45:00,0.0
2024-03-29 20:50:00,0.004306810714033809
2024-03-29 20:55:00,0.002916654236202865
2024-03-29 21:00:00,0.0
2024-03-29 21:05:00,-0.0011540064527889192
2024-03-29 21:10:00,-0.0007815151472059198
2024-03-29 21:15:00,0.0
2024-03-29 21:20:00,0.0003092150971218681
2024-03-29 21:25:00,0.00020940635262081577
2024-03-29 21:30:00,0.0
2024-03-29 21:35:00,-8.285393569855305e-05
2024-03-29 21:40:00,-5.611026327734288e-05
2024-03-29 21:45:00,0.0
2024-03-29 21:50:00,2.220064567234403e-05
2024-03-29 21:55:00,1.5034700488555506e-05
2024-03-29 22:00:00,0.0
2024-03-29 22:05:00,-5.9486469908230955e-06
2024-03-29 22:10:00,-4.0285386768792166e-06
2024-03-29 22:15:00,0.0
2024-03-29 22:20:00,1.5939422909483557e-06
2024-03-29 22:25:00,1.079454218961372e-06
2024-03-29 22:30:00,0.0
2024-03-29 22:35:00,-4.2712217297032677e-07
2024-03-29 22:40:00,-2.8927819896626706e-07
2024-03-29 22:45:00,0.0
2024-03-29 22:50:00,1.1454640093295124e-07
2024-03-29 22:55:00,7.765857690369576e-08
2024-03-29 23:00:00,0.0
2024-03-29 23:05:00,-3.10634307614783e-08
2024-03-29 23:10:00,-2.135610864851634e-08
2024-03-29 23:15:00,0.0
2024-03-29 23:20:00,9.70732211296197e-09
2024-03-29 23:25:00,7.765857690369577e-09
2024-03-29 23:30:00,0.0
2024-03-29 23:35:00,-7.765857690369577e-09
2024-03-29 23:40:00,-9.70732211296197e-09
2024-03-29 23:45:00,0.0
