Date,Simple Date,I Temperature (°F),Wind Speed (mph),Wind Gust (mph),Max Daily Gust (mph),Wind Direction (°),Hourly Rain (in/hr),Event Rain (in),Daily Rain (in),Weekly Rain (in),Monthly Rain (in),Yearly Rain (in),Relative Pressure (inHg),Humidity (%),Ultra-Violet Radiation Index,Solar Radiation (W/m^2),PM2.5 Outdoor (µg/m^3),PM2.5 Outdoor 24 Hour Average (µg/m^3),Absolute Pressure (inHg),Avg Wind Direction (10 mins) (°),Avg Wind Speed (10 mins) (mph),CO2 battery,PM2.5 Outdoor,PM2.5 Outdoor 24 Hour Average
2024-03-15 00:00:00-05:00,2024-03-15 00:00:00,36.5,2.9,3.8,25.9,328,0.0,0.0,0.0,0.0,0.0,0.23,28.43,81,0,0.0,,,28.43,332,2.5,1,308.0,308.0
2024-03-15 00:05:00-05:00,2024-03-15 00:05:00,36.0,2.7,3.8,5.6,11,0.0,0.0,0.0,0.0,0.0,0.23,28.43,82,0,0.0,,,28.43,328,2.5,1,308.0,308.0
2024-03-15 00:10:00-05:00,2024-03-15 00:10:00,35.8,1.3,3.1,6.0,342,0.0,0.0,0.0,0.0,0.0,0.23,28.43,82,0,0.0,,,28.43,342,2.2,1,308.0,308.0
2024-03-15 00:15:00-05:00,2024-03-15 00:15:00,35.6,2.7,5.6,6.0,318,0.0,0.0,0.0,0.0,0.0,0.23,28.44,82,0,0.0,,,28.44,348,2.0,1,308.0,308.0
2024-03-15 00:20:00-05:00,2024-03-15 00:20:00,35.2,1.1,4.5,6.0,14,0.0,0.0,0.0,0.0,0.0,0.23,28.44,82,0,0.0,,,28.44,355,2.5,1,308.0,308.0
2024-03-15 00:25:00-05:00,2024-03-15 00:25:00,35.1,2.0,3.8,6.0,357,0.0,0.0,0.0,0.0,0.0,0.23,28.43,83,0,0.0,,,28.43,346,2.2,1,308.0,308.0
2024-03-15 00:30:00-05:00,2024-03-15 00:30:00,34.7,1.8,4.5,6.0,14,0.0,0.0,0.0,0.0,0.0,0.23,28.44,83,0,0.0,,,28.44,12,1.6,1,308.0,308.0
2024-03-15 00:35:00-05:00,2024-03-15 00:35:00,34.7,1.6,3.8,6.0,355,0.0,0.0,0.0,0.0,0.0,0.23,28.43,83,0,0.0,,,28.43,9,1.6,1,308.0,308.0
2024-03-15 00:40:00-05:00,2024-03-15 00:40:00,34.5,1.3,3.4,6.0,342,0.0,0.0,0.0,0.0,0.0,0.23,28.43,83,0,0.0,,,28.43,348,1.6,1,308.0,308.0
2024-03-15 00:45:00-05:00,2024-03-15 00:45:00,34.3,1.1,2.9,6.0,354,0.0,0.0,0.0,0.0,0.0,0.23,28.43,84,0,0.0,,,28.43,356,1.3,1,308.0,308.0
2024-03-15 00:50:00-05:00,2024-03-15 00:50:00,34.2,2.2,2.9,6.0,14,0.0,0.0,0.0,0.0,0.0,0.23,28.43,84,0,0.0,,,28.43,348,1.3,1,308.0,308.0
2024-03-15 00:55:00-05:00,2024-03-15 00:55:00,34.2,1.6,3.8,6.0,307,0.0,0.0,0.0,0.0,0.0,0.23,28.43,85,0,0.0,,,28.43,8,1.3,1,308.0,308.0
2024-03-15 01:00:00-05:00,2024-03-15 01:00:00,34.2,0.0,3.1,6.0,339,0.0,0.0,0.0,0.0,0.0,0.23,28.43,84,0,0.0,,,28.43,345,1.6,1,308.0,308.0
2024-03-15 01:05:00-05:00,2024-03-15 01:05:00,34.0,1.6,2.5,6.0,5,0.0,0.0,0.0,0.0,0.0,0.23,28.43,85,0,0.0,,,28.43,324,1.3,1,308.0,308.0
2024-03-15 01:10:00-05:00,2024-03-15 01:10:00,33.8,2.0,3.1,6.0,330,0.0,0.0,0.0,0.0,0.0,0.23,28.44,85,0,0.0,,,28.44,349,1.3,1,308.0,308.0
2024-03-15 01:15:00-05:00,2024-03-15 01:15:00,33.6,0.0,5.6,6.0,341,0.0,0.0,0.0,0.0,0.0,0.23,28.43,85,0,0.0,,,28.43,349,2.0,1,308.0,308.0
2024-03-15 01:20:00-05:00,2024-03-15 01:20:00,33.6,0.0,7.2,7.2,356,0.0,0.0,0.0,0.0,0.0,0.23,28.44,86,0,0.0,,,28.44,318,1.8,1,308.0,308.0
2024-03-15 01:25:00-05:00,2024-03-15 01:25:00,33.6,2.0,3.6,7.2,307,0.0,0.0,0.0,0.0,0.0,0.23,28.44,85,0,0.0,,,28.44,310,1.8,1,308.0,308.0
2024-03-15 01:30:00-05:00,2024-03-15 01:30:00,33.4,2.7,2.9,7.2,315,0.0,0.0,0.0,0.0,0.0,0.23,28.43,86,0,0.0,,,28.43,0,1.6,1,308.0,308.0
2024-03-15 01:35:00-05:00,2024-03-15 01:35:00,33.3,2.0,2.9,7.2,0,0.0,0.0,0.0,0.0,0.0,0.23,28.43,86,0,0.0,,,28.43,351,1.3,1,308.0,308.0
2024-03-15 01:40:00-05:00,2024-03-15 01:40:00,32.9,0.0,2.7,7.2,320,0.0,0.0,0.0,0.0,0.0,0.23,28.44,87,0,0.0,,,28.44,351,1.3,1,308.0,308.0
2024-03-15 01:45:00-05:00,2024-03-15 01:45:00,32.9,1.1,3.4,7.2,277,0.0,0.0,0.0,0.0,0.0,0.23,28.45,87,0,0.0,,,28.45,345,1.6,1,308.0,308.0
2024-03-15 01:50:00-05:00,2024-03-15 01:50:00,32.7,2.0,4.7,7.2,334,0.0,0.0,0.0,0.0,0.0,0.23,28.45,87,0,0.0,,,28.45,345,1.6,1,308.0,308.0
2024-03-15 01:55:00-05:00,2024-03-15 01:55:00,32.7,2.7,6.3,7.2,311,0.0,0.0,0.0,0.0,0.0,0.23,28.44,88,0,0.0,,,28.44,333,2.9,1,308.0,308.0
2024-03-15 02:00:00-05:00,2024-03-15 02:00:00,32.4,3.6,7.4,7.4,336,0.0,0.0,0.0,0.0,0.0,0.23,28.45,89,0,0.0,,,28.45,312,4.0,1,308.0,308.0
2024-03-15 02:05:00-05:00,2024-03-15 02:05:00,32.4,2.7,6.3,7.4,327,0.0,0.0,0.0,0.0,0.0,0.23,28.45,89,0,0.0,,,28.45,312,4.3,1,308.0,308.0
2024-03-15 02:10:00-05:00,2024-03-15 02:10:00,32.5,3.8,6.5,7.4,356,0.0,0.0,0.0,0.0,0.0,0.23,28.44,89,0,0.0,,,28.44,323,3.1,1,308.0,308.0
2024-03-15 02:15:00-05:00,2024-03-15 02:15:00,32.2,1.1,4.3,8.5,337,0.0,0.0,0.0,0.0,0.0,0.23,28.45,90,0,0.0,,,28.45,331,2.9,1,308.0,308.0
2024-03-15 02:20:00-05:00,2024-03-15 02:20:00,32.0,3.6,6.9,8.5,342,0.0,0.0,0.0,0.0,0.0,0.23,28.45,90,0,0.0,,,28.45,339,2.7,1,308.0,308.0
2024-03-15 02:25:00-05:00,2024-03-15 02:25:00,32.0,2.2,11.4,11.4,270,0.0,0.0,0.0,0.0,0.0,0.23,28.45,91,0,0.0,,,28.45,341,2.9,1,308.0,308.0
2024-03-15 02:30:00-05:00,2024-03-15 02:30:00,32.0,4.0,13.2,13.2,341,0.0,0.0,0.0,0.0,0.0,0.23,28.45,91,0,0.0,,,28.45,329,3.4,1,308.0,308.0
2024-03-15 02:35:00-05:00,2024-03-15 02:35:00,31.6,2.2,5.4,13.2,26,0.0,0.0,0.0,0.0,0.0,0.23,28.45,92,0,0.0,,,28.45,330,3.4,1,308.0,308.0
2024-03-15 02:40:00-05:00,2024-03-15 02:40:00,31.5,2.9,6.7,13.2,313,0.0,0.0,0.0,0.0,0.0,0.23,28.46,92,0,0.0,,,28.46,350,3.6,1,308.0,308.0
2024-03-15 02:45:00-05:00,2024-03-15 02:45:00,31.3,1.3,6.3,13.2,16,0.0,0.0,0.0,0.0,0.0,0.23,28.45,92,0,0.0,,,28.45,0,3.4,1,308.0,308.0
2024-03-15 02:50:00-05:00,2024-03-15 02:50:00,31.3,2.7,6.3,13.2,341,0.0,0.0,0.0,0.0,0.0,0.23,28.46,92,0,0.0,,,28.46,348,2.9,1,308.0,308.0
2024-03-15 02:55:00-05:00,2024-03-15 02:55:00,31.1,1.8,6.5,13.2,0,0.0,0.0,0.0,0.0,0.0,0.23,28.45,93,0,0.0,,,28.45,5,2.9,1,308.0,308.0
2024-03-15 03:00:00-05:00,2024-03-15 03:00:00,30.7,1.8,2.9,13.2,326,0.0,0.0,0.0,0.0,0.0,0.23,28.45,93,0,0.0,,,28.45,346,2.0,1,308.0,308.0
2024-03-15 03:05:00-05:00,2024-03-15 03:05:00,30.7,2.2,2.9,13.2,6,0.0,0.0,0.0,0.0,0.0,0.23,28.45,93,0,0.0,,,28.45,6,1.8,1,308.0,308.0
2024-03-15 03:10:00-05:00,2024-03-15 03:10:00,30.9,0.0,2.7,13.2,34,0.0,0.0,0.0,0.0,0.0,0.23,28.45,93,0,0.0,,,28.45,341,1.6,1,308.0,308.0
2024-03-15 03:15:00-05:00,2024-03-15 03:15:00,30.9,2.2,2.2,13.2,353,0.0,0.0,0.0,0.0,0.0,0.23,28.45,93,0,0.0,,,28.45,327,1.6,1,308.0,308.0
2024-03-15 03:20:00-05:00,2024-03-15 03:20:00,30.9,1.6,3.4,13.2,350,0.0,0.0,0.0,0.0,0.0,0.23,28.45,93,0,0.0,,,28.45,0,1.6,1,308.0,308.0
2024-03-15 03:25:00-05:00,2024-03-15 03:25:00,30.9,2.7,3.6,13.2,12,0.0,0.0,0.0,0.0,0.0,0.23,28.45,93,0,0.0,,,28.45,351,1.6,1,308.0,308.0
2024-03-15 03:30:00-05:00,2024-03-15 03:30:00,31.1,1.1,3.6,13.2,0,0.0,0.0,0.0,0.0,0.0,0.23,28.45,93,0,0.0,,,28.45,12,1.6,1,308.0,308.0
2024-03-15 03:35:00-05:00,2024-03-15 03:35:00,31.1,0.0,5.1,13.2,20,0.0,0.0,0.0,0.0,0.0,0.23,28.46,93,0,0.0,,,28.46,11,1.6,1,308.0,308.0
2024-03-15 03:40:00-05:00,2024-03-15 03:40:00,31.1,2.5,4.9,13.2,357,0.0,0.0,0.0,0.0,0.0,0.23,28.45,93,0,0.0,,,28.45,355,2.5,1,308.0,308.0
2024-03-15 03:45:00-05:00,2024-03-15 03:45:00,31.1,1.6,3.1,13.2,356,0.0,0.0,0.0,0.0,0.0,0.23,28.45,93,0,0.0,,,28.45,354,2.5,1,308.0,308.0
2024-03-15 03:50:00-05:00,2024-03-15 03:50:00,30.9,3.4,4.7,13.2,250,0.0,0.0,0.0,0.0,0.0,0.23,28.45,93,0,0.0,,,28.45,358,2.0,1,308.0,308.0
2024-03-15 03:55:00-05:00,2024-03-15 03:55:00,30.7,1.1,4.3,13.2,82,0.0,0.0,0.0,0.0,0.0,0.23,28.46,93,0,0.0,,,28.46,283,2.2,1,308.0,308.0
2024-03-15 04:00:00-05:00,2024-03-15 04:00:00,30.6,2.5,4.0,13.2,249,0.0,0.0,0.0,0.0,0.0,0.23,28.46,93,0,0.0,,,28.46,239,2.2,1,308.0,308.0
2024-03-15 04:05:00-05:00,2024-03-15 04:05:00,30.2,3.4,6.7,13.2,314,0.0,0.0,0.0,0.0,0.0,0.23,28.46,93,0,0.0,,,28.46,244,1.8,1,308.0,308.0
2024-03-15 04:10:00-05:00,2024-03-15 04:10:00,30.0,2.7,2.7,13.2,254,0.0,0.0,0.0,0.0,0.0,0.23,28.46,93,0,0.0,,,28.46,262,1.6,1,308.0,308.0
2024-03-15 04:15:00-05:00,2024-03-15 04:15:00,30.2,0.0,3.1,13.2,184,0.0,0.0,0.0,0.0,0.0,0.23,28.46,93,0,0.0,,,28.46,278,1.3,1,308.0,308.0
2024-03-15 04:20:00-05:00,2024-03-15 04:20:00,30.0,1.6,5.6,13.2,324,0.0,0.0,0.0,0.0,0.0,0.23,28.46,94,0,0.0,,,28.46,278,1.8,1,308.0,308.0
2024-03-15 04:25:00-05:00,2024-03-15 04:25:00,29.8,1.6,2.9,13.2,243,0.0,0.0,0.0,0.0,0.0,0.23,28.46,94,0,0.0,,,28.46,265,1.6,1,308.0,308.0
2024-03-15 04:30:00-05:00,2024-03-15 04:30:00,30.0,5.4,5.4,13.2,239,0.0,0.0,0.0,0.0,0.0,0.23,28.45,94,0,0.0,,,28.45,273,1.6,1,308.0,308.0
2024-03-15 04:35:00-05:00,2024-03-15 04:35:00,30.4,2.0,4.5,13.2,221,0.0,0.0,0.0,0.0,0.0,0.23,28.46,94,0,0.0,,,28.46,274,2.5,1,308.0,308.0
2024-03-15 04:40:00-05:00,2024-03-15 04:40:00,30.6,1.3,5.6,13.2,306,0.0,0.0,0.0,0.0,0.0,0.23,28.46,94,0,0.0,,,28.46,325,2.2,1,308.0,308.0
2024-03-15 04:45:00-05:00,2024-03-15 04:45:00,30.7,1.1,2.5,13.2,278,0.0,0.0,0.0,0.0,0.0,0.23,28.46,95,0,0.0,,,28.46,320,1.3,1,308.0,308.0
2024-03-15 04:50:00-05:00,2024-03-15 04:50:00,30.9,1.1,4.3,13.2,263,0.0,0.0,0.0,0.0,0.0,0.23,28.46,95,0,0.0,,,28.46,322,0.0,1,308.0,308.0
2024-03-15 04:55:00-05:00,2024-03-15 04:55:00,31.6,3.1,5.6,13.2,276,0.0,0.0,0.0,0.0,0.0,0.23,28.46,95,0,0.0,,,28.46,0,1.1,1,308.0,308.0
2024-03-15 05:00:00-05:00,2024-03-15 05:00:00,32.4,4.3,4.7,13.2,0,0.0,0.0,0.0,0.0,0.0,0.23,28.46,95,0,0.0,,,28.46,262,1.8,1,308.0,308.0
2024-03-15 05:05:00-05:00,2024-03-15 05:05:00,32.9,0.0,5.8,13.2,352,0.0,0.0,0.0,0.0,0.0,0.23,28.46,96,0,0.0,,,28.46,356,1.3,1,308.0,308.0
2024-03-15 05:10:00-05:00,2024-03-15 05:10:00,33.3,0.0,7.2,13.2,290,0.0,0.0,0.0,0.0,0.0,0.23,28.46,96,0,0.0,,,28.46,356,2.2,1,308.0,308.0
2024-03-15 05:15:00-05:00,2024-03-15 05:15:00,33.6,2.9,5.6,13.2,346,0.0,0.0,0.0,0.0,0.0,0.23,28.47,96,0,0.0,,,28.47,349,1.8,1,308.0,308.0
2024-03-15 05:20:00-05:00,2024-03-15 05:20:00,34.0,2.2,6.9,13.2,289,0.0,0.0,0.0,0.0,0.0,0.23,28.46,96,0,0.0,,,28.46,295,2.0,1,308.0,308.0
2024-03-15 05:25:00-05:00,2024-03-15 05:25:00,34.2,4.5,4.5,13.2,315,0.0,0.0,0.0,0.0,0.0,0.23,28.47,96,0,0.0,,,28.47,277,2.0,1,308.0,308.0
2024-03-15 05:30:00-05:00,2024-03-15 05:30:00,34.3,4.9,5.6,13.2,15,0.0,0.0,0.0,0.0,0.0,0.23,28.46,96,0,0.0,,,28.46,339,1.6,1,308.0,308.0
2024-03-15 05:35:00-05:00,2024-03-15 05:35:00,34.3,0.0,3.1,13.2,342,0.0,0.0,0.0,0.0,0.0,0.23,28.47,96,0,0.0,,,28.47,339,1.8,1,308.0,308.0
2024-03-15 05:40:00-05:00,2024-03-15 05:40:00,34.7,0.0,2.5,13.2,270,0.0,0.0,0.0,0.0,0.0,0.23,28.47,96,0,0.0,,,28.47,315,1.8,1,308.0,308.0
2024-03-15 05:45:00-05:00,2024-03-15 05:45:00,34.9,0.0,3.4,13.2,345,0.0,0.0,0.0,0.0,0.0,0.23,28.47,95,0,0.0,,,28.47,315,1.3,1,308.0,308.0
2024-03-15 05:50:00-05:00,2024-03-15 05:50:00,34.9,0.0,2.9,13.2,294,0.0,0.0,0.0,0.0,0.0,0.23,28.46,95,0,0.0,,,28.46,355,1.1,1,308.0,308.0
2024-03-15 05:55:00-05:00,2024-03-15 05:55:00,34.9,0.0,2.9,13.2,28,0.0,0.0,0.0,0.0,0.0,0.23,28.47,95,0,0.0,,,28.47,0,0.0,1,308.0,308.0
2024-03-15 06:00:00-05:00,2024-03-15 06:00:00,34.9,3.6,3.6,13.2,344,0.0,0.0,0.0,0.0,0.0,0.23,28.47,95,0,0.0,,,28.47,337,0.0,1,308.0,308.0
2024-03-15 06:05:00-05:00,2024-03-15 06:05:00,35.1,0.0,1.6,13.2,203,0.0,0.0,0.0,0.0,0.0,0.23,28.46,95,0,0.0,,,28.46,297,0.0,1,308.0,308.0
2024-03-15 06:10:00-05:00,2024-03-15 06:10:00,35.2,0.0,3.4,13.2,291,0.0,0.0,0.0,0.0,0.0,0.23,28.46,94,0,0.0,,,28.46,297,0.0,1,308.0,308.0
2024-03-15 06:15:00-05:00,2024-03-15 06:15:00,35.4,2.2,2.7,13.2,0,0.0,0.0,0.0,0.0,0.0,0.23,28.47,94,0,0.0,,,28.47,270,1.1,1,308.0,308.0
2024-03-15 06:20:00-05:00,2024-03-15 06:20:00,35.2,0.0,3.4,13.2,0,0.0,0.0,0.0,0.0,0.0,0.23,28.46,94,0,0.0,,,28.46,352,1.3,1,308.0,308.0
2024-03-15 06:25:00-05:00,2024-03-15 06:25:00,35.2,1.3,2.7,13.2,0,0.0,0.0,0.0,0.0,0.0,0.23,28.46,94,0,0.0,,,28.46,357,1.3,1,308.0,308.0
2024-03-15 06:30:00-05:00,2024-03-15 06:30:00,35.2,2.5,3.1,13.2,315,0.0,0.0,0.0,0.0,0.0,0.23,28.46,94,0,0.0,,,28.46,353,0.0,1,308.0,308.0
2024-03-15 06:35:00-05:00,2024-03-15 06:35:00,35.6,1.6,2.7,13.2,221,0.0,0.0,0.0,0.0,0.0,0.23,28.46,94,0,0.0,,,28.46,348,1.1,1,308.0,308.0
2024-03-15 06:40:00-05:00,2024-03-15 06:40:00,35.6,0.0,3.6,13.2,280,0.0,0.0,0.0,0.0,0.0,0.23,28.46,94,0,0.0,,,28.46,290,0.0,1,308.0,308.0
2024-03-15 06:45:00-05:00,2024-03-15 06:45:00,35.8,0.0,4.5,13.2,324,0.0,0.0,0.0,0.0,0.0,0.23,28.46,94,0,0.0,,,28.46,346,0.0,1,308.0,308.0
2024-03-15 06:50:00-05:00,2024-03-15 06:50:00,35.6,0.0,4.3,13.2,304,0.0,0.0,0.0,0.0,0.0,0.23,28.46,94,0,0.0,,,28.46,334,1.3,1,308.0,308.0
2024-03-15 06:55:00-05:00,2024-03-15 06:55:00,35.6,1.8,3.4,13.2,247,0.0,0.0,0.0,0.0,0.0,0.23,28.46,94,0,0.0,,,28.46,354,1.3,1,308.0,308.0
2024-03-15 07:00:00-05:00,2024-03-15 07:00:00,35.8,1.3,2.7,13.2,289,0.0,0.0,0.0,0.0,0.0,0.23,28.46,94,0,0.0,,,28.46,354,1.3,1,308.0,308.0
2024-03-15 07:05:00-05:00,2024-03-15 07:05:00,36.0,1.6,2.9,13.2,15,0.0,0.0,0.0,0.0,0.0,0.23,28.46,94,0,0.0,,,28.46,23,1.3,1,308.0,308.0
2024-03-15 07:10:00-05:00,2024-03-15 07:10:00,36.0,0.0,3.4,13.2,77,0.0,0.0,0.0,0.0,0.0,0.23,28.46,94,0,0.0,,,28.46,327,1.8,1,308.0,308.0
2024-03-15 07:15:00-05:00,2024-03-15 07:15:00,36.0,4.0,5.1,13.2,343,0.0,0.0,0.0,0.0,0.0,0.23,28.46,94,0,0.0,,,28.46,331,1.8,1,308.0,308.0
2024-03-15 07:20:00-05:00,2024-03-15 07:20:00,35.6,5.4,11.0,13.2,338,0.0,0.0,0.0,0.0,0.0,0.23,28.46,94,0,0.0,,,28.46,359,2.5,1,308.0,308.0
2024-03-15 07:25:00-05:00,2024-03-15 07:25:00,35.6,0.0,5.1,13.2,335,0.0,0.0,0.0,0.0,0.0,0.23,28.46,94,0,0.0,,,28.46,321,3.8,1,308.0,308.0
2024-03-15 07:30:00-05:00,2024-03-15 07:30:00,35.6,2.2,4.5,13.2,302,0.0,0.0,0.0,0.0,0.0,0.23,28.46,94,0,0.0,,,28.46,314,2.9,1,308.0,308.0
2024-03-15 07:35:00-05:00,2024-03-15 07:35:00,35.6,2.9,3.4,13.2,346,0.0,0.0,0.0,0.0,0.0,0.23,28.46,94,0,0.0,,,28.46,346,2.2,1,308.0,308.0
2024-03-15 07:40:00-05:00,2024-03-15 07:40:00,35.4,4.3,6.3,13.2,0,0.0,0.0,0.0,0.0,0.0,0.23,28.46,94,0,0.0,,,28.46,344,2.9,1,308.0,308.0
2024-03-15 07:45:00-05:00,2024-03-15 07:45:00,35.2,7.4,8.3,13.2,343,0.0,0.0,0.0,0.0,0.0,0.23,28.46,93,0,0.0,,,28.46,344,4.0,1,308.0,308.0
2024-03-15 07:50:00-05:00,2024-03-15 07:50:00,35.2,4.3,8.3,13.2,292,0.0,0.0,0.0,0.0,0.0,0.23,28.46,93,0,1.2,,,28.46,343,4.3,1,308.0,308.0
2024-03-15 07:55:00-05:00,2024-03-15 07:55:00,35.4,2.9,8.9,13.2,324,0.0,0.0,0.0,0.0,0.0,0.23,28.46,93,0,4.9,,,28.46,341,3.6,1,308.0,308.0
2024-03-15 08:00:00-05:00,2024-03-15 08:00:00,35.4,0.0,7.2,13.2,33,0.0,0.0,0.0,0.0,0.0,0.23,28.46,92,0,9.8,,,28.46,330,3.4,1,308.0,308.0
2024-03-15 08:05:00-05:00,2024-03-15 08:05:00,35.2,1.3,5.1,13.2,287,0.0,0.0,0.0,0.0,0.0,0.23,28.46,92,0,12.2,,,28.46,330,2.7,1,308.0,308.0
2024-03-15 08:10:00-05:00,2024-03-15 08:10:00,35.1,3.8,6.3,13.2,322,0.0,0.0,0.0,0.0,0.0,0.23,28.45,92,0,17.1,,,28.45,334,2.7,1,308.0,308.0
2024-03-15 08:15:00-05:00,2024-03-15 08:15:00,35.1,4.5,5.1,13.2,310,0.0,0.0,0.0,0.0,0.0,0.23,28.45,92,0,22.0,,,28.45,334,2.5,1,308.0,308.0
2024-03-15 08:20:00-05:00,2024-03-15 08:20:00,35.2,3.1,5.4,13.2,342,0.0,0.0,0.0,0.0,0.0,0.23,28.46,92,0,24.5,,,28.46,305,2.5,1,308.0,308.0
2024-03-15 08:25:00-05:00,2024-03-15 08:25:00,35.1,4.0,4.9,13.2,306,0.0,0.0,0.0,0.0,0.0,0.23,28.45,92,0,28.1,,,28.45,348,3.4,1,308.0,308.0
2024-03-15 08:30:00-05:00,2024-03-15 08:30:00,35.2,1.6,3.8,13.2,355,0.0,0.0,0.0,0.0,0.0,0.23,28.46,92,0,39.1,,,28.46,348,3.1,1,308.0,308.0
2024-03-15 08:35:00-05:00,2024-03-15 08:35:00,35.2,2.5,5.4,13.2,337,0.0,0.0,0.0,0.0,0.0,0.23,28.45,91,0,44.0,,,28.45,318,2.9,1,308.0,308.0
2024-03-15 08:40:00-05:00,2024-03-15 08:40:00,35.2,2.5,5.6,13.2,323,0.0,0.0,0.0,0.0,0.0,0.23,28.45,91,0,53.8,,,28.45,332,2.9,1,308.0,308.0
2024-03-15 08:45:00-05:00,2024-03-15 08:45:00,35.4,2.7,8.5,13.2,358,0.0,0.0,0.0,0.0,0.0,0.23,28.45,91,0,58.7,,,28.45,329,2.7,1,308.0,308.0
2024-03-15 08:50:00-05:00,2024-03-15 08:50:00,35.8,2.2,4.3,13.2,349,0.0,0.0,0.0,0.0,0.0,0.23,28.45,91,0,58.7,,,28.45,341,2.7,1,308.0,308.0
2024-03-15 08:55:00-05:00,2024-03-15 08:55:00,35.8,2.5,6.7,13.2,6,0.0,0.0,0.0,0.0,0.0,0.23,28.45,90,0,68.5,,,28.45,353,2.5,1,308.0,308.0
2024-03-15 09:00:00-05:00,2024-03-15 09:00:00,36.0,2.5,7.4,13.2,313,0.0,0.0,0.0,0.0,0.0,0.23,28.45,90,0,64.8,,,28.45,350,1.8,1,308.0,308.0
2024-03-15 09:05:00-05:00,2024-03-15 09:05:00,36.3,4.3,4.3,13.2,315,0.0,0.0,0.0,0.0,0.0,0.23,28.45,90,0,61.2,,,28.45,344,1.8,1,308.0,308.0
2024-03-15 09:10:00-05:00,2024-03-15 09:10:00,36.0,4.5,7.4,13.2,321,0.0,0.0,0.0,0.0,0.0,0.23,28.45,90,0,63.6,,,28.45,344,2.2,1,308.0,308.0
2024-03-15 09:15:00-05:00,2024-03-15 09:15:00,36.1,3.1,5.4,13.2,333,0.0,0.0,0.0,0.0,0.0,0.23,28.45,90,0,57.5,,,28.45,341,3.8,1,308.0,308.0
2024-03-15 09:20:00-05:00,2024-03-15 09:20:00,36.1,1.8,9.2,13.2,315,0.0,0.0,0.0,0.0,0.0,0.23,28.45,90,0,47.7,,,28.45,335,2.7,1,308.0,308.0
2024-03-15 09:25:00-05:00,2024-03-15 09:25:00,36.3,0.0,5.4,13.2,11,0.0,0.0,0.0,0.0,0.0,0.23,28.45,90,0,48.9,,,28.45,282,2.5,1,308.0,308.0
2024-03-15 09:30:00-05:00,2024-03-15 09:30:00,36.1,4.0,6.0,13.2,190,0.0,0.0,0.0,0.0,0.0,0.23,28.45,90,0,56.3,,,28.45,288,2.7,1,308.0,308.0
2024-03-15 09:35:00-05:00,2024-03-15 09:35:00,36.0,1.8,5.4,13.2,283,0.0,0.0,0.0,0.0,0.0,0.23,28.45,90,0,48.9,,,28.45,296,2.9,1,308.0,308.0
2024-03-15 09:40:00-05:00,2024-03-15 09:40:00,36.3,0.0,4.7,13.2,346,0.0,0.0,0.0,0.0,0.0,0.23,28.45,90,0,53.8,,,28.45,295,2.7,1,308.0,308.0
2024-03-15 09:45:00-05:00,2024-03-15 09:45:00,36.5,1.8,6.5,13.2,315,0.0,0.0,0.0,0.0,0.0,0.23,28.46,89,0,67.3,,,28.46,283,2.2,1,308.0,308.0
2024-03-15 09:50:00-05:00,2024-03-15 09:50:00,36.3,2.2,4.0,13.2,332,0.0,0.0,0.0,0.0,0.0,0.23,28.45,89,0,69.7,,,28.45,276,2.2,1,308.0,308.0
2024-03-15 09:55:00-05:00,2024-03-15 09:55:00,36.3,0.0,4.0,13.2,337,0.0,0.0,0.0,0.0,0.0,0.23,28.45,89,0,66.1,,,28.45,318,2.2,1,308.0,308.0
2024-03-15 10:00:00-05:00,2024-03-15 10:00:00,36.3,4.7,6.0,13.2,333,0.0,0.0,0.0,0.0,0.0,0.23,28.45,88,0,83.2,,,28.45,357,2.7,1,308.0,308.0
2024-03-15 10:05:00-05:00,2024-03-15 10:05:00,36.5,3.1,4.0,13.2,334,0.0,0.0,0.0,0.0,0.0,0.23,28.45,88,0,79.5,,,28.45,342,2.9,1,308.0,308.0
2024-03-15 10:10:00-05:00,2024-03-15 10:10:00,36.7,2.5,4.9,13.2,217,0.0,0.0,0.0,0.0,0.0,0.23,28.45,87,0,84.4,,,28.45,342,2.7,1,308.0,308.0
2024-03-15 10:15:00-05:00,2024-03-15 10:15:00,36.9,3.8,6.0,13.2,331,0.0,0.0,0.0,0.0,0.0,0.23,28.45,87,1,117.4,,,28.45,315,2.9,1,308.0,308.0
2024-03-15 10:20:00-05:00,2024-03-15 10:20:00,36.9,1.3,5.6,13.2,348,0.0,0.0,0.0,0.0,0.0,0.23,28.45,86,1,106.4,,,28.45,323,3.4,1,308.0,308.0
2024-03-15 10:25:00-05:00,2024-03-15 10:25:00,37.2,2.7,7.2,13.2,297,0.0,0.0,0.0,0.0,0.0,0.23,28.45,84,1,102.8,,,28.45,333,3.4,1,308.0,308.0
2024-03-15 10:30:00-05:00,2024-03-15 10:30:00,37.0,5.1,8.1,13.2,332,0.0,0.0,0.0,0.0,0.0,0.23,28.45,83,1,118.6,,,28.45,313,3.4,1,308.0,308.0
2024-03-15 10:35:00-05:00,2024-03-15 10:35:00,37.0,2.2,5.8,13.2,266,0.0,0.0,0.0,0.0,0.0,0.23,28.45,84,0,89.3,,,28.45,347,3.6,1,308.0,308.0
2024-03-15 10:40:00-05:00,2024-03-15 10:40:00,37.0,3.8,3.8,13.2,256,0.0,0.0,0.0,0.0,0.0,0.23,28.44,83,0,73.4,,,28.44,278,2.7,1,308.0,308.0
2024-03-15 10:45:00-05:00,2024-03-15 10:45:00,37.4,2.5,7.6,13.2,300,0.0,0.0,0.0,0.0,0.0,0.23,28.44,82,1,100.3,,,28.44,335,2.5,1,308.0,308.0
2024-03-15 10:50:00-05:00,2024-03-15 10:50:00,37.2,0.0,8.1,13.2,349,0.0,0.0,0.0,0.0,0.0,0.23,28.45,82,1,143.1,,,28.45,332,2.9,1,308.0,308.0
2024-03-15 10:55:00-05:00,2024-03-15 10:55:00,37.8,4.3,4.7,13.2,260,0.0,0.0,0.0,0.0,0.0,0.23,28.45,83,1,154.1,,,28.45,286,3.6,1,308.0,308.0
2024-03-15 11:00:00-05:00,2024-03-15 11:00:00,37.8,3.4,9.8,13.2,341,0.0,0.0,0.0,0.0,0.0,0.23,28.44,80,2,211.6,,,28.44,344,3.4,1,308.0,308.0
2024-03-15 11:05:00-05:00,2024-03-15 11:05:00,38.1,1.3,5.4,13.2,342,0.0,0.0,0.0,0.0,0.0,0.23,28.43,79,1,123.5,,,28.43,297,3.4,1,308.0,308.0
2024-03-15 11:10:00-05:00,2024-03-15 11:10:00,37.9,2.9,7.4,18.3,298,0.0,0.0,0.0,0.0,0.0,0.23,28.44,78,1,152.9,,,28.44,296,3.8,1,308.0,308.0
2024-03-15 11:15:00-05:00,2024-03-15 11:15:00,38.5,2.9,7.2,18.3,304,0.0,0.0,0.0,0.0,0.0,0.23,28.43,75,4,493.0,,,28.43,303,3.4,1,308.0,308.0
2024-03-15 11:20:00-05:00,2024-03-15 11:20:00,39.6,4.3,14.3,18.3,264,0.0,0.0,0.0,0.0,0.0,0.23,28.43,73,1,189.6,,,28.43,263,3.4,1,308.0,308.0
2024-03-15 11:25:00-05:00,2024-03-15 11:25:00,38.8,6.3,8.3,18.3,299,0.0,0.0,0.0,0.0,0.0,0.23,28.43,75,1,185.9,,,28.43,263,3.6,1,308.0,308.0
2024-03-15 11:30:00-05:00,2024-03-15 11:30:00,38.5,2.9,6.5,18.3,309,0.0,0.0,0.0,0.0,0.0,0.23,28.43,75,2,233.6,,,28.43,305,3.4,1,308.0,308.0
2024-03-15 11:35:00-05:00,2024-03-15 11:35:00,39.4,2.9,3.8,18.3,288,0.0,0.0,0.0,0.0,0.0,0.23,28.43,74,5,549.3,,,28.43,283,3.1,1,308.0,308.0
2024-03-15 11:40:00-05:00,2024-03-15 11:40:00,38.7,5.8,15.2,18.3,282,0.0,0.0,0.0,0.0,0.0,0.23,28.44,72,1,187.1,,,28.44,247,4.3,1,308.0,308.0
2024-03-15 11:45:00-05:00,2024-03-15 11:45:00,39.6,6.9,8.3,18.3,273,0.0,0.0,0.0,0.0,0.0,0.23,28.43,70,5,579.9,,,28.43,241,5.4,1,308.0,308.0
2024-03-15 11:50:00-05:00,2024-03-15 11:50:00,39.4,3.4,8.1,18.3,329,0.0,0.0,0.0,0.0,0.0,0.23,28.42,70,1,163.9,,,28.42,309,6.0,1,308.0,308.0
2024-03-15 11:55:00-05:00,2024-03-15 11:55:00,40.5,5.4,10.7,18.3,343,0.0,0.0,0.0,0.0,0.0,0.23,28.43,70,6,628.8,,,28.43,305,5.1,1,308.0,308.0
2024-03-15 12:00:00-05:00,2024-03-15 12:00:00,40.3,9.2,9.8,18.3,267,0.0,0.0,0.0,0.0,0.0,0.23,28.43,69,2,218.9,,,28.43,300,4.3,1,308.0,308.0
2024-03-15 12:05:00-05:00,2024-03-15 12:05:00,40.3,4.7,18.6,18.6,247,0.0,0.0,0.0,0.0,0.0,0.23,28.42,69,5,575.0,,,28.42,310,4.3,1,308.0,308.0
2024-03-15 12:10:00-05:00,2024-03-15 12:10:00,41.2,4.3,11.0,18.6,317,0.0,0.0,0.0,0.0,0.0,0.23,28.42,67,3,315.6,,,28.42,254,6.0,1,308.0,308.0
2024-03-15 12:15:00-05:00,2024-03-15 12:15:00,41.7,5.8,8.1,18.6,282,0.0,0.0,0.0,0.0,0.0,0.23,28.42,66,6,708.3,,,28.42,290,5.6,1,308.0,308.0
2024-03-15 12:20:00-05:00,2024-03-15 12:20:00,40.6,3.6,15.4,18.6,235,0.0,0.0,0.0,0.0,0.0,0.23,28.43,68,5,576.2,,,28.43,287,5.6,1,308.0,308.0
2024-03-15 12:25:00-05:00,2024-03-15 12:25:00,40.8,1.3,15.2,18.6,258,0.0,0.0,0.0,0.0,0.0,0.23,28.42,66,2,302.1,,,28.42,274,5.6,1,308.0,308.0
2024-03-15 12:30:00-05:00,2024-03-15 12:30:00,42.1,10.3,19.9,19.9,257,0.0,0.0,0.0,0.0,0.0,0.23,28.42,65,6,650.8,,,28.42,318,4.7,1,308.0,308.0
2024-03-15 12:35:00-05:00,2024-03-15 12:35:00,41.4,6.3,16.6,21.5,270,0.0,0.0,0.0,0.0,0.0,0.23,28.41,66,2,258.1,,,28.41,243,5.4,1,308.0,308.0
2024-03-15 12:40:00-05:00,2024-03-15 12:40:00,41.7,7.6,19.0,21.5,292,0.0,0.0,0.0,0.0,0.0,0.23,28.42,66,2,276.5,,,28.42,238,6.9,1,308.0,308.0
2024-03-15 12:45:00-05:00,2024-03-15 12:45:00,42.4,5.4,16.6,21.5,308,0.0,0.0,0.0,0.0,0.0,0.23,28.41,65,1,168.8,,,28.41,263,6.0,1,308.0,308.0
2024-03-15 12:50:00-05:00,2024-03-15 12:50:00,42.1,2.0,9.8,21.5,322,0.0,0.0,0.0,0.0,0.0,0.23,28.41,65,6,628.8,,,28.41,294,5.4,1,308.0,308.0
2024-03-15 12:55:00-05:00,2024-03-15 12:55:00,42.1,5.4,9.6,21.5,296,0.0,0.0,0.0,0.0,0.0,0.23,28.41,65,5,576.2,,,28.41,339,5.1,1,308.0,308.0
2024-03-15 13:00:00-05:00,2024-03-15 13:00:00,42.1,4.9,16.1,21.5,325,0.0,0.0,0.0,0.0,0.0,0.23,28.41,64,5,550.5,,,28.41,301,5.4,1,308.0,308.0
2024-03-15 13:05:00-05:00,2024-03-15 13:05:00,42.4,3.1,15.0,21.5,273,0.0,0.0,0.0,0.0,0.0,0.23,28.4,64,6,615.3,,,28.4,251,5.1,1,308.0,308.0
2024-03-15 13:10:00-05:00,2024-03-15 13:10:00,41.7,11.6,15.2,21.5,255,0.0,0.0,0.0,0.0,0.0,0.23,28.41,64,5,592.1,,,28.41,301,4.0,1,308.0,308.0
2024-03-15 13:15:00-05:00,2024-03-15 13:15:00,42.4,3.4,14.8,21.5,278,0.0,0.0,0.0,0.0,0.0,0.23,28.4,64,4,420.8,,,28.4,277,6.9,1,308.0,308.0
2024-03-15 13:20:00-05:00,2024-03-15 13:20:00,42.6,7.6,20.1,21.5,279,0.0,0.0,0.0,0.0,0.0,0.23,28.4,64,5,590.8,,,28.4,251,6.9,1,308.0,308.0
2024-03-15 13:25:00-05:00,2024-03-15 13:25:00,43.5,4.5,10.7,21.5,320,0.0,0.0,0.0,0.0,0.0,0.23,28.4,62,5,578.6,,,28.4,275,5.4,1,308.0,308.0
2024-03-15 13:30:00-05:00,2024-03-15 13:30:00,42.6,3.1,14.8,21.5,286,0.0,0.0,0.0,0.0,0.0,0.23,28.4,62,5,516.3,,,28.4,270,5.4,1,308.0,308.0
2024-03-15 13:35:00-05:00,2024-03-15 13:35:00,44.4,8.9,10.3,21.5,252,0.0,0.0,0.0,0.0,0.0,0.23,28.39,60,5,584.8,,,28.39,310,4.3,1,308.0,308.0
2024-03-15 13:40:00-05:00,2024-03-15 13:40:00,42.6,8.9,17.4,21.5,241,0.0,0.0,0.0,0.0,0.0,0.23,28.39,63,4,489.3,,,28.39,241,5.1,1,308.0,308.0
2024-03-15 13:45:00-05:00,2024-03-15 13:45:00,43.3,7.2,11.4,21.5,270,0.0,0.0,0.0,0.0,0.0,0.23,28.39,62,5,522.3,,,28.39,270,6.0,1,308.0,308.0
2024-03-15 13:50:00-05:00,2024-03-15 13:50:00,43.5,4.7,11.4,21.5,322,0.0,0.0,0.0,0.0,0.0,0.23,28.38,61,5,524.8,,,28.38,270,7.2,1,308.0,308.0
2024-03-15 13:55:00-05:00,2024-03-15 13:55:00,43.7,7.6,14.8,21.5,233,0.0,0.0,0.0,0.0,0.0,0.23,28.38,61,4,486.9,,,28.38,272,7.2,1,308.0,308.0
2024-03-15 14:00:00-05:00,2024-03-15 14:00:00,44.6,6.3,10.5,21.5,237,0.0,0.0,0.0,0.0,0.0,0.23,28.38,59,5,537.0,,,28.38,237,6.3,1,308.0,308.0
2024-03-15 14:05:00-05:00,2024-03-15 14:05:00,44.8,1.8,11.0,21.5,330,0.0,0.0,0.0,0.0,0.0,0.23,28.38,58,5,534.6,,,28.38,247,5.4,1,308.0,308.0
2024-03-15 14:10:00-05:00,2024-03-15 14:10:00,45.9,7.6,13.4,21.5,262,0.0,0.0,0.0,0.0,0.0,0.23,28.37,56,5,515.0,,,28.37,239,4.9,1,308.0,308.0
2024-03-15 14:15:00-05:00,2024-03-15 14:15:00,45.9,11.0,15.4,21.5,252,0.0,0.0,0.0,0.0,0.0,0.23,28.36,56,5,515.0,,,28.36,243,4.9,1,308.0,308.0
2024-03-15 14:20:00-05:00,2024-03-15 14:20:00,45.5,0.0,13.0,21.5,237,0.0,0.0,0.0,0.0,0.0,0.23,28.36,57,4,510.1,,,28.36,253,6.5,1,308.0,308.0
2024-03-15 14:25:00-05:00,2024-03-15 14:25:00,45.5,6.9,14.1,21.5,290,0.0,0.0,0.0,0.0,0.0,0.23,28.36,54,4,510.1,,,28.36,286,5.6,1,308.0,308.0
2024-03-15 14:30:00-05:00,2024-03-15 14:30:00,46.2,3.8,12.8,21.5,259,0.0,0.0,0.0,0.0,0.0,0.23,28.36,53,4,496.7,,,28.36,304,5.6,1,308.0,308.0
2024-03-15 14:35:00-05:00,2024-03-15 14:35:00,46.0,7.2,10.7,21.5,315,0.0,0.0,0.0,0.0,0.0,0.23,28.35,55,4,452.6,,,28.35,281,6.0,1,308.0,308.0
2024-03-15 14:40:00-05:00,2024-03-15 14:40:00,46.6,6.5,10.7,21.5,295,0.0,0.0,0.0,0.0,0.0,0.23,28.34,54,4,490.5,,,28.34,247,6.0,1,308.0,308.0
2024-03-15 14:45:00-05:00,2024-03-15 14:45:00,46.6,4.9,18.8,21.5,297,0.0,0.0,0.0,0.0,0.0,0.23,28.34,52,4,507.7,,,28.34,254,5.6,1,308.0,308.0
2024-03-15 14:50:00-05:00,2024-03-15 14:50:00,46.6,7.4,16.3,21.5,285,0.0,0.0,0.0,0.0,0.0,0.23,28.34,51,5,515.0,,,28.34,265,5.6,1,308.0,308.0
2024-03-15 14:55:00-05:00,2024-03-15 14:55:00,46.2,6.0,15.7,21.5,354,0.0,0.0,0.0,0.0,0.0,0.23,28.33,51,4,474.7,,,28.33,265,6.0,1,308.0,308.0
2024-03-15 15:00:00-05:00,2024-03-15 15:00:00,46.4,7.4,15.4,22.1,233,0.0,0.0,0.0,0.0,0.0,0.23,28.32,51,4,482.0,,,28.32,265,7.8,1,308.0,308.0
2024-03-15 15:05:00-05:00,2024-03-15 15:05:00,47.8,7.4,13.9,22.1,253,0.0,0.0,0.0,0.0,0.0,0.23,28.32,50,4,439.1,,,28.32,242,6.0,1,308.0,308.0
2024-03-15 15:10:00-05:00,2024-03-15 15:10:00,48.0,3.8,10.5,22.1,312,0.0,0.0,0.0,0.0,0.0,0.23,28.32,48,4,472.2,,,28.32,252,5.1,1,308.0,308.0
2024-03-15 15:15:00-05:00,2024-03-15 15:15:00,48.0,4.9,13.9,22.1,233,0.0,0.0,0.0,0.0,0.0,0.23,28.32,49,4,504.0,,,28.32,251,4.9,1,308.0,308.0
2024-03-15 15:20:00-05:00,2024-03-15 15:20:00,48.2,5.1,13.6,22.1,275,0.0,0.0,0.0,0.0,0.0,0.23,28.3,48,4,479.6,,,28.3,251,5.8,1,308.0,308.0
2024-03-15 15:25:00-05:00,2024-03-15 15:25:00,48.7,8.9,12.8,22.1,238,0.0,0.0,0.0,0.0,0.0,0.23,28.3,47,4,474.7,,,28.3,251,5.8,1,308.0,308.0
2024-03-15 15:30:00-05:00,2024-03-15 15:30:00,48.4,6.5,9.4,22.1,250,0.0,0.0,0.0,0.0,0.0,0.23,28.3,47,4,457.5,,,28.3,265,5.6,1,308.0,308.0
2024-03-15 15:35:00-05:00,2024-03-15 15:35:00,48.4,6.9,18.8,22.1,276,0.0,0.0,0.0,0.0,0.0,0.23,28.3,46,4,488.1,,,28.3,263,5.6,1,308.0,308.0
2024-03-15 15:40:00-05:00,2024-03-15 15:40:00,48.6,3.6,18.6,22.1,246,0.0,0.0,0.0,0.0,0.0,0.23,28.3,47,4,458.7,,,28.3,245,6.0,1,308.0,308.0
2024-03-15 15:45:00-05:00,2024-03-15 15:45:00,48.7,13.9,17.9,22.1,239,0.0,0.0,0.0,0.0,0.0,0.23,28.3,46,4,436.7,,,28.3,246,6.7,1,308.0,308.0
2024-03-15 15:50:00-05:00,2024-03-15 15:50:00,49.3,3.6,14.1,22.1,310,0.0,0.0,0.0,0.0,0.0,0.23,28.29,47,3,384.1,,,28.29,274,7.8,1,308.0,308.0
2024-03-15 15:55:00-05:00,2024-03-15 15:55:00,49.8,6.7,15.4,22.1,231,0.0,0.0,0.0,0.0,0.0,0.23,28.29,44,4,439.1,,,28.29,272,8.7,1,308.0,308.0
2024-03-15 16:00:00-05:00,2024-03-15 16:00:00,50.0,2.9,11.9,22.1,240,0.0,0.0,0.0,0.0,0.0,0.23,28.29,46,4,430.6,,,28.29,258,5.8,1,308.0,308.0
2024-03-15 16:05:00-05:00,2024-03-15 16:05:00,51.1,7.4,11.4,22.1,260,0.0,0.0,0.0,0.0,0.0,0.23,28.28,42,4,417.1,,,28.28,291,4.9,1,308.0,308.0
2024-03-15 16:10:00-05:00,2024-03-15 16:10:00,51.1,3.8,9.6,22.1,232,0.0,0.0,0.0,0.0,0.0,0.23,28.26,44,4,448.9,,,28.26,233,4.9,1,308.0,308.0
2024-03-15 16:15:00-05:00,2024-03-15 16:15:00,50.9,6.0,14.8,22.1,251,0.0,0.0,0.0,0.0,0.0,0.23,28.26,43,4,438.0,,,28.26,233,5.1,1,308.0,308.0
2024-03-15 16:20:00-05:00,2024-03-15 16:20:00,50.4,6.0,19.7,22.1,225,0.0,0.0,0.0,0.0,0.0,0.23,28.25,43,3,402.4,,,28.25,244,6.3,1,308.0,308.0
2024-03-15 16:25:00-05:00,2024-03-15 16:25:00,51.8,17.4,17.9,22.1,241,0.0,0.0,0.0,0.0,0.0,0.23,28.26,41,4,429.4,,,28.26,259,7.4,1,308.0,308.0
2024-03-15 16:30:00-05:00,2024-03-15 16:30:00,51.1,7.8,19.0,22.1,252,0.0,0.0,0.0,0.0,0.0,0.23,28.26,41,4,409.8,,,28.26,248,6.7,1,308.0,308.0
2024-03-15 16:35:00-05:00,2024-03-15 16:35:00,51.8,14.3,15.2,22.1,245,0.0,0.0,0.0,0.0,0.0,0.23,28.25,41,3,357.2,,,28.25,243,6.7,1,308.0,308.0
2024-03-15 16:40:00-05:00,2024-03-15 16:40:00,52.7,6.7,10.3,22.1,246,0.0,0.0,0.0,0.0,0.0,0.23,28.24,41,3,384.1,,,28.24,234,6.0,1,308.0,308.0
2024-03-15 16:45:00-05:00,2024-03-15 16:45:00,51.3,5.6,19.5,22.1,245,0.0,0.0,0.0,0.0,0.0,0.23,28.24,41,2,299.7,,,28.24,261,6.7,1,308.0,308.0
2024-03-15 16:50:00-05:00,2024-03-15 16:50:00,52.3,6.3,11.2,22.1,285,0.0,0.0,0.0,0.0,0.0,0.23,28.25,40,3,354.8,,,28.25,261,9.2,1,308.0,308.0
2024-03-15 16:55:00-05:00,2024-03-15 16:55:00,52.0,3.6,15.4,22.1,270,0.0,0.0,0.0,0.0,0.0,0.23,28.24,39,3,345.0,,,28.24,255,7.2,1,308.0,308.0
2024-03-15 17:00:00-05:00,2024-03-15 17:00:00,52.0,8.9,18.1,22.1,223,0.0,0.0,0.0,0.0,0.0,0.23,28.23,39,3,315.6,,,28.23,268,8.5,1,308.0,308.0
2024-03-15 17:05:00-05:00,2024-03-15 17:05:00,51.6,8.5,19.0,22.1,218,0.0,0.0,0.0,0.0,0.0,0.23,28.23,39,2,281.4,,,28.23,256,8.9,1,308.0,308.0
2024-03-15 17:10:00-05:00,2024-03-15 17:10:00,52.0,5.8,16.3,22.1,262,0.0,0.0,0.0,0.0,0.0,0.23,28.22,41,2,292.3,,,28.22,250,7.8,1,308.0,308.0
2024-03-15 17:15:00-05:00,2024-03-15 17:15:00,52.3,8.9,18.3,22.1,246,0.0,0.0,0.0,0.0,0.0,0.23,28.22,39,2,261.8,,,28.22,239,6.9,1,308.0,308.0
2024-03-15 17:20:00-05:00,2024-03-15 17:20:00,52.7,4.7,16.3,22.1,244,0.0,0.0,0.0,0.0,0.0,0.23,28.22,38,2,209.2,,,28.22,250,7.4,1,308.0,308.0
2024-03-15 17:25:00-05:00,2024-03-15 17:25:00,52.3,10.5,17.4,22.1,306,0.0,0.0,0.0,0.0,0.0,0.23,28.21,37,2,243.4,,,28.21,252,6.9,1,308.0,308.0
2024-03-15 17:30:00-05:00,2024-03-15 17:30:00,52.7,5.4,17.2,22.1,265,0.0,0.0,0.0,0.0,0.0,0.23,28.21,38,2,216.5,,,28.21,226,6.9,1,308.0,308.0
2024-03-15 17:35:00-05:00,2024-03-15 17:35:00,53.1,8.1,18.6,22.1,251,0.0,0.0,0.0,0.0,0.0,0.23,28.21,37,2,216.5,,,28.21,252,5.4,1,308.0,308.0
2024-03-15 17:40:00-05:00,2024-03-15 17:40:00,52.9,6.9,12.3,22.1,237,0.0,0.0,0.0,0.0,0.0,0.23,28.21,36,2,205.5,,,28.21,245,4.9,1,308.0,308.0
2024-03-15 17:45:00-05:00,2024-03-15 17:45:00,52.9,5.8,16.1,22.1,213,0.0,0.0,0.0,0.0,0.0,0.23,28.2,36,2,205.5,,,28.2,250,6.3,1,308.0,308.0
2024-03-15 17:50:00-05:00,2024-03-15 17:50:00,53.2,2.0,13.0,22.1,221,0.0,0.0,0.0,0.0,0.0,0.23,28.2,35,1,198.2,,,28.2,248,5.8,1,308.0,308.0
2024-03-15 17:55:00-05:00,2024-03-15 17:55:00,52.9,8.3,22.8,22.8,243,0.0,0.0,0.0,0.0,0.0,0.23,28.2,35,1,159.0,,,28.2,235,5.6,1,308.0,308.0
2024-03-15 18:00:00-05:00,2024-03-15 18:00:00,52.7,4.7,19.5,22.8,246,0.0,0.0,0.0,0.0,0.0,0.23,28.19,35,1,156.6,,,28.19,237,6.3,1,308.0,308.0
2024-03-15 18:05:00-05:00,2024-03-15 18:05:00,52.9,3.4,14.3,22.8,259,0.0,0.0,0.0,0.0,0.0,0.23,28.19,35,1,148.0,,,28.19,255,8.5,1,308.0,308.0
2024-03-15 18:10:00-05:00,2024-03-15 18:10:00,52.9,6.0,18.6,22.8,299,0.0,0.0,0.0,0.0,0.0,0.23,28.18,35,1,127.2,,,28.18,252,8.5,1,308.0,308.0
2024-03-15 18:15:00-05:00,2024-03-15 18:15:00,53.4,7.4,10.3,22.8,223,0.0,0.0,0.0,0.0,0.0,0.23,28.18,34,1,121.1,,,28.18,247,5.6,1,308.0,308.0
2024-03-15 18:20:00-05:00,2024-03-15 18:20:00,52.9,4.7,20.1,22.8,274,0.0,0.0,0.0,0.0,0.0,0.23,28.18,33,1,111.3,,,28.18,243,6.0,1,308.0,308.0
2024-03-15 18:25:00-05:00,2024-03-15 18:25:00,52.9,8.1,18.3,22.8,261,0.0,0.0,0.0,0.0,0.0,0.23,28.18,34,0,85.6,,,28.18,243,6.9,1,308.0,308.0
2024-03-15 18:30:00-05:00,2024-03-15 18:30:00,52.9,5.6,8.5,22.8,221,0.0,0.0,0.0,0.0,0.0,0.23,28.18,34,0,69.7,,,28.18,235,5.4,1,308.0,308.0
2024-03-15 18:35:00-05:00,2024-03-15 18:35:00,52.5,8.9,14.8,22.8,269,0.0,0.0,0.0,0.0,0.0,0.23,28.18,34,0,67.3,,,28.18,262,4.5,1,308.0,308.0
2024-03-15 18:40:00-05:00,2024-03-15 18:40:00,52.5,4.5,12.3,22.8,217,0.0,0.0,0.0,0.0,0.0,0.23,28.18,34,0,62.4,,,28.18,253,5.6,1,308.0,308.0
2024-03-15 18:45:00-05:00,2024-03-15 18:45:00,52.5,3.6,7.2,22.8,202,0.0,0.0,0.0,0.0,0.0,0.23,28.17,34,0,52.6,,,28.17,217,5.1,1,308.0,308.0
2024-03-15 18:50:00-05:00,2024-03-15 18:50:00,52.2,4.7,8.7,22.8,226,0.0,0.0,0.0,0.0,0.0,0.23,28.17,35,0,33.0,,,28.17,217,3.6,1,308.0,308.0
2024-03-15 18:55:00-05:00,2024-03-15 18:55:00,51.8,1.3,7.8,22.8,169,0.0,0.0,0.0,0.0,0.0,0.23,28.17,35,0,28.1,,,28.17,241,3.8,1,308.0,308.0
2024-03-15 19:00:00-05:00,2024-03-15 19:00:00,51.6,5.1,6.9,22.8,246,0.0,0.0,0.0,0.0,0.0,0.23,28.17,34,0,24.5,,,28.17,254,4.3,1,308.0,308.0
2024-03-15 19:05:00-05:00,2024-03-15 19:05:00,51.3,2.0,8.5,22.8,195,0.0,0.0,0.0,0.0,0.0,0.23,28.16,35,0,18.3,,,28.16,239,4.0,1,308.0,308.0
2024-03-15 19:10:00-05:00,2024-03-15 19:10:00,51.1,3.1,10.3,22.8,214,0.0,0.0,0.0,0.0,0.0,0.23,28.16,35,0,17.1,,,28.16,236,2.9,1,308.0,308.0
2024-03-15 19:15:00-05:00,2024-03-15 19:15:00,50.7,2.5,11.2,22.8,160,0.0,0.0,0.0,0.0,0.0,0.23,28.16,35,0,12.2,,,28.16,220,3.4,1,308.0,308.0
2024-03-15 19:20:00-05:00,2024-03-15 19:20:00,50.4,3.6,6.5,22.8,255,0.0,0.0,0.0,0.0,0.0,0.23,28.15,35,0,8.5,,,28.15,219,3.8,1,308.0,308.0
2024-03-15 19:25:00-05:00,2024-03-15 19:25:00,50.0,4.7,8.9,22.8,188,0.0,0.0,0.0,0.0,0.0,0.23,28.15,36,0,3.6,,,28.15,246,3.1,1,308.0,308.0
2024-03-15 19:30:00-05:00,2024-03-15 19:30:00,49.8,5.8,6.5,22.8,212,0.0,0.0,0.0,0.0,0.0,0.23,28.14,36,0,1.2,,,28.14,233,3.1,1,308.0,308.0
2024-03-15 19:35:00-05:00,2024-03-15 19:35:00,49.3,2.7,7.2,22.8,217,0.0,0.0,0.0,0.0,0.0,0.23,28.14,36,0,0.0,,,28.14,225,2.9,1,308.0,308.0
2024-03-15 19:40:00-05:00,2024-03-15 19:40:00,49.1,3.1,10.3,22.8,173,0.0,0.0,0.0,0.0,0.0,0.23,28.15,36,0,0.0,,,28.15,198,2.5,1,308.0,308.0
2024-03-15 19:45:00-05:00,2024-03-15 19:45:00,48.7,1.6,4.7,22.8,270,0.0,0.0,0.0,0.0,0.0,0.23,28.14,37,0,0.0,,,28.14,200,2.2,1,308.0,308.0
2024-03-15 19:50:00-05:00,2024-03-15 19:50:00,48.6,3.4,8.1,22.8,257,0.0,0.0,0.0,0.0,0.0,0.23,28.14,37,0,0.0,,,28.14,200,3.1,1,308.0,308.0
2024-03-15 19:55:00-05:00,2024-03-15 19:55:00,48.2,2.7,6.5,22.8,222,0.0,0.0,0.0,0.0,0.0,0.23,28.14,38,0,0.0,,,28.14,207,4.0,1,308.0,308.0
2024-03-15 20:00:00-05:00,2024-03-15 20:00:00,47.8,2.9,7.4,22.8,231,0.0,0.0,0.0,0.0,0.0,0.23,28.14,39,0,0.0,,,28.14,189,2.7,1,308.0,308.0
2024-03-15 20:05:00-05:00,2024-03-15 20:05:00,47.5,3.6,8.3,22.8,208,0.0,0.0,0.0,0.0,0.0,0.23,28.14,39,0,0.0,,,28.14,206,2.5,1,308.0,308.0
2024-03-15 20:10:00-05:00,2024-03-15 20:10:00,47.1,2.9,6.5,22.8,242,0.0,0.0,0.0,0.0,0.0,0.23,28.14,40,0,0.0,,,28.14,208,2.7,1,308.0,308.0
2024-03-15 20:15:00-05:00,2024-03-15 20:15:00,46.9,1.8,4.9,22.8,172,0.0,0.0,0.0,0.0,0.0,0.23,28.13,40,0,0.0,,,28.13,221,2.9,1,308.0,308.0
2024-03-15 20:20:00-05:00,2024-03-15 20:20:00,46.8,4.7,11.9,22.8,215,0.0,0.0,0.0,0.0,0.0,0.23,28.13,40,0,0.0,,,28.13,204,2.5,1,308.0,308.0
2024-03-15 20:25:00-05:00,2024-03-15 20:25:00,46.8,4.0,7.8,22.8,195,0.0,0.0,0.0,0.0,0.0,0.23,28.13,40,0,0.0,,,28.13,209,2.7,1,308.0,308.0
2024-03-15 20:30:00-05:00,2024-03-15 20:30:00,46.8,6.5,7.4,22.8,190,0.0,0.0,0.0,0.0,0.0,0.23,28.13,40,0,0.0,,,28.13,202,4.0,1,308.0,308.0
2024-03-15 20:35:00-05:00,2024-03-15 20:35:00,46.4,3.1,9.6,22.8,205,0.0,0.0,0.0,0.0,0.0,0.23,28.13,41,0,0.0,,,28.13,211,4.0,1,308.0,308.0
2024-03-15 20:40:00-05:00,2024-03-15 20:40:00,46.2,1.3,5.1,22.8,191,0.0,0.0,0.0,0.0,0.0,0.23,28.13,42,0,0.0,,,28.13,203,3.6,1,308.0,308.0
2024-03-15 20:45:00-05:00,2024-03-15 20:45:00,46.0,2.0,8.5,22.8,165,0.0,0.0,0.0,0.0,0.0,0.23,28.13,41,0,0.0,,,28.13,202,3.6,1,308.0,308.0
2024-03-15 20:50:00-05:00,2024-03-15 20:50:00,46.0,2.5,8.1,22.8,216,0.0,0.0,0.0,0.0,0.0,0.23,28.12,41,0,0.0,,,28.12,208,4.3,1,308.0,308.0
2024-03-15 20:55:00-05:00,2024-03-15 20:55:00,45.9,5.6,10.3,22.8,173,0.0,0.0,0.0,0.0,0.0,0.23,28.13,42,0,0.0,,,28.13,190,3.1,1,308.0,308.0
2024-03-15 21:00:00-05:00,2024-03-15 21:00:00,45.5,2.2,6.9,22.8,194,0.0,0.0,0.0,0.0,0.0,0.23,28.12,42,0,0.0,,,28.12,192,3.1,1,308.0,308.0
2024-03-15 21:05:00-05:00,2024-03-15 21:05:00,45.3,3.1,7.4,22.8,180,0.0,0.0,0.0,0.0,0.0,0.23,28.12,43,0,0.0,,,28.12,172,4.0,1,308.0,308.0
2024-03-15 21:10:00-05:00,2024-03-15 21:10:00,45.1,5.1,8.9,22.8,200,0.0,0.0,0.0,0.0,0.0,0.23,28.12,43,0,0.0,,,28.12,183,3.6,1,308.0,308.0
2024-03-15 21:15:00-05:00,2024-03-15 21:15:00,44.8,2.5,6.5,22.8,216,0.0,0.0,0.0,0.0,0.0,0.23,28.12,43,0,0.0,,,28.12,197,3.6,1,308.0,308.0
2024-03-15 21:20:00-05:00,2024-03-15 21:20:00,44.8,2.5,7.2,22.8,214,0.0,0.0,0.0,0.0,0.0,0.23,28.11,44,0,0.0,,,28.11,197,3.4,1,308.0,308.0
2024-03-15 21:25:00-05:00,2024-03-15 21:25:00,44.6,3.1,12.1,22.8,187,0.0,0.0,0.0,0.0,0.0,0.23,28.1,44,0,0.0,,,28.1,206,3.8,1,308.0,308.0
2024-03-15 21:30:00-05:00,2024-03-15 21:30:00,44.2,5.1,7.6,22.8,156,0.0,0.0,0.0,0.0,0.0,0.23,28.11,45,0,0.0,,,28.11,205,4.7,1,308.0,308.0
2024-03-15 21:35:00-05:00,2024-03-15 21:35:00,44.1,7.2,9.2,22.8,216,0.0,0.0,0.0,0.0,0.0,0.23,28.11,45,0,0.0,,,28.11,197,3.8,1,308.0,308.0
2024-03-15 21:40:00-05:00,2024-03-15 21:40:00,43.9,1.8,9.4,22.8,180,0.0,0.0,0.0,0.0,0.0,0.23,28.1,46,0,0.0,,,28.1,212,4.0,1,308.0,308.0
2024-03-15 21:45:00-05:00,2024-03-15 21:45:00,43.9,2.2,9.8,22.8,203,0.0,0.0,0.0,0.0,0.0,0.23,28.1,46,0,0.0,,,28.1,209,4.3,1,308.0,308.0
2024-03-15 21:50:00-05:00,2024-03-15 21:50:00,43.7,3.1,9.8,22.8,210,0.0,0.0,0.0,0.0,0.0,0.23,28.09,46,0,0.0,,,28.09,202,4.0,1,308.0,308.0
2024-03-15 21:55:00-05:00,2024-03-15 21:55:00,43.7,2.7,11.4,22.8,168,0.0,0.0,0.0,0.0,0.0,0.23,28.09,47,0,0.0,,,28.09,202,4.7,1,308.0,308.0
2024-03-15 22:00:00-05:00,2024-03-15 22:00:00,43.7,0.0,11.9,22.8,198,0.0,0.0,0.0,0.0,0.0,0.23,28.09,47,0,0.0,,,28.09,194,4.7,1,308.0,308.0
2024-03-15 22:05:00-05:00,2024-03-15 22:05:00,43.7,3.4,12.5,22.8,149,0.0,0.0,0.0,0.0,0.0,0.23,28.09,47,0,0.0,,,28.09,198,4.7,1,308.0,308.0
2024-03-15 22:10:00-05:00,2024-03-15 22:10:00,43.9,2.2,6.7,22.8,173,0.0,0.0,0.0,0.0,0.0,0.23,28.08,47,0,0.0,,,28.08,202,4.9,1,308.0,308.0
2024-03-15 22:15:00-05:00,2024-03-15 22:15:00,43.9,4.0,6.9,22.8,181,0.0,0.0,0.0,0.0,0.0,0.23,28.09,48,0,0.0,,,28.09,203,4.5,1,308.0,308.0
2024-03-15 22:20:00-05:00,2024-03-15 22:20:00,44.2,4.5,13.6,22.8,202,0.0,0.0,0.0,0.0,0.0,0.23,28.08,48,0,0.0,,,28.08,199,4.5,1,308.0,308.0
2024-03-15 22:25:00-05:00,2024-03-15 22:25:00,44.4,2.0,11.9,22.8,202,0.0,0.0,0.0,0.0,0.0,0.23,28.08,48,0,0.0,,,28.08,194,5.4,1,308.0,308.0
2024-03-15 22:30:00-05:00,2024-03-15 22:30:00,44.6,6.9,13.4,22.8,218,0.0,0.0,0.0,0.0,0.0,0.23,28.07,48,0,0.0,,,28.07,212,4.9,1,308.0,308.0
2024-03-15 22:35:00-05:00,2024-03-15 22:35:00,45.0,2.5,7.6,22.8,249,0.0,0.0,0.0,0.0,0.0,0.23,28.07,48,0,0.0,,,28.07,220,4.9,1,308.0,308.0
2024-03-15 22:40:00-05:00,2024-03-15 22:40:00,45.5,4.3,17.4,22.8,177,0.0,0.0,0.0,0.0,0.0,0.23,28.07,47,0,0.0,,,28.07,207,4.7,1,308.0,308.0
2024-03-15 22:45:00-05:00,2024-03-15 22:45:00,45.7,5.1,7.8,22.8,213,0.0,0.0,0.0,0.0,0.0,0.23,28.06,47,0,0.0,,,28.06,197,4.7,1,308.0,308.0
2024-03-15 22:50:00-05:00,2024-03-15 22:50:00,46.0,6.9,11.9,22.8,218,0.0,0.0,0.0,0.0,0.0,0.23,28.06,47,0,0.0,,,28.06,202,4.9,1,308.0,308.0
2024-03-15 22:55:00-05:00,2024-03-15 22:55:00,46.0,1.8,8.7,22.8,221,0.0,0.0,0.0,0.0,0.0,0.23,28.06,47,0,0.0,,,28.06,219,4.9,1,308.0,308.0
2024-03-15 23:00:00-05:00,2024-03-15 23:00:00,46.6,1.3,13.6,22.8,303,0.0,0.0,0.0,0.0,0.0,0.23,28.05,46,0,0.0,,,28.05,219,4.7,1,308.0,308.0
2024-03-15 23:05:00-05:00,2024-03-15 23:05:00,46.8,4.3,13.9,22.8,223,0.0,0.0,0.0,0.0,0.0,0.23,28.05,46,0,0.0,,,28.05,196,4.5,1,308.0,308.0
2024-03-15 23:10:00-05:00,2024-03-15 23:10:00,46.9,1.8,12.1,22.8,192,0.0,0.0,0.0,0.0,0.0,0.23,28.05,46,0,0.0,,,28.05,253,3.6,1,308.0,308.0
2024-03-15 23:15:00-05:00,2024-03-15 23:15:00,47.1,4.0,15.0,22.8,235,0.0,0.0,0.0,0.0,0.0,0.23,28.06,46,0,0.0,,,28.06,203,4.5,1,308.0,308.0
2024-03-15 23:20:00-05:00,2024-03-15 23:20:00,47.1,4.3,11.2,22.8,218,0.0,0.0,0.0,0.0,0.0,0.23,28.05,46,0,0.0,,,28.05,212,4.5,1,308.0,308.0
2024-03-15 23:25:00-05:00,2024-03-15 23:25:00,47.3,0.0,18.6,22.8,222,0.0,0.0,0.0,0.0,0.0,0.23,28.04,46,0,0.0,,,28.04,199,4.3,1,308.0,308.0
2024-03-15 23:30:00-05:00,2024-03-15 23:30:00,47.3,5.6,10.7,22.8,227,0.0,0.0,0.0,0.0,0.0,0.23,28.04,47,0,0.0,,,28.04,196,2.7,1,308.0,308.0
2024-03-15 23:35:00-05:00,2024-03-15 23:35:00,47.5,4.9,12.3,22.8,301,0.0,0.0,0.0,0.0,0.0,0.23,28.04,46,0,0.0,,,28.04,201,4.0,1,308.0,308.0
2024-03-15 23:40:00-05:00,2024-03-15 23:40:00,47.5,3.4,9.2,22.8,238,0.0,0.0,0.0,0.0,0.0,0.23,28.04,47,0,0.0,,,28.04,199,4.0,1,308.0,308.0
2024-03-15 23:45:00-05:00,2024-03-15 23:45:00,47.3,8.1,10.5,22.8,313,0.0,0.0,0.0,0.0,0.0,0.23,28.04,47,0,0.0,,,28.04,241,3.6,1,308.0,308.0
2024-03-15 23:50:00-05:00,2024-03-15 23:50:00,47.3,4.7,10.7,22.8,212,0.0,0.0,0.0,0.0,0.0,0.23,28.03,48,0,0.0,,,28.03,255,3.6,1,308.0,308.0
2024-03-15 23:55:00-05:00,2024-03-15 23:55:00,47.1,1.8,7.8,22.8,188,0.0,0.0,0.0,0.0,0.0,0.23,28.03,48,0,0.0,,,28.03,211,3.8,1,308.0,308.0
2024-03-16 00:00:00-05:00,2024-03-16 00:00:00,47.1,2.7,11.4,22.8,208,0.0,0.0,0.0,0.0,0.0,0.23,28.03,48,0,0.0,,,28.03,228,3.8,1,308.0,308.0
2024-03-16 00:05:00-05:00,2024-03-16 00:05:00,47.1,3.1,10.3,10.3,227,0.0,0.0,0.0,0.0,0.0,0.23,28.03,49,0,0.0,,,28.03,228,3.8,1,308.0,308.0
2024-03-16 00:10:00-05:00,2024-03-16 00:10:00,47.1,4.9,15.0,15.0,243,0.0,0.0,0.0,0.0,0.0,0.23,28.03,49,0,0.0,,,28.03,214,4.0,1,308.0,308.0
2024-03-16 00:15:00-05:00,2024-03-16 00:15:00,47.3,6.0,10.3,15.0,235,0.0,0.0,0.0,0.0,0.0,0.23,28.02,49,0,0.0,,,28.02,249,3.8,1,308.0,308.0
2024-03-16 00:20:00-05:00,2024-03-16 00:20:00,47.1,2.7,8.7,15.0,208,0.0,0.0,0.0,0.0,0.0,0.23,28.02,49,0,0.0,,,28.02,230,3.8,1,308.0,308.0
2024-03-16 00:25:00-05:00,2024-03-16 00:25:00,47.1,9.4,16.1,16.1,240,0.0,0.0,0.0,0.0,0.0,0.23,28.01,49,0,0.0,,,28.01,209,4.5,1,308.0,308.0
2024-03-16 00:30:00-05:00,2024-03-16 00:30:00,47.3,8.9,13.6,16.1,253,0.0,0.0,0.0,0.0,0.0,0.23,28.02,50,0,0.0,,,28.02,249,4.9,1,308.0,308.0
2024-03-16 00:35:00-05:00,2024-03-16 00:35:00,47.5,5.8,12.1,20.4,262,0.0,0.0,0.0,0.0,0.0,0.23,28.02,50,0,0.0,,,28.02,244,5.6,1,308.0,308.0
2024-03-16 00:40:00-05:00,2024-03-16 00:40:00,47.7,2.2,12.5,20.4,210,0.0,0.0,0.0,0.0,0.0,0.23,28.01,49,0,0.0,,,28.01,247,4.9,1,308.0,308.0
2024-03-16 00:45:00-05:00,2024-03-16 00:45:00,47.7,2.0,12.3,20.4,270,0.0,0.0,0.0,0.0,0.0,0.23,28.02,49,0,0.0,,,28.02,255,5.1,1,308.0,308.0
2024-03-16 00:50:00-05:00,2024-03-16 00:50:00,47.5,4.7,12.5,20.4,237,0.0,0.0,0.0,0.0,0.0,0.23,28.01,49,0,0.0,,,28.01,249,5.1,1,308.0,308.0
2024-03-16 00:55:00-05:00,2024-03-16 00:55:00,47.5,4.3,13.9,20.4,274,0.0,0.0,0.0,0.0,0.0,0.23,28.01,49,0,0.0,,,28.01,245,4.7,1,308.0,308.0
2024-03-16 01:00:00-05:00,2024-03-16 01:00:00,47.5,4.7,11.2,20.4,259,0.0,0.0,0.0,0.0,0.0,0.23,28.02,49,0,0.0,,,28.02,238,5.4,1,308.0,308.0
2024-03-16 01:05:00-05:00,2024-03-16 01:05:00,47.7,4.5,14.5,20.4,216,0.0,0.0,0.0,0.0,0.0,0.23,28.02,49,0,0.0,,,28.02,255,4.9,1,308.0,308.0
2024-03-16 01:10:00-05:00,2024-03-16 01:10:00,47.8,5.6,13.2,20.4,247,0.0,0.0,0.0,0.0,0.0,0.23,28.01,48,0,0.0,,,28.01,250,4.7,1,308.0,308.0
2024-03-16 01:15:00-05:00,2024-03-16 01:15:00,48.0,4.0,13.2,20.4,268,0.0,0.0,0.0,0.0,0.0,0.23,28.01,48,0,0.0,,,28.01,264,5.6,1,308.0,308.0
2024-03-16 01:20:00-05:00,2024-03-16 01:20:00,48.2,3.1,16.3,20.4,307,0.0,0.0,0.0,0.0,0.0,0.23,28.02,47,0,0.0,,,28.02,242,6.0,1,308.0,308.0
2024-03-16 01:25:00-05:00,2024-03-16 01:25:00,48.0,5.8,18.6,20.4,231,0.0,0.0,0.0,0.0,0.0,0.23,28.02,48,0,0.0,,,28.02,260,5.8,1,308.0,308.0
2024-03-16 01:30:00-05:00,2024-03-16 01:30:00,48.0,4.7,11.4,20.4,262,0.0,0.0,0.0,0.0,0.0,0.23,28.02,48,0,0.0,,,28.02,292,5.1,1,308.0,308.0
2024-03-16 01:35:00-05:00,2024-03-16 01:35:00,47.7,4.5,8.5,20.4,278,0.0,0.0,0.0,0.0,0.0,0.23,28.03,49,0,0.0,,,28.03,317,4.9,1,308.0,308.0
2024-03-16 01:40:00-05:00,2024-03-16 01:40:00,47.7,8.1,9.4,20.4,257,0.0,0.0,0.0,0.0,0.0,0.23,28.02,49,0,0.0,,,28.02,291,4.9,1,308.0,308.0
2024-03-16 01:45:00-05:00,2024-03-16 01:45:00,48.0,2.5,11.9,20.4,259,0.0,0.0,0.0,0.0,0.0,0.23,28.02,47,0,0.0,,,28.02,292,4.3,1,308.0,308.0
2024-03-16 01:50:00-05:00,2024-03-16 01:50:00,48.4,3.8,7.6,21.3,356,0.0,0.0,0.0,0.0,0.0,0.23,28.03,47,0,0.0,,,28.03,264,4.0,1,308.0,308.0
2024-03-16 01:55:00-05:00,2024-03-16 01:55:00,48.6,2.9,16.1,21.3,276,0.0,0.0,0.0,0.0,0.0,0.23,28.02,46,0,0.0,,,28.02,321,4.3,1,308.0,308.0
2024-03-16 02:00:00-05:00,2024-03-16 02:00:00,48.2,4.7,9.4,21.3,330,0.0,0.0,0.0,0.0,0.0,0.23,28.03,46,0,0.0,,,28.03,292,4.5,1,308.0,308.0
2024-03-16 02:05:00-05:00,2024-03-16 02:05:00,48.0,4.9,11.0,21.3,332,0.0,0.0,0.0,0.0,0.0,0.23,28.03,47,0,0.0,,,28.03,292,4.5,1,308.0,308.0
2024-03-16 02:10:00-05:00,2024-03-16 02:10:00,47.5,4.9,10.3,21.3,53,0.0,0.0,0.0,0.0,0.0,0.23,28.03,47,0,0.0,,,28.03,324,4.3,1,308.0,308.0
2024-03-16 02:15:00-05:00,2024-03-16 02:15:00,47.1,5.6,9.8,21.3,332,0.0,0.0,0.0,0.0,0.0,0.23,28.04,48,0,0.0,,,28.04,331,4.9,1,308.0,308.0
2024-03-16 02:20:00-05:00,2024-03-16 02:20:00,46.8,7.2,15.9,21.3,335,0.0,0.0,0.0,0.0,0.0,0.23,28.04,49,0,0.0,,,28.04,0,5.6,1,308.0,308.0
2024-03-16 02:25:00-05:00,2024-03-16 02:25:00,46.6,13.4,21.5,21.5,325,0.0,0.0,0.0,0.0,0.0,0.23,28.04,49,0,0.0,,,28.04,321,5.8,1,308.0,308.0
2024-03-16 02:30:00-05:00,2024-03-16 02:30:00,46.0,8.3,17.9,21.5,350,0.0,0.0,0.0,0.0,0.0,0.23,28.04,51,0,0.0,,,28.04,354,6.5,1,308.0,308.0
2024-03-16 02:35:00-05:00,2024-03-16 02:35:00,45.5,5.4,8.7,21.5,302,0.0,0.0,0.0,0.0,0.0,0.23,28.04,52,0,0.0,,,28.04,351,6.5,1,308.0,308.0
2024-03-16 02:40:00-05:00,2024-03-16 02:40:00,45.3,1.3,18.1,21.5,348,0.0,0.0,0.0,0.0,0.0,0.23,28.04,53,0,0.0,,,28.04,310,6.9,1,308.0,308.0
2024-03-16 02:45:00-05:00,2024-03-16 02:45:00,44.8,3.8,10.1,21.5,300,0.0,0.0,0.0,0.0,0.0,0.23,28.04,54,0,0.0,,,28.04,315,4.7,1,308.0,308.0
2024-03-16 02:50:00-05:00,2024-03-16 02:50:00,44.2,3.6,12.3,21.5,315,0.0,0.0,0.0,0.0,0.0,0.23,28.04,55,0,0.0,,,28.04,329,4.3,1,308.0,308.0
2024-03-16 02:55:00-05:00,2024-03-16 02:55:00,44.1,3.4,14.8,21.5,334,0.0,0.0,0.0,0.0,0.0,0.23,28.04,56,0,0.0,,,28.04,314,5.1,1,308.0,308.0
2024-03-16 03:00:00-05:00,2024-03-16 03:00:00,43.5,3.6,8.5,21.5,358,0.0,0.0,0.0,0.0,0.0,0.23,28.04,57,0,0.0,,,28.04,294,4.7,1,308.0,308.0
2024-03-16 03:05:00-05:00,2024-03-16 03:05:00,43.3,3.6,8.5,21.5,0,0.0,0.0,0.0,0.0,0.0,0.23,28.05,58,0,0.0,,,28.05,323,4.7,1,308.0,308.0
2024-03-16 03:10:00-05:00,2024-03-16 03:10:00,43.0,4.5,6.7,21.5,322,0.0,0.0,0.0,0.0,0.0,0.23,28.05,59,0,0.0,,,28.05,307,4.9,1,308.0,308.0
2024-03-16 03:15:00-05:00,2024-03-16 03:15:00,42.8,6.9,13.9,21.5,336,0.0,0.0,0.0,0.0,0.0,0.23,28.05,60,0,0.0,,,28.05,307,5.1,1,308.0,308.0
2024-03-16 03:20:00-05:00,2024-03-16 03:20:00,42.6,4.9,17.2,21.5,312,0.0,0.0,0.0,0.0,0.0,0.23,28.05,61,0,0.0,,,28.05,319,6.0,1,308.0,308.0
2024-03-16 03:25:00-05:00,2024-03-16 03:25:00,41.9,5.1,6.9,21.5,342,0.0,0.0,0.0,0.0,0.0,0.23,28.04,62,0,0.0,,,28.04,324,5.1,1,308.0,308.0
2024-03-16 03:30:00-05:00,2024-03-16 03:30:00,41.7,4.5,8.5,21.5,304,0.0,0.0,0.0,0.0,0.0,0.23,28.04,63,0,0.0,,,28.04,4,4.3,1,308.0,308.0
2024-03-16 03:35:00-05:00,2024-03-16 03:35:00,41.4,5.4,13.6,21.5,338,0.0,0.0,0.0,0.0,0.0,0.23,28.04,63,0,0.0,,,28.04,340,4.9,1,308.0,308.0
2024-03-16 03:40:00-05:00,2024-03-16 03:40:00,41.2,8.9,10.5,21.5,333,0.0,0.0,0.0,0.0,0.0,0.23,28.03,64,0,0.0,,,28.03,308,4.0,1,308.0,308.0
2024-03-16 03:45:00-05:00,2024-03-16 03:45:00,41.0,5.6,11.4,21.5,324,0.0,0.0,0.0,0.0,0.0,0.23,28.05,64,0,0.0,,,28.05,308,3.6,1,308.0,308.0
2024-03-16 03:50:00-05:00,2024-03-16 03:50:00,41.0,5.6,17.9,21.5,317,0.0,0.0,0.0,0.0,0.0,0.23,28.04,64,0,0.0,,,28.04,309,3.8,1,308.0,308.0
2024-03-16 03:55:00-05:00,2024-03-16 03:55:00,41.0,4.3,12.1,21.5,320,0.0,0.0,0.0,0.0,0.0,0.23,28.04,64,0,0.0,,,28.04,330,5.4,1,308.0,308.0
2024-03-16 04:00:00-05:00,2024-03-16 04:00:00,40.8,4.5,9.6,21.5,328,0.0,0.0,0.0,0.0,0.0,0.23,28.04,65,0,0.0,,,28.04,337,5.1,1,308.0,308.0
2024-03-16 04:05:00-05:00,2024-03-16 04:05:00,40.5,4.5,6.5,21.5,328,0.0,0.0,0.0,0.0,0.0,0.23,28.04,66,0,0.0,,,28.04,321,3.4,1,308.0,308.0
2024-03-16 04:10:00-05:00,2024-03-16 04:10:00,40.3,4.7,4.7,21.5,331,0.0,0.0,0.0,0.0,0.0,0.23,28.04,66,0,0.0,,,28.04,354,2.9,1,308.0,308.0
2024-03-16 04:15:00-05:00,2024-03-16 04:15:00,40.1,3.4,6.3,21.5,342,0.0,0.0,0.0,0.0,0.0,0.23,28.04,66,0,0.0,,,28.04,330,3.8,1,308.0,308.0
2024-03-16 04:20:00-05:00,2024-03-16 04:20:00,39.7,5.1,12.1,21.5,289,0.0,0.0,0.0,0.0,0.0,0.23,28.04,67,0,0.0,,,28.04,331,4.3,1,308.0,308.0
2024-03-16 04:25:00-05:00,2024-03-16 04:25:00,39.4,3.8,5.8,21.5,267,0.0,0.0,0.0,0.0,0.0,0.23,28.03,68,0,0.0,,,28.03,340,3.8,1,308.0,308.0
2024-03-16 04:30:00-05:00,2024-03-16 04:30:00,39.0,1.6,7.6,21.5,275,0.0,0.0,0.0,0.0,0.0,0.23,28.04,68,0,0.0,,,28.04,314,3.1,1,308.0,308.0
2024-03-16 04:35:00-05:00,2024-03-16 04:35:00,39.0,3.4,5.1,21.5,298,0.0,0.0,0.0,0.0,0.0,0.23,28.04,69,0,0.0,,,28.04,319,2.5,1,308.0,308.0
2024-03-16 04:40:00-05:00,2024-03-16 04:40:00,38.8,2.5,9.4,21.5,285,0.0,0.0,0.0,0.0,0.0,0.23,28.04,70,0,0.0,,,28.04,314,2.9,1,308.0,308.0
2024-03-16 04:45:00-05:00,2024-03-16 04:45:00,38.5,3.8,10.3,21.5,340,0.0,0.0,0.0,0.0,0.0,0.23,28.04,70,0,0.0,,,28.04,355,3.1,1,308.0,308.0
2024-03-16 04:50:00-05:00,2024-03-16 04:50:00,38.3,1.8,8.9,21.5,4,0.0,0.0,0.0,0.0,0.0,0.23,28.04,71,0,0.0,,,28.04,329,3.4,1,308.0,308.0
2024-03-16 04:55:00-05:00,2024-03-16 04:55:00,38.1,0.0,11.0,21.5,311,0.0,0.0,0.0,0.0,0.0,0.23,28.04,72,0,0.0,,,28.04,330,3.4,1,308.0,308.0
2024-03-16 05:00:00-05:00,2024-03-16 05:00:00,38.3,3.8,9.8,21.5,18,0.0,0.0,0.0,0.0,0.0,0.23,28.04,71,0,0.0,,,28.04,332,2.9,1,308.0,308.0
2024-03-16 05:05:00-05:00,2024-03-16 05:05:00,38.3,7.4,8.5,21.5,320,0.0,0.0,0.0,0.0,0.0,0.23,28.05,71,0,0.0,,,28.05,354,3.6,1,308.0,308.0
2024-03-16 05:10:00-05:00,2024-03-16 05:10:00,37.9,1.3,6.5,21.5,264,0.0,0.0,0.0,0.0,0.0,0.23,28.04,72,0,0.0,,,28.04,345,3.6,1,308.0,308.0
2024-03-16 05:15:00-05:00,2024-03-16 05:15:00,37.9,3.1,8.1,21.5,358,0.0,0.0,0.0,0.0,0.0,0.23,28.05,72,0,0.0,,,28.05,305,4.0,1,308.0,308.0
2024-03-16 05:20:00-05:00,2024-03-16 05:20:00,37.8,1.6,6.9,21.5,287,0.0,0.0,0.0,0.0,0.0,0.23,28.04,72,0,0.0,,,28.04,298,4.0,1,308.0,308.0
2024-03-16 05:25:00-05:00,2024-03-16 05:25:00,37.6,2.5,5.8,21.5,274,0.0,0.0,0.0,0.0,0.0,0.23,28.05,72,0,0.0,,,28.05,300,2.7,1,308.0,308.0
2024-03-16 05:30:00-05:00,2024-03-16 05:30:00,37.4,4.0,6.9,21.5,275,0.0,0.0,0.0,0.0,0.0,0.23,28.06,72,0,0.0,,,28.06,343,2.9,1,308.0,308.0
2024-03-16 05:35:00-05:00,2024-03-16 05:35:00,37.2,5.6,8.7,21.5,302,0.0,0.0,0.0,0.0,0.0,0.23,28.05,73,0,0.0,,,28.05,294,2.9,1,308.0,308.0
2024-03-16 05:40:00-05:00,2024-03-16 05:40:00,37.0,3.8,9.8,21.5,4,0.0,0.0,0.0,0.0,0.0,0.23,28.06,73,0,0.0,,,28.06,287,3.4,1,308.0,308.0
2024-03-16 05:45:00-05:00,2024-03-16 05:45:00,36.9,2.7,6.7,21.5,29,0.0,0.0,0.0,0.0,0.0,0.23,28.05,74,0,0.0,,,28.05,270,3.8,1,308.0,308.0
2024-03-16 05:50:00-05:00,2024-03-16 05:50:00,36.9,5.8,5.8,21.5,296,0.0,0.0,0.0,0.0,0.0,0.23,28.06,74,0,0.0,,,28.06,300,3.4,1,308.0,308.0
2024-03-16 05:55:00-05:00,2024-03-16 05:55:00,36.7,3.8,6.5,21.5,307,0.0,0.0,0.0,0.0,0.0,0.23,28.06,74,0,0.0,,,28.06,292,3.4,1,308.0,308.0
2024-03-16 06:00:00-05:00,2024-03-16 06:00:00,36.5,4.5,9.2,21.5,323,0.0,0.0,0.0,0.0,0.0,0.23,28.06,74,0,0.0,,,28.06,343,3.8,1,308.0,308.0
2024-03-16 06:05:00-05:00,2024-03-16 06:05:00,36.1,5.8,6.9,21.5,323,0.0,0.0,0.0,0.0,0.0,0.23,28.06,75,0,0.0,,,28.06,330,3.4,1,308.0,308.0
2024-03-16 06:10:00-05:00,2024-03-16 06:10:00,36.0,1.8,4.3,21.5,275,0.0,0.0,0.0,0.0,0.0,0.23,28.05,75,0,0.0,,,28.05,310,3.4,1,308.0,308.0
2024-03-16 06:15:00-05:00,2024-03-16 06:15:00,36.0,2.5,7.2,21.5,331,0.0,0.0,0.0,0.0,0.0,0.23,28.06,75,0,0.0,,,28.06,275,3.1,1,308.0,308.0
2024-03-16 06:20:00-05:00,2024-03-16 06:20:00,35.6,2.7,6.0,21.5,306,0.0,0.0,0.0,0.0,0.0,0.23,28.06,76,0,0.0,,,28.06,270,3.4,1,308.0,308.0
2024-03-16 06:25:00-05:00,2024-03-16 06:25:00,35.4,4.0,6.3,21.5,336,0.0,0.0,0.0,0.0,0.0,0.23,28.07,76,0,0.0,,,28.07,339,3.4,1,308.0,308.0
2024-03-16 06:30:00-05:00,2024-03-16 06:30:00,35.1,4.9,8.5,21.5,300,0.0,0.0,0.0,0.0,0.0,0.23,28.07,77,0,0.0,,,28.07,328,2.7,1,308.0,308.0
2024-03-16 06:35:00-05:00,2024-03-16 06:35:00,35.2,4.0,6.5,21.5,343,0.0,0.0,0.0,0.0,0.0,0.23,28.07,77,0,0.0,,,28.07,324,3.4,1,308.0,308.0
2024-03-16 06:40:00-05:00,2024-03-16 06:40:00,35.2,2.9,8.3,21.5,333,0.0,0.0,0.0,0.0,0.0,0.23,28.07,77,0,0.0,,,28.07,315,3.8,1,308.0,308.0
2024-03-16 06:45:00-05:00,2024-03-16 06:45:00,35.1,4.9,12.1,21.5,248,0.0,0.0,0.0,0.0,0.0,0.23,28.07,77,0,0.0,,,28.07,326,3.8,1,308.0,308.0
2024-03-16 06:50:00-05:00,2024-03-16 06:50:00,34.7,2.0,4.9,21.5,65,0.0,0.0,0.0,0.0,0.0,0.23,28.07,78,0,0.0,,,28.07,318,3.1,1,308.0,308.0
2024-03-16 06:55:00-05:00,2024-03-16 06:55:00,34.7,0.0,7.6,21.5,352,0.0,0.0,0.0,0.0,0.0,0.23,28.07,78,0,0.0,,,28.07,285,3.4,1,308.0,308.0
2024-03-16 07:00:00-05:00,2024-03-16 07:00:00,34.5,4.5,9.8,21.5,304,0.0,0.0,0.0,0.0,0.0,0.23,28.08,78,0,0.0,,,28.08,270,3.6,1,308.0,308.0
2024-03-16 07:05:00-05:00,2024-03-16 07:05:00,34.3,3.1,7.4,21.5,300,0.0,0.0,0.0,0.0,0.0,0.23,28.08,78,0,0.0,,,28.08,295,2.9,1,308.0,308.0
2024-03-16 07:10:00-05:00,2024-03-16 07:10:00,34.0,2.9,7.8,21.5,258,0.0,0.0,0.0,0.0,0.0,0.23,28.08,79,0,0.0,,,28.08,295,3.6,1,308.0,308.0
2024-03-16 07:15:00-05:00,2024-03-16 07:15:00,34.2,3.6,4.7,21.5,287,0.0,0.0,0.0,0.0,0.0,0.23,28.09,79,0,0.0,,,28.09,291,2.5,1,308.0,308.0
2024-03-16 07:20:00-05:00,2024-03-16 07:20:00,34.3,6.3,7.4,21.5,223,0.0,0.0,0.0,0.0,0.0,0.23,28.09,79,0,0.0,,,28.09,270,2.7,1,308.0,308.0
2024-03-16 07:25:00-05:00,2024-03-16 07:25:00,34.5,1.6,5.1,21.5,331,0.0,0.0,0.0,0.0,0.0,0.23,28.09,79,0,0.0,,,28.09,285,3.1,1,308.0,308.0
2024-03-16 07:30:00-05:00,2024-03-16 07:30:00,34.5,3.6,4.3,21.5,295,0.0,0.0,0.0,0.0,0.0,0.23,28.08,79,0,0.0,,,28.08,280,2.9,1,308.0,308.0
2024-03-16 07:35:00-05:00,2024-03-16 07:35:00,34.7,4.5,7.8,21.5,340,0.0,0.0,0.0,0.0,0.0,0.23,28.09,79,0,0.0,,,28.09,300,3.6,1,308.0,308.0
2024-03-16 07:40:00-05:00,2024-03-16 07:40:00,34.7,3.4,8.5,21.5,321,0.0,0.0,0.0,0.0,0.0,0.23,28.09,79,0,0.0,,,28.09,283,3.6,1,308.0,308.0
2024-03-16 07:45:00-05:00,2024-03-16 07:45:00,35.1,2.5,5.4,21.5,340,0.0,0.0,0.0,0.0,0.0,0.23,28.1,78,0,0.0,,,28.1,303,2.9,1,308.0,308.0
2024-03-16 07:50:00-05:00,2024-03-16 07:50:00,35.2,1.8,5.1,21.5,293,0.0,0.0,0.0,0.0,0.0,0.23,28.09,78,0,2.5,,,28.09,318,2.9,1,308.0,308.0
2024-03-16 07:55:00-05:00,2024-03-16 07:55:00,35.4,8.7,8.7,21.5,283,0.0,0.0,0.0,0.0,0.0,0.23,28.09,78,0,3.6,,,28.09,327,2.9,1,308.0,308.0
2024-03-16 08:00:00-05:00,2024-03-16 08:00:00,35.6,3.1,12.5,21.5,315,0.0,0.0,0.0,0.0,0.0,0.23,28.1,78,0,4.9,,,28.1,335,5.1,1,308.0,308.0
2024-03-16 08:05:00-05:00,2024-03-16 08:05:00,35.8,2.9,11.9,21.5,270,0.0,0.0,0.0,0.0,0.0,0.23,28.1,77,0,13.4,,,28.1,279,5.8,1,308.0,308.0
2024-03-16 08:10:00-05:00,2024-03-16 08:10:00,35.6,2.0,9.4,21.5,218,0.0,0.0,0.0,0.0,0.0,0.23,28.09,78,0,20.8,,,28.09,324,5.4,1,308.0,308.0
2024-03-16 08:15:00-05:00,2024-03-16 08:15:00,35.2,2.9,16.3,21.5,344,0.0,0.0,0.0,0.0,0.0,0.23,28.1,78,0,28.1,,,28.1,337,5.8,1,308.0,308.0
2024-03-16 08:20:00-05:00,2024-03-16 08:20:00,35.1,8.3,18.8,21.5,308,0.0,0.0,0.0,0.0,0.0,0.23,28.11,78,0,25.6,,,28.11,11,6.3,1,308.0,308.0
2024-03-16 08:25:00-05:00,2024-03-16 08:25:00,35.2,3.6,19.2,23.9,299,0.0,0.0,0.0,0.0,0.0,0.23,28.1,79,0,36.7,,,28.1,334,6.7,1,308.0,308.0
2024-03-16 08:30:00-05:00,2024-03-16 08:30:00,35.2,10.3,10.3,23.9,315,0.0,0.0,0.0,0.0,0.0,0.23,28.11,79,0,40.3,,,28.11,310,5.8,1,308.0,308.0
2024-03-16 08:35:00-05:00,2024-03-16 08:35:00,35.2,0.0,7.2,23.9,286,0.0,0.0,0.0,0.0,0.0,0.23,28.1,79,0,44.0,,,28.1,324,4.9,1,308.0,308.0
2024-03-16 08:40:00-05:00,2024-03-16 08:40:00,35.1,7.8,12.8,23.9,321,0.0,0.0,0.0,0.0,0.0,0.23,28.11,79,0,51.4,,,28.11,326,4.9,1,308.0,308.0
2024-03-16 08:45:00-05:00,2024-03-16 08:45:00,35.1,8.1,17.2,23.9,307,0.0,0.0,0.0,0.0,0.0,0.23,28.11,79,0,64.8,,,28.11,345,4.7,1,308.0,308.0
2024-03-16 08:50:00-05:00,2024-03-16 08:50:00,35.4,7.6,16.8,23.9,283,0.0,0.0,0.0,0.0,0.0,0.23,28.11,79,0,56.3,,,28.11,345,4.0,1,308.0,308.0
2024-03-16 08:55:00-05:00,2024-03-16 08:55:00,35.2,3.4,7.4,23.9,341,0.0,0.0,0.0,0.0,0.0,0.23,28.11,79,0,63.6,,,28.11,301,4.0,1,308.0,308.0
2024-03-16 09:01:00-05:00,2024-03-16 09:01:00,34.9,2.5,13.9,23.9,351,0.0,0.0,0.0,0.0,0.0,0.23,28.12,80,0,78.3,,,28.12,317,5.8,1,308.0,308.0
2024-03-16 09:05:00-05:00,2024-03-16 09:05:00,35.1,1.8,10.7,23.9,265,0.0,0.0,0.0,0.0,0.0,0.23,28.12,80,0,71.0,,,28.12,318,5.8,1,308.0,308.0
2024-03-16 09:10:00-05:00,2024-03-16 09:10:00,35.2,4.9,9.4,23.9,337,0.0,0.0,0.0,0.0,0.0,0.23,28.12,79,0,83.2,,,28.12,314,4.7,1,308.0,308.0
2024-03-16 09:15:00-05:00,2024-03-16 09:15:00,35.6,9.6,12.8,23.9,306,0.0,0.0,0.0,0.0,0.0,0.23,28.12,79,0,90.5,,,28.12,303,3.8,1,308.0,308.0
2024-03-16 09:20:00-05:00,2024-03-16 09:20:00,35.4,6.0,13.6,23.9,306,0.0,0.0,0.0,0.0,0.0,0.23,28.12,80,0,75.8,,,28.12,252,4.7,1,308.0,308.0
2024-03-16 09:25:00-05:00,2024-03-16 09:25:00,35.2,6.9,17.0,23.9,337,0.0,0.0,0.0,0.0,0.0,0.23,28.12,80,0,91.7,,,28.12,342,6.0,1,308.0,308.0
2024-03-16 09:30:00-05:00,2024-03-16 09:30:00,35.6,4.9,12.8,23.9,356,0.0,0.0,0.0,0.0,0.0,0.23,28.12,79,0,91.7,,,28.12,335,5.8,1,308.0,308.0
2024-03-16 09:35:00-05:00,2024-03-16 09:35:00,36.0,5.6,13.4,23.9,302,0.0,0.0,0.0,0.0,0.0,0.23,28.12,79,0,84.4,,,28.12,352,5.6,1,308.0,308.0
2024-03-16 09:40:00-05:00,2024-03-16 09:40:00,36.0,3.6,11.0,23.9,330,0.0,0.0,0.0,0.0,0.0,0.23,28.12,79,0,73.4,,,28.12,323,4.3,1,308.0,308.0
2024-03-16 09:45:00-05:00,2024-03-16 09:45:00,36.0,1.6,11.6,23.9,281,0.0,0.0,0.0,0.0,0.0,0.23,28.12,79,0,62.4,,,28.12,332,5.4,1,308.0,308.0
2024-03-16 09:50:00-05:00,2024-03-16 09:50:00,36.3,1.1,5.1,23.9,262,0.0,0.0,0.0,0.0,0.0,0.23,28.12,79,0,67.3,,,28.12,322,4.5,1,308.0,308.0
2024-03-16 09:55:00-05:00,2024-03-16 09:55:00,36.0,6.0,13.0,23.9,355,0.0,0.0,0.0,0.0,0.0,0.23,28.13,78,0,91.7,,,28.13,322,4.9,1,308.0,308.0
2024-03-16 10:00:00-05:00,2024-03-16 10:00:00,36.1,2.9,15.7,23.9,2,0.0,0.0,0.0,0.0,0.0,0.23,28.12,77,0,96.6,,,28.12,322,6.0,1,308.0,308.0
2024-03-16 10:05:00-05:00,2024-03-16 10:05:00,36.0,3.1,21.7,23.9,341,0.0,0.0,0.0,0.0,0.0,0.23,28.12,77,0,89.3,,,28.12,343,6.7,1,308.0,308.0
2024-03-16 10:10:00-05:00,2024-03-16 10:10:00,36.1,10.7,15.7,23.9,321,0.0,0.0,0.0,0.0,0.0,0.23,28.13,77,1,122.3,,,28.13,327,8.1,1,308.0,308.0
2024-03-16 10:15:00-05:00,2024-03-16 10:15:00,36.1,6.0,20.8,23.9,344,0.0,0.0,0.0,0.0,0.0,0.23,28.12,76,1,141.9,,,28.12,322,8.5,1,308.0,308.0
2024-03-16 10:20:00-05:00,2024-03-16 10:20:00,36.5,6.9,17.7,23.9,309,0.0,0.0,0.0,0.0,0.0,0.23,28.13,75,1,148.0,,,28.13,336,8.3,1,308.0,308.0
2024-03-16 10:25:00-05:00,2024-03-16 10:25:00,37.4,9.6,14.5,23.9,334,0.0,0.0,0.0,0.0,0.0,0.23,28.13,74,1,129.7,,,28.13,326,7.4,1,308.0,308.0
2024-03-16 10:30:00-05:00,2024-03-16 10:30:00,37.4,6.3,15.0,23.9,315,0.0,0.0,0.0,0.0,0.0,0.23,28.12,74,1,123.5,,,28.12,341,6.5,1,308.0,308.0
2024-03-16 10:35:00-05:00,2024-03-16 10:35:00,37.0,8.3,20.1,23.9,334,0.0,0.0,0.0,0.0,0.0,0.23,28.13,74,0,86.8,,,28.13,328,7.2,1,308.0,308.0
2024-03-16 10:40:00-05:00,2024-03-16 10:40:00,37.6,3.8,10.7,23.9,317,0.0,0.0,0.0,0.0,0.0,0.23,28.13,73,2,288.7,,,28.13,297,6.0,1,308.0,308.0
2024-03-16 10:45:00-05:00,2024-03-16 10:45:00,38.3,4.9,15.9,23.9,343,0.0,0.0,0.0,0.0,0.0,0.23,28.12,71,3,359.7,,,28.12,289,5.6,1,308.0,308.0
2024-03-16 10:50:00-05:00,2024-03-16 10:50:00,38.3,6.3,14.8,23.9,341,0.0,0.0,0.0,0.0,0.0,0.23,28.13,70,3,335.2,,,28.13,325,6.7,1,308.0,308.0
2024-03-16 10:55:00-05:00,2024-03-16 10:55:00,39.4,6.7,18.1,23.9,354,0.0,0.0,0.0,0.0,0.0,0.23,28.13,69,1,172.4,,,28.13,282,6.5,1,308.0,308.0
2024-03-16 11:00:00-05:00,2024-03-16 11:00:00,39.0,18.8,18.8,23.9,299,0.0,0.0,0.0,0.0,0.0,0.23,28.13,68,1,123.5,,,28.13,319,7.4,1,308.0,308.0
2024-03-16 11:05:00-05:00,2024-03-16 11:05:00,39.0,7.8,16.6,23.9,300,0.0,0.0,0.0,0.0,0.0,0.23,28.13,68,4,430.6,,,28.13,321,8.3,1,308.0,308.0
2024-03-16 11:10:00-05:00,2024-03-16 11:10:00,39.9,4.3,11.4,23.9,340,0.0,0.0,0.0,0.0,0.0,0.23,28.12,67,1,173.7,,,28.12,329,6.0,1,308.0,308.0
2024-03-16 11:15:00-05:00,2024-03-16 11:15:00,40.5,15.9,15.9,23.9,289,0.0,0.0,0.0,0.0,0.0,0.23,28.13,65,1,178.6,,,28.13,305,5.6,1,308.0,308.0
2024-03-16 11:20:00-05:00,2024-03-16 11:20:00,39.9,5.4,13.4,23.9,350,0.0,0.0,0.0,0.0,0.0,0.23,28.13,65,4,422.0,,,28.13,327,6.0,1,308.0,308.0
2024-03-16 11:25:00-05:00,2024-03-16 11:25:00,39.4,15.4,23.9,23.9,331,0.0,0.0,0.0,0.0,0.0,0.23,28.13,64,1,133.3,,,28.13,326,6.9,1,308.0,308.0
2024-03-16 11:30:00-05:00,2024-03-16 11:30:00,39.6,4.7,22.8,30.6,300,0.0,0.0,0.0,0.0,0.0,0.23,28.13,65,1,100.3,,,28.13,22,8.3,1,308.0,308.0
2024-03-16 11:35:00-05:00,2024-03-16 11:35:00,39.6,10.5,23.7,30.6,324,0.0,0.0,0.0,0.0,0.0,0.23,28.13,65,1,171.3,,,28.13,318,8.1,1,308.0,308.0
2024-03-16 11:40:00-05:00,2024-03-16 11:40:00,39.2,4.0,16.8,30.6,303,0.0,0.0,0.0,0.0,0.0,0.23,28.13,65,2,221.4,,,28.13,322,7.8,1,308.0,308.0
2024-03-16 11:45:00-05:00,2024-03-16 11:45:00,39.6,4.5,24.4,30.6,270,0.0,0.0,0.0,0.0,0.0,0.23,28.14,64,2,226.3,,,28.14,322,8.1,1,308.0,308.0
2024-03-16 11:50:00-05:00,2024-03-16 11:50:00,38.8,8.9,29.5,30.6,340,0.0,0.0,0.0,0.0,0.0,0.23,28.14,63,2,204.3,,,28.14,298,8.3,1,308.0,308.0
2024-03-16 11:55:00-05:00,2024-03-16 11:55:00,39.2,8.7,24.2,30.6,301,0.0,0.0,0.0,0.0,0.0,0.23,28.14,62,4,506.5,,,28.14,330,9.4,1,308.0,308.0
2024-03-16 12:00:00-05:00,2024-03-16 12:00:00,40.3,7.4,27.3,30.6,343,0.0,0.0,0.0,0.0,0.0,0.23,28.14,61,5,608.0,,,28.14,330,8.3,1,308.0,308.0
2024-03-16 12:05:00-05:00,2024-03-16 12:05:00,39.9,11.4,19.2,30.6,342,0.0,0.0,0.0,0.0,0.0,0.23,28.15,59,5,576.2,,,28.15,275,11.4,1,308.0,308.0
2024-03-16 12:10:00-05:00,2024-03-16 12:10:00,40.6,9.8,21.0,30.6,333,0.0,0.0,0.0,0.0,0.0,0.23,28.13,56,6,627.5,,,28.13,335,9.4,1,308.0,308.0
2024-03-16 12:16:00-05:00,2024-03-16 12:16:00,39.9,14.5,32.0,32.0,276,0.0,0.0,0.0,0.0,0.0,0.23,28.14,56,5,576.2,,,28.14,308,9.6,1,308.0,308.0
2024-03-16 12:20:00-05:00,2024-03-16 12:20:00,40.6,8.1,24.4,32.0,309,0.0,0.0,0.0,0.0,0.0,0.23,28.13,57,6,653.3,,,28.13,307,7.2,1,308.0,308.0
2024-03-16 12:25:00-05:00,2024-03-16 12:25:00,41.0,10.5,15.0,32.0,338,0.0,0.0,0.0,0.0,0.0,0.23,28.14,58,1,176.2,,,28.14,314,6.9,1,308.0,308.0
2024-03-16 12:30:00-05:00,2024-03-16 12:30:00,40.1,7.2,20.4,32.0,22,0.0,0.0,0.0,0.0,0.0,0.23,28.15,56,5,598.2,,,28.15,308,6.9,1,308.0,308.0
2024-03-16 12:35:00-05:00,2024-03-16 12:35:00,40.5,10.7,17.9,32.0,312,0.0,0.0,0.0,0.0,0.0,0.23,28.14,57,1,177.3,,,28.14,333,10.1,1,308.0,308.0
2024-03-16 12:40:00-05:00,2024-03-16 12:40:00,41.0,7.6,13.0,32.0,327,0.0,0.0,0.0,0.0,0.0,0.23,28.13,57,6,648.4,,,28.13,334,8.7,1,308.0,308.0
2024-03-16 12:45:00-05:00,2024-03-16 12:45:00,41.4,8.9,16.6,32.0,236,0.0,0.0,0.0,0.0,0.0,0.23,28.14,56,6,683.8,,,28.14,321,7.2,1,308.0,308.0
2024-03-16 12:50:00-05:00,2024-03-16 12:50:00,41.7,8.1,14.1,32.0,17,0.0,0.0,0.0,0.0,0.0,0.23,28.14,56,2,243.4,,,28.14,301,7.4,1,308.0,308.0
2024-03-16 12:55:00-05:00,2024-03-16 12:55:00,40.6,9.4,23.3,32.0,351,0.0,0.0,0.0,0.0,0.0,0.23,28.14,57,2,299.7,,,28.14,319,8.1,1,308.0,308.0
2024-03-16 13:00:00-05:00,2024-03-16 13:00:00,41.0,7.6,15.9,32.0,313,0.0,0.0,0.0,0.0,0.0,0.23,28.14,52,5,582.3,,,28.14,290,6.7,1,308.0,308.0
2024-03-16 13:05:00-05:00,2024-03-16 13:05:00,41.4,6.9,19.5,32.0,272,0.0,0.0,0.0,0.0,0.0,0.23,28.14,53,6,666.7,,,28.14,317,7.4,1,308.0,308.0
2024-03-16 13:10:00-05:00,2024-03-16 13:10:00,41.5,2.9,12.5,32.0,225,0.0,0.0,0.0,0.0,0.0,0.23,28.15,53,5,601.9,,,28.15,309,8.3,1,308.0,308.0
2024-03-16 13:15:00-05:00,2024-03-16 13:15:00,42.1,9.8,20.8,32.0,345,0.0,0.0,0.0,0.0,0.0,0.23,28.15,50,5,586.0,,,28.15,301,7.8,1,308.0,308.0
2024-03-16 13:20:00-05:00,2024-03-16 13:20:00,41.5,7.8,20.4,32.0,351,0.0,0.0,0.0,0.0,0.0,0.23,28.15,51,5,568.8,,,28.15,343,9.2,1,308.0,308.0
2024-03-16 13:25:00-05:00,2024-03-16 13:25:00,41.2,9.2,21.0,32.0,313,0.0,0.0,0.0,0.0,0.0,0.23,28.14,51,5,605.5,,,28.14,343,9.2,1,308.0,308.0
2024-03-16 13:30:00-05:00,2024-03-16 13:30:00,43.0,7.4,17.9,32.0,346,0.0,0.0,0.0,0.0,0.0,0.23,28.14,47,5,573.7,,,28.14,313,8.1,1,308.0,308.0
2024-03-16 13:35:00-05:00,2024-03-16 13:35:00,42.4,3.6,13.0,32.0,330,0.0,0.0,0.0,0.0,0.0,0.23,28.14,48,5,553.0,,,28.14,297,7.2,1,308.0,308.0
2024-03-16 13:40:00-05:00,2024-03-16 13:40:00,42.6,6.0,12.8,32.0,322,0.0,0.0,0.0,0.0,0.0,0.23,28.14,46,5,572.5,,,28.14,289,6.7,1,308.0,308.0
2024-03-16 13:45:00-05:00,2024-03-16 13:45:00,43.0,10.7,11.9,32.0,292,0.0,0.0,0.0,0.0,0.0,0.23,28.14,45,5,519.9,,,28.14,292,5.6,1,308.0,308.0
2024-03-16 13:50:00-05:00,2024-03-16 13:50:00,42.4,7.2,25.5,32.0,293,0.0,0.0,0.0,0.0,0.0,0.23,28.15,45,5,550.5,,,28.15,293,7.4,1,308.0,308.0
2024-03-16 13:55:00-05:00,2024-03-16 13:55:00,43.0,8.5,18.6,32.0,326,0.0,0.0,0.0,0.0,0.0,0.23,28.14,44,5,533.4,,,28.14,325,8.7,1,308.0,308.0
2024-03-16 14:00:00-05:00,2024-03-16 14:00:00,43.3,5.6,18.6,32.0,337,0.0,0.0,0.0,0.0,0.0,0.23,28.14,42,5,543.2,,,28.14,307,8.5,1,308.0,308.0
2024-03-16 14:05:00-05:00,2024-03-16 14:05:00,42.1,4.7,17.4,32.0,329,0.0,0.0,0.0,0.0,0.0,0.23,28.14,45,5,518.7,,,28.14,314,7.4,1,308.0,308.0
2024-03-16 14:10:00-05:00,2024-03-16 14:10:00,43.2,11.2,24.2,32.0,353,0.0,0.0,0.0,0.0,0.0,0.23,28.15,42,4,511.4,,,28.15,305,8.1,1,308.0,308.0
2024-03-16 14:16:00-05:00,2024-03-16 14:16:00,43.0,4.9,22.6,32.0,337,0.0,0.0,0.0,0.0,0.0,0.23,28.14,41,5,527.2,,,28.14,320,8.3,1,308.0,308.0
2024-03-16 14:20:00-05:00,2024-03-16 14:20:00,41.9,10.1,25.5,32.0,322,0.0,0.0,0.0,0.0,0.0,0.23,28.13,43,5,512.5,,,28.13,341,8.7,1,308.0,308.0
2024-03-16 14:25:00-05:00,2024-03-16 14:25:00,42.1,9.6,30.6,35.1,311,0.0,0.0,0.0,0.0,0.0,0.23,28.14,41,5,527.2,,,28.14,342,9.4,1,308.0,308.0
2024-03-16 14:30:00-05:00,2024-03-16 14:30:00,42.3,3.4,23.0,35.1,289,0.0,0.0,0.0,0.0,0.0,0.23,28.14,40,4,446.5,,,28.14,333,8.9,1,308.0,308.0
2024-03-16 14:35:00-05:00,2024-03-16 14:35:00,42.3,9.8,22.1,35.1,336,0.0,0.0,0.0,0.0,0.0,0.23,28.13,42,5,527.2,,,28.13,306,9.6,1,308.0,308.0
2024-03-16 14:40:00-05:00,2024-03-16 14:40:00,42.6,2.0,16.1,35.1,343,0.0,0.0,0.0,0.0,0.0,0.23,28.13,41,4,457.5,,,28.13,339,9.6,1,308.0,308.0
2024-03-16 14:45:00-05:00,2024-03-16 14:45:00,42.3,9.2,29.8,35.1,0,0.0,0.0,0.0,0.0,0.0,0.23,28.13,42,5,512.5,,,28.13,335,9.8,1,308.0,308.0
2024-03-16 14:50:00-05:00,2024-03-16 14:50:00,42.8,11.0,22.8,35.1,339,0.0,0.0,0.0,0.0,0.0,0.23,28.13,41,4,496.7,,,28.13,339,10.5,1,308.0,308.0
2024-03-16 14:55:00-05:00,2024-03-16 14:55:00,42.6,12.3,21.7,35.1,321,0.0,0.0,0.0,0.0,0.0,0.23,28.14,40,5,537.0,,,28.14,327,9.8,1,308.0,308.0
2024-03-16 15:00:00-05:00,2024-03-16 15:00:00,43.0,8.9,18.3,35.1,339,0.0,0.0,0.0,0.0,0.0,0.23,28.13,40,5,513.8,,,28.13,327,8.1,1,308.0,308.0
2024-03-16 15:05:00-05:00,2024-03-16 15:05:00,43.9,3.8,25.1,35.1,296,0.0,0.0,0.0,0.0,0.0,0.23,28.13,38,4,482.0,,,28.13,326,6.7,1,308.0,308.0
2024-03-16 15:10:00-05:00,2024-03-16 15:10:00,42.6,13.2,28.0,35.1,333,0.0,0.0,0.0,0.0,0.0,0.23,28.12,40,4,494.2,,,28.12,317,7.2,1,308.0,308.0
2024-03-16 15:15:00-05:00,2024-03-16 15:15:00,42.3,6.3,28.0,35.1,303,0.0,0.0,0.0,0.0,0.0,0.23,28.13,40,4,495.4,,,28.13,319,9.8,1,308.0,308.0
2024-03-16 15:20:00-05:00,2024-03-16 15:20:00,43.2,7.8,19.7,35.1,275,0.0,0.0,0.0,0.0,0.0,0.23,28.13,38,4,504.0,,,28.13,322,10.1,1,308.0,308.0
2024-03-16 15:26:00-05:00,2024-03-16 15:26:00,42.8,8.9,24.2,35.1,327,0.0,0.0,0.0,0.0,0.0,0.23,28.13,38,4,419.6,,,28.13,281,8.7,1,308.0,308.0
2024-03-16 15:30:00-05:00,2024-03-16 15:30:00,43.0,15.2,15.2,35.1,285,0.0,0.0,0.0,0.0,0.0,0.23,28.13,38,0,88.1,,,28.13,326,7.6,1,308.0,308.0
2024-03-16 15:35:00-05:00,2024-03-16 15:35:00,42.6,9.6,23.7,35.1,306,0.0,0.0,0.0,0.0,0.0,0.23,28.13,38,4,497.9,,,28.13,332,7.4,1,308.0,308.0
2024-03-16 15:40:00-05:00,2024-03-16 15:40:00,42.8,5.1,18.3,35.1,278,0.0,0.0,0.0,0.0,0.0,0.23,28.13,38,4,483.2,,,28.13,327,9.4,1,308.0,308.0
2024-03-16 15:45:00-05:00,2024-03-16 15:45:00,42.8,16.8,24.2,35.1,353,0.0,0.0,0.0,0.0,0.0,0.23,28.13,38,4,480.7,,,28.13,327,8.5,1,308.0,308.0
2024-03-16 15:50:00-05:00,2024-03-16 15:50:00,41.9,2.7,32.7,35.1,315,0.0,0.0,0.0,0.0,0.0,0.23,28.13,39,3,392.7,,,28.13,326,8.5,1,308.0,308.0
2024-03-16 15:55:00-05:00,2024-03-16 15:55:00,42.8,7.8,25.9,35.1,273,0.0,0.0,0.0,0.0,0.0,0.23,28.13,38,5,512.5,,,28.13,322,11.0,1,308.0,308.0
2024-03-16 16:00:00-05:00,2024-03-16 16:00:00,43.9,17.7,26.8,35.1,327,0.0,0.0,0.0,0.0,0.0,0.23,28.12,37,4,474.7,,,28.12,330,9.2,1,308.0,308.0
2024-03-16 16:05:00-05:00,2024-03-16 16:05:00,42.3,13.0,20.6,35.1,331,0.0,0.0,0.0,0.0,0.0,0.23,28.13,37,4,489.3,,,28.13,355,10.3,1,308.0,308.0
2024-03-16 16:10:00-05:00,2024-03-16 16:10:00,41.9,12.5,25.5,35.1,329,0.0,0.0,0.0,0.0,0.0,0.23,28.13,37,4,438.0,,,28.13,309,11.0,1,308.0,308.0
2024-03-16 16:15:00-05:00,2024-03-16 16:15:00,43.0,12.3,22.6,35.1,319,0.0,0.0,0.0,0.0,0.0,0.23,28.13,37,4,467.3,,,28.13,325,8.1,1,308.0,308.0
2024-03-16 16:20:00-05:00,2024-03-16 16:20:00,44.2,12.3,19.2,35.1,332,0.0,0.0,0.0,0.0,0.0,0.23,28.13,36,4,456.3,,,28.13,317,6.5,1,308.0,308.0
2024-03-16 16:25:00-05:00,2024-03-16 16:25:00,42.8,6.3,26.2,35.1,354,0.0,0.0,0.0,0.0,0.0,0.23,28.14,37,4,466.1,,,28.14,292,8.3,1,308.0,308.0
2024-03-16 16:30:00-05:00,2024-03-16 16:30:00,42.6,5.8,18.1,35.1,330,0.0,0.0,0.0,0.0,0.0,0.23,28.13,36,0,90.5,,,28.13,341,10.1,1,308.0,308.0
2024-03-16 16:35:00-05:00,2024-03-16 16:35:00,42.6,10.5,17.7,35.1,344,0.0,0.0,0.0,0.0,0.0,0.23,28.13,36,1,111.3,,,28.13,293,8.9,1,308.0,308.0
2024-03-16 16:40:00-05:00,2024-03-16 16:40:00,42.3,8.1,20.4,35.1,337,0.0,0.0,0.0,0.0,0.0,0.23,28.14,36,3,406.2,,,28.14,330,6.9,1,308.0,308.0
2024-03-16 16:45:00-05:00,2024-03-16 16:45:00,42.6,11.9,21.7,35.1,319,0.0,0.0,0.0,0.0,0.0,0.23,28.13,37,3,380.4,,,28.13,329,8.3,1,308.0,308.0
2024-03-16 16:50:00-05:00,2024-03-16 16:50:00,42.1,7.2,26.4,35.1,337,0.0,0.0,0.0,0.0,0.0,0.23,28.13,37,3,387.8,,,28.13,314,8.3,1,308.0,308.0
2024-03-16 16:55:00-05:00,2024-03-16 16:55:00,41.0,2.5,25.5,35.1,277,0.0,0.0,0.0,0.0,0.0,0.23,28.14,38,1,105.2,,,28.14,2,7.6,1,308.0,308.0
2024-03-16 17:00:00-05:00,2024-03-16 17:00:00,42.8,6.0,16.8,35.1,340,0.0,0.0,0.0,0.0,0.0,0.23,28.14,36,3,374.4,,,28.14,324,6.3,1,308.0,308.0
2024-03-16 17:05:00-05:00,2024-03-16 17:05:00,42.3,12.8,23.7,35.1,50,0.0,0.0,0.0,0.0,0.0,0.23,28.13,35,3,345.0,,,28.13,24,7.4,1,308.0,308.0
2024-03-16 17:10:00-05:00,2024-03-16 17:10:00,41.7,6.0,21.7,35.1,338,0.0,0.0,0.0,0.0,0.0,0.23,28.13,35,1,181.1,,,28.13,350,10.3,1,308.0,308.0
2024-03-16 17:15:00-05:00,2024-03-16 17:15:00,41.0,9.4,16.6,35.1,317,0.0,0.0,0.0,0.0,0.0,0.23,28.13,37,0,78.3,,,28.13,343,9.8,1,308.0,308.0
2024-03-16 17:20:00-05:00,2024-03-16 17:20:00,41.7,15.7,21.5,35.1,351,0.0,0.0,0.0,0.0,0.0,0.23,28.13,37,2,252.0,,,28.13,321,9.8,1,308.0,308.0
2024-03-16 17:25:00-05:00,2024-03-16 17:25:00,42.3,5.6,20.6,35.1,304,0.0,0.0,0.0,0.0,0.0,0.23,28.13,36,2,209.2,,,28.13,331,10.5,1,308.0,308.0
2024-03-16 17:30:00-05:00,2024-03-16 17:30:00,40.8,12.8,20.6,35.1,335,0.0,0.0,0.0,0.0,0.0,0.23,28.14,38,0,93.0,,,28.14,335,10.5,1,308.0,308.0
2024-03-16 17:35:00-05:00,2024-03-16 17:35:00,41.2,18.8,19.7,35.1,320,0.0,0.0,0.0,0.0,0.0,0.23,28.13,38,2,263.0,,,28.13,337,9.4,1,308.0,308.0
2024-03-16 17:40:00-05:00,2024-03-16 17:40:00,41.7,10.5,23.5,35.1,341,0.0,0.0,0.0,0.0,0.0,0.23,28.13,38,2,233.6,,,28.13,312,11.6,1,308.0,308.0
2024-03-16 17:45:00-05:00,2024-03-16 17:45:00,41.5,5.6,29.5,35.1,349,0.0,0.0,0.0,0.0,0.0,0.23,28.14,37,2,212.9,,,28.14,357,12.1,1,308.0,308.0
2024-03-16 17:50:00-05:00,2024-03-16 17:50:00,41.2,8.1,25.3,35.1,335,0.0,0.0,0.0,0.0,0.0,0.23,28.13,37,0,55.0,,,28.13,332,11.0,1,308.0,308.0
2024-03-16 17:55:00-05:00,2024-03-16 17:55:00,41.4,9.4,15.9,35.1,304,0.0,0.0,0.0,0.0,0.0,0.23,28.14,38,1,176.2,,,28.14,338,9.4,1,308.0,308.0
2024-03-16 18:00:00-05:00,2024-03-16 18:00:00,41.0,4.0,20.8,35.1,297,0.0,0.0,0.0,0.0,0.0,0.23,28.14,38,0,56.3,,,28.14,320,8.1,1,308.0,308.0
2024-03-16 18:05:00-05:00,2024-03-16 18:05:00,39.9,5.4,19.2,35.1,307,0.0,0.0,0.0,0.0,0.0,0.23,28.14,39,0,48.9,,,28.14,317,9.4,1,308.0,308.0
2024-03-16 18:10:00-05:00,2024-03-16 18:10:00,39.6,8.5,18.3,35.1,317,0.0,0.0,0.0,0.0,0.0,0.23,28.14,39,0,44.0,,,28.14,327,11.2,1,308.0,308.0
2024-03-16 18:15:00-05:00,2024-03-16 18:15:00,39.6,6.0,25.1,35.1,351,0.0,0.0,0.0,0.0,0.0,0.23,28.14,39,0,48.9,,,28.14,314,11.2,1,308.0,308.0
2024-03-16 18:20:00-05:00,2024-03-16 18:20:00,39.4,12.1,18.3,35.1,341,0.0,0.0,0.0,0.0,0.0,0.23,28.14,39,0,58.7,,,28.14,317,9.2,1,308.0,308.0
2024-03-16 18:25:00-05:00,2024-03-16 18:25:00,40.3,8.7,24.4,35.1,270,0.0,0.0,0.0,0.0,0.0,0.23,28.14,39,1,130.9,,,28.14,334,8.9,1,308.0,308.0
2024-03-16 18:30:00-05:00,2024-03-16 18:30:00,39.9,7.2,22.6,35.1,27,0.0,0.0,0.0,0.0,0.0,0.23,28.14,39,0,48.9,,,28.14,343,8.9,1,308.0,308.0
2024-03-16 18:35:00-05:00,2024-03-16 18:35:00,39.9,4.7,17.2,35.1,279,0.0,0.0,0.0,0.0,0.0,0.23,28.14,39,0,61.2,,,28.14,349,7.4,1,308.0,308.0
2024-03-16 18:40:00-05:00,2024-03-16 18:40:00,40.8,0.0,10.7,35.1,200,0.0,0.0,0.0,0.0,0.0,0.23,28.15,40,0,81.9,,,28.15,318,6.3,1,308.0,308.0
2024-03-16 18:45:00-05:00,2024-03-16 18:45:00,39.6,13.4,21.5,35.1,329,0.0,0.0,0.0,0.0,0.0,0.23,28.15,42,0,31.8,,,28.15,341,6.3,1,308.0,308.0
2024-03-16 18:50:00-05:00,2024-03-16 18:50:00,39.0,4.0,29.8,35.1,350,0.0,0.0,0.0,0.0,0.0,0.23,28.15,41,0,28.1,,,28.15,334,8.7,1,308.0,308.0
2024-03-16 18:55:00-05:00,2024-03-16 18:55:00,38.8,4.9,32.0,35.1,314,0.0,0.0,0.0,0.0,0.0,0.23,28.15,43,0,24.5,,,28.15,319,9.6,1,308.0,308.0
2024-03-16 19:00:00-05:00,2024-03-16 19:00:00,39.0,7.2,15.7,35.1,318,0.0,0.0,0.0,0.0,0.0,0.23,28.15,43,0,28.1,,,28.15,344,8.5,1,308.0,308.0
2024-03-16 19:05:00-05:00,2024-03-16 19:05:00,38.8,9.6,14.8,35.1,17,0.0,0.0,0.0,0.0,0.0,0.23,28.16,43,0,20.8,,,28.16,303,8.3,1,308.0,308.0
2024-03-16 19:10:00-05:00,2024-03-16 19:10:00,38.3,8.9,25.3,35.1,351,0.0,0.0,0.0,0.0,0.0,0.23,28.16,43,0,15.9,,,28.16,341,7.6,1,308.0,308.0
2024-03-16 19:15:00-05:00,2024-03-16 19:15:00,37.9,5.4,13.6,35.1,346,0.0,0.0,0.0,0.0,0.0,0.23,28.15,43,0,12.2,,,28.15,338,8.5,1,308.0,308.0
2024-03-16 19:20:00-05:00,2024-03-16 19:20:00,37.8,3.1,13.0,35.1,10,0.0,0.0,0.0,0.0,0.0,0.23,28.16,45,0,8.5,,,28.16,338,8.3,1,308.0,308.0
2024-03-16 19:25:00-05:00,2024-03-16 19:25:00,37.6,6.3,18.1,35.1,342,0.0,0.0,0.0,0.0,0.0,0.23,28.16,46,0,4.9,,,28.16,337,8.3,1,308.0,308.0
2024-03-16 19:30:00-05:00,2024-03-16 19:30:00,37.4,6.3,14.8,35.1,1,0.0,0.0,0.0,0.0,0.0,0.23,28.15,46,0,2.5,,,28.15,339,8.3,1,308.0,308.0
2024-03-16 19:35:00-05:00,2024-03-16 19:35:00,37.0,9.8,15.4,35.1,56,0.0,0.0,0.0,0.0,0.0,0.23,28.17,46,0,0.0,,,28.17,345,6.9,1,308.0,308.0
2024-03-16 19:40:00-05:00,2024-03-16 19:40:00,36.9,11.4,13.6,35.1,322,0.0,0.0,0.0,0.0,0.0,0.23,28.16,47,0,0.0,,,28.16,314,6.5,1,308.0,308.0
2024-03-16 19:45:00-05:00,2024-03-16 19:45:00,36.9,6.0,17.4,35.1,302,0.0,0.0,0.0,0.0,0.0,0.23,28.16,48,0,0.0,,,28.16,321,6.7,1,308.0,308.0
2024-03-16 19:50:00-05:00,2024-03-16 19:50:00,36.7,2.9,15.2,35.1,294,0.0,0.0,0.0,0.0,0.0,0.23,28.16,49,0,0.0,,,28.16,330,6.5,1,308.0,308.0
2024-03-16 19:55:00-05:00,2024-03-16 19:55:00,36.5,7.8,11.6,35.1,353,0.0,0.0,0.0,0.0,0.0,0.23,28.16,50,0,0.0,,,28.16,346,5.1,1,308.0,308.0
2024-03-16 20:00:00-05:00,2024-03-16 20:00:00,36.5,6.0,13.0,35.1,337,0.0,0.0,0.0,0.0,0.0,0.23,28.16,51,0,0.0,,,28.16,340,5.4,1,308.0,308.0
2024-03-16 20:05:00-05:00,2024-03-16 20:05:00,36.5,2.5,12.3,35.1,357,0.0,0.0,0.0,0.0,0.0,0.23,28.16,51,0,0.0,,,28.16,335,5.4,1,308.0,308.0
2024-03-16 20:10:00-05:00,2024-03-16 20:10:00,36.3,6.3,8.7,35.1,353,0.0,0.0,0.0,0.0,0.0,0.23,28.16,52,0,0.0,,,28.16,333,4.7,1,308.0,308.0
2024-03-16 20:15:00-05:00,2024-03-16 20:15:00,36.0,5.1,7.8,35.1,17,0.0,0.0,0.0,0.0,0.0,0.23,28.16,53,0,0.0,,,28.16,359,4.7,1,308.0,308.0
2024-03-16 20:20:00-05:00,2024-03-16 20:20:00,36.0,4.7,10.7,35.1,348,0.0,0.0,0.0,0.0,0.0,0.23,28.16,53,0,0.0,,,28.16,1,4.7,1,308.0,308.0
2024-03-16 20:25:00-05:00,2024-03-16 20:25:00,35.8,3.6,14.3,35.1,319,0.0,0.0,0.0,0.0,0.0,0.23,28.16,54,0,0.0,,,28.16,294,3.8,1,308.0,308.0
2024-03-16 20:30:00-05:00,2024-03-16 20:30:00,35.8,7.2,10.1,35.1,304,0.0,0.0,0.0,0.0,0.0,0.23,28.16,53,0,0.0,,,28.16,345,3.8,1,308.0,308.0
2024-03-16 20:35:00-05:00,2024-03-16 20:35:00,35.6,4.3,13.9,35.1,342,0.0,0.0,0.0,0.0,0.0,0.23,28.16,53,0,0.0,,,28.16,342,4.0,1,308.0,308.0
2024-03-16 20:40:00-05:00,2024-03-16 20:40:00,35.6,2.0,5.4,35.1,334,0.0,0.0,0.0,0.0,0.0,0.23,28.16,54,0,0.0,,,28.16,346,4.5,1,308.0,308.0
2024-03-16 20:45:00-05:00,2024-03-16 20:45:00,35.4,1.8,9.4,35.1,332,0.0,0.0,0.0,0.0,0.0,0.23,28.16,54,0,0.0,,,28.16,343,3.4,1,308.0,308.0
2024-03-16 20:50:00-05:00,2024-03-16 20:50:00,35.4,2.9,6.3,35.1,0,0.0,0.0,0.0,0.0,0.0,0.23,28.16,54,0,0.0,,,28.16,339,3.1,1,308.0,308.0
2024-03-16 20:55:00-05:00,2024-03-16 20:55:00,35.4,4.5,9.4,35.1,1,0.0,0.0,0.0,0.0,0.0,0.23,28.16,54,0,0.0,,,28.16,337,2.9,1,308.0,308.0
2024-03-16 21:00:00-05:00,2024-03-16 21:00:00,35.2,0.0,4.0,35.1,331,0.0,0.0,0.0,0.0,0.0,0.23,28.16,55,0,0.0,,,28.16,6,3.1,1,308.0,308.0
2024-03-16 21:05:00-05:00,2024-03-16 21:05:00,35.2,0.0,6.5,35.1,330,0.0,0.0,0.0,0.0,0.0,0.23,28.16,55,0,0.0,,,28.16,339,2.7,1,308.0,308.0
2024-03-16 21:10:00-05:00,2024-03-16 21:10:00,35.2,2.2,7.8,35.1,289,0.0,0.0,0.0,0.0,0.0,0.23,28.15,55,0,0.0,,,28.15,331,2.5,1,308.0,308.0
2024-03-16 21:15:00-05:00,2024-03-16 21:15:00,35.2,6.0,8.1,35.1,309,0.0,0.0,0.0,0.0,0.0,0.23,28.16,55,0,0.0,,,28.16,323,3.4,1,308.0,308.0
2024-03-16 21:20:00-05:00,2024-03-16 21:20:00,35.1,5.1,11.6,35.1,349,0.0,0.0,0.0,0.0,0.0,0.23,28.16,55,0,0.0,,,28.16,334,4.0,1,308.0,308.0
2024-03-16 21:25:00-05:00,2024-03-16 21:25:00,35.1,2.5,9.4,35.1,328,0.0,0.0,0.0,0.0,0.0,0.23,28.16,56,0,0.0,,,28.16,340,3.8,1,308.0,308.0
2024-03-16 21:30:00-05:00,2024-03-16 21:30:00,35.1,0.0,2.2,35.1,286,0.0,0.0,0.0,0.0,0.0,0.23,28.16,56,0,0.0,,,28.16,315,3.4,1,308.0,308.0
2024-03-16 21:35:00-05:00,2024-03-16 21:35:00,35.1,6.0,7.2,35.1,354,0.0,0.0,0.0,0.0,0.0,0.23,28.16,56,0,0.0,,,28.16,324,2.7,1,308.0,308.0
2024-03-16 21:40:00-05:00,2024-03-16 21:40:00,35.1,2.5,6.3,35.1,343,0.0,0.0,0.0,0.0,0.0,0.23,28.17,56,0,0.0,,,28.17,301,2.9,1,308.0,308.0
2024-03-16 21:45:00-05:00,2024-03-16 21:45:00,34.9,3.8,8.9,35.1,341,0.0,0.0,0.0,0.0,0.0,0.23,28.17,57,0,0.0,,,28.17,329,2.9,1,308.0,308.0
2024-03-16 21:50:00-05:00,2024-03-16 21:50:00,34.7,4.3,8.1,35.1,3,0.0,0.0,0.0,0.0,0.0,0.23,28.17,57,0,0.0,,,28.17,17,3.1,1,308.0,308.0
2024-03-16 21:55:00-05:00,2024-03-16 21:55:00,34.7,1.6,4.7,35.1,19,0.0,0.0,0.0,0.0,0.0,0.23,28.17,57,0,0.0,,,28.17,16,3.1,1,308.0,308.0
2024-03-16 22:00:00-05:00,2024-03-16 22:00:00,34.5,4.9,5.1,35.1,300,0.0,0.0,0.0,0.0,0.0,0.23,28.17,57,0,0.0,,,28.17,337,2.9,1,308.0,308.0
2024-03-16 22:05:00-05:00,2024-03-16 22:05:00,34.3,2.2,5.1,35.1,0,0.0,0.0,0.0,0.0,0.0,0.23,28.17,58,0,0.0,,,28.17,13,3.6,1,308.0,308.0
2024-03-16 22:10:00-05:00,2024-03-16 22:10:00,34.3,7.4,7.8,35.1,346,0.0,0.0,0.0,0.0,0.0,0.23,28.17,59,0,0.0,,,28.17,353,3.6,1,308.0,308.0
2024-03-16 22:15:00-05:00,2024-03-16 22:15:00,34.3,0.0,6.5,35.1,0,0.0,0.0,0.0,0.0,0.0,0.23,28.17,60,0,0.0,,,28.17,358,4.3,1,308.0,308.0
2024-03-16 22:20:00-05:00,2024-03-16 22:20:00,34.2,5.4,10.1,35.1,312,0.0,0.0,0.0,0.0,0.0,0.23,28.18,61,0,0.0,,,28.18,348,4.5,1,308.0,308.0
2024-03-16 22:25:00-05:00,2024-03-16 22:25:00,34.0,2.5,11.2,35.1,331,0.0,0.0,0.0,0.0,0.0,0.23,28.17,61,0,0.0,,,28.17,353,4.9,1,308.0,308.0
2024-03-16 22:30:00-05:00,2024-03-16 22:30:00,33.8,2.5,7.2,35.1,337,0.0,0.0,0.0,0.0,0.0,0.23,28.16,62,0,0.0,,,28.16,319,4.3,1,308.0,308.0
2024-03-16 22:35:00-05:00,2024-03-16 22:35:00,34.0,2.7,9.2,35.1,327,0.0,0.0,0.0,0.0,0.0,0.23,28.17,62,0,0.0,,,28.17,0,3.4,1,308.0,308.0
2024-03-16 22:40:00-05:00,2024-03-16 22:40:00,33.8,4.7,6.5,35.1,348,0.0,0.0,0.0,0.0,0.0,0.23,28.17,62,0,0.0,,,28.17,0,3.1,1,308.0,308.0
2024-03-16 22:45:00-05:00,2024-03-16 22:45:00,33.6,3.4,7.6,35.1,295,0.0,0.0,0.0,0.0,0.0,0.23,28.17,63,0,0.0,,,28.17,357,2.7,1,308.0,308.0
2024-03-16 22:50:00-05:00,2024-03-16 22:50:00,33.4,2.5,4.5,35.1,25,0.0,0.0,0.0,0.0,0.0,0.23,28.17,63,0,0.0,,,28.17,327,2.7,1,308.0,308.0
2024-03-16 22:55:00-05:00,2024-03-16 22:55:00,33.3,1.6,6.9,35.1,356,0.0,0.0,0.0,0.0,0.0,0.23,28.17,64,0,0.0,,,28.17,342,2.9,1,308.0,308.0
2024-03-16 23:00:00-05:00,2024-03-16 23:00:00,32.9,2.9,6.9,35.1,307,0.0,0.0,0.0,0.0,0.0,0.23,28.18,65,0,0.0,,,28.18,4,3.1,1,308.0,308.0
2024-03-16 23:05:00-05:00,2024-03-16 23:05:00,32.9,1.8,4.7,35.1,0,0.0,0.0,0.0,0.0,0.0,0.23,28.17,66,0,0.0,,,28.17,342,3.1,1,308.0,308.0
2024-03-16 23:10:00-05:00,2024-03-16 23:10:00,32.7,1.1,6.9,35.1,7,0.0,0.0,0.0,0.0,0.0,0.23,28.17,66,0,0.0,,,28.17,343,2.2,1,308.0,308.0
2024-03-16 23:15:00-05:00,2024-03-16 23:15:00,32.9,5.4,6.9,35.1,301,0.0,0.0,0.0,0.0,0.0,0.23,28.17,66,0,0.0,,,28.17,270,2.5,1,308.0,308.0
2024-03-16 23:20:00-05:00,2024-03-16 23:20:00,32.9,1.3,5.6,35.1,282,0.0,0.0,0.0,0.0,0.0,0.23,28.17,66,0,0.0,,,28.17,352,2.7,1,308.0,308.0
2024-03-16 23:25:00-05:00,2024-03-16 23:25:00,32.9,1.1,4.5,35.1,263,0.0,0.0,0.0,0.0,0.0,0.23,28.17,67,0,0.0,,,28.17,344,2.9,1,308.0,308.0
2024-03-16 23:30:00-05:00,2024-03-16 23:30:00,32.7,4.0,6.3,35.1,309,0.0,0.0,0.0,0.0,0.0,0.23,28.18,68,0,0.0,,,28.18,349,2.0,1,308.0,308.0
2024-03-16 23:35:00-05:00,2024-03-16 23:35:00,33.1,2.9,8.7,35.1,313,0.0,0.0,0.0,0.0,0.0,0.23,28.17,67,0,0.0,,,28.17,352,2.5,1,308.0,308.0
2024-03-16 23:40:00-05:00,2024-03-16 23:40:00,33.1,6.7,6.7,35.1,315,0.0,0.0,0.0,0.0,0.0,0.23,28.18,67,0,0.0,,,28.18,303,3.4,1,308.0,308.0
2024-03-16 23:45:00-05:00,2024-03-16 23:45:00,33.1,5.4,18.1,35.1,21,0.0,0.0,0.0,0.0,0.0,0.23,28.18,67,0,0.0,,,28.18,344,4.9,1,308.0,308.0
2024-03-16 23:50:00-05:00,2024-03-16 23:50:00,33.1,4.7,9.4,35.1,300,0.0,0.0,0.0,0.0,0.0,0.23,28.18,67,0,0.0,,,28.18,335,6.0,1,308.0,308.0
2024-03-16 23:55:00-05:00,2024-03-16 23:55:00,33.3,4.3,17.2,35.1,301,0.0,0.0,0.0,0.0,0.0,0.23,28.17,67,0,0.0,,,28.17,0,4.5,1,308.0,308.0
2024-03-17 00:00:00-05:00,2024-03-17 00:00:00,33.1,1.1,8.5,35.1,346,0.0,0.0,0.0,0.0,0.0,0.23,28.18,67,0,0.0,,,28.18,336,3.6,1,308.0,308.0
2024-03-17 00:05:00-05:00,2024-03-17 00:05:00,32.9,4.7,16.3,16.3,310,0.0,0.0,0.0,0.0,0.0,0.23,28.18,67,0,0.0,,,28.18,339,4.0,1,308.0,308.0
2024-03-17 00:10:00-05:00,2024-03-17 00:10:00,32.9,5.6,12.3,16.3,23,0.0,0.0,0.0,0.0,0.0,0.23,28.18,68,0,0.0,,,28.18,341,4.9,1,308.0,308.0
2024-03-17 00:15:00-05:00,2024-03-17 00:15:00,32.9,10.1,13.4,16.3,345,0.0,0.0,0.0,0.0,0.0,0.23,28.18,68,0,0.0,,,28.18,334,4.9,1,308.0,308.0
2024-03-17 00:20:00-05:00,2024-03-17 00:20:00,32.7,5.1,20.6,20.6,344,0.0,0.0,0.0,0.0,0.0,0.23,28.18,70,0,0.0,,,28.18,330,5.6,1,308.0,308.0
2024-03-17 00:25:00-05:00,2024-03-17 00:25:00,30.2,3.1,10.3,20.6,302,0.0,0.0,0.0,0.0,0.0,0.23,28.18,87,0,0.0,,,28.18,354,5.4,1,308.0,308.0
2024-03-17 00:30:00-05:00,2024-03-17 00:30:00,30.6,6.3,10.1,20.6,345,0.0,0.0,0.0,0.0,0.0,0.23,28.18,83,0,0.0,,,28.18,338,5.1,1,308.0,308.0
2024-03-17 00:35:00-05:00,2024-03-17 00:35:00,30.9,5.6,6.9,20.6,337,0.0,0.0,0.0,0.0,0.0,0.23,28.18,80,0,0.0,,,28.18,335,5.1,1,308.0,308.0
2024-03-17 00:40:00-05:00,2024-03-17 00:40:00,30.7,6.0,13.9,20.6,335,0.0,0.0,0.0,0.0,0.0,0.23,28.18,80,0,0.0,,,28.18,354,5.1,1,308.0,308.0
2024-03-17 00:45:00-05:00,2024-03-17 00:45:00,30.4,5.4,8.1,20.6,314,0.0,0.0,0.0,0.0,0.0,0.23,28.18,78,0,0.0,,,28.18,315,5.1,1,308.0,308.0
2024-03-17 00:50:00-05:00,2024-03-17 00:50:00,30.2,6.9,10.7,20.6,346,0.0,0.0,0.0,0.0,0.0,0.23,28.18,77,0,0.0,,,28.18,341,5.4,1,308.0,308.0
2024-03-17 00:55:00-05:00,2024-03-17 00:55:00,30.0,3.6,7.4,20.6,330,0.0,0.0,0.0,0.0,0.0,0.23,28.18,78,0,0.0,,,28.18,338,4.7,1,308.0,308.0
2024-03-17 01:00:00-05:00,2024-03-17 01:00:00,29.7,7.8,12.3,20.6,323,0.0,0.0,0.0,0.0,0.0,0.23,28.19,78,0,0.0,,,28.19,330,3.8,1,308.0,308.0
2024-03-17 01:05:00-05:00,2024-03-17 01:05:00,29.5,1.3,5.8,20.6,349,0.0,0.0,0.0,0.0,0.0,0.23,28.18,79,0,0.0,,,28.18,324,3.4,1,308.0,308.0
2024-03-17 01:10:00-05:00,2024-03-17 01:10:00,29.5,2.9,8.9,20.6,328,0.0,0.0,0.0,0.0,0.0,0.23,28.18,79,0,0.0,,,28.18,341,4.0,1,308.0,308.0
2024-03-17 01:15:00-05:00,2024-03-17 01:15:00,29.7,2.5,7.6,20.6,6,0.0,0.0,0.0,0.0,0.0,0.23,28.19,79,0,0.0,,,28.19,345,4.0,1,308.0,308.0
2024-03-17 01:20:00-05:00,2024-03-17 01:20:00,29.7,4.0,10.7,20.6,342,0.0,0.0,0.0,0.0,0.0,0.23,28.19,79,0,0.0,,,28.19,311,4.0,1,308.0,308.0
2024-03-17 01:25:00-05:00,2024-03-17 01:25:00,29.7,5.8,8.5,20.6,333,0.0,0.0,0.0,0.0,0.0,0.23,28.19,79,0,0.0,,,28.19,338,5.1,1,308.0,308.0
2024-03-17 01:30:00-05:00,2024-03-17 01:30:00,29.8,1.1,12.8,20.6,41,0.0,0.0,0.0,0.0,0.0,0.23,28.19,78,0,0.0,,,28.19,41,5.1,1,308.0,308.0
2024-03-17 01:35:00-05:00,2024-03-17 01:35:00,29.7,7.4,15.4,20.6,315,0.0,0.0,0.0,0.0,0.0,0.23,28.19,77,0,0.0,,,28.19,359,4.7,1,308.0,308.0
2024-03-17 01:40:00-05:00,2024-03-17 01:40:00,29.3,4.5,7.8,20.6,340,0.0,0.0,0.0,0.0,0.0,0.23,28.19,77,0,0.0,,,28.19,338,4.7,1,308.0,308.0
2024-03-17 01:45:00-05:00,2024-03-17 01:45:00,28.8,7.6,9.2,20.6,29,0.0,0.0,0.0,0.0,0.0,0.23,28.19,78,0,0.0,,,28.19,345,4.7,1,308.0,308.0
2024-03-17 01:50:00-05:00,2024-03-17 01:50:00,28.6,2.7,7.6,20.6,322,0.0,0.0,0.0,0.0,0.0,0.23,28.19,79,0,0.0,,,28.19,343,4.0,1,308.0,308.0
2024-03-17 01:55:00-05:00,2024-03-17 01:55:00,28.4,2.7,9.4,20.6,354,0.0,0.0,0.0,0.0,0.0,0.23,28.19,82,0,0.0,,,28.19,348,3.6,1,308.0,308.0
2024-03-17 02:00:00-05:00,2024-03-17 02:00:00,28.2,4.3,5.6,20.6,23,0.0,0.0,0.0,0.0,0.0,0.23,28.19,83,0,0.0,,,28.19,0,3.6,1,308.0,308.0
2024-03-17 02:05:00-05:00,2024-03-17 02:05:00,28.4,1.6,4.3,20.6,9,0.0,0.0,0.0,0.0,0.0,0.23,28.2,83,0,0.0,,,28.2,353,3.4,1,308.0,308.0
2024-03-17 02:10:00-05:00,2024-03-17 02:10:00,28.0,2.7,7.6,20.6,0,0.0,0.0,0.0,0.0,0.0,0.23,28.2,84,0,0.0,,,28.2,351,2.5,1,308.0,308.0
2024-03-17 02:15:00-05:00,2024-03-17 02:15:00,27.9,2.0,5.4,20.6,3,0.0,0.0,0.0,0.0,0.0,0.23,28.2,85,0,0.0,,,28.2,354,3.4,1,308.0,308.0
2024-03-17 02:20:00-05:00,2024-03-17 02:20:00,27.9,2.2,4.9,20.6,346,0.0,0.0,0.0,0.0,0.0,0.23,28.21,85,0,0.0,,,28.21,4,3.4,1,308.0,308.0
2024-03-17 02:25:00-05:00,2024-03-17 02:25:00,28.0,2.7,4.7,20.6,2,0.0,0.0,0.0,0.0,0.0,0.23,28.21,86,0,0.0,,,28.21,9,3.6,1,308.0,308.0
2024-03-17 02:30:00-05:00,2024-03-17 02:30:00,25.9,3.6,17.2,20.6,13,0.0,0.0,0.0,0.0,0.0,0.23,28.22,88,0,0.0,,,28.22,350,4.9,1,308.0,308.0
2024-03-17 02:35:00-05:00,2024-03-17 02:35:00,25.5,5.4,17.9,20.6,2,0.0,0.0,0.0,0.0,0.0,0.23,28.21,87,0,0.0,,,28.21,341,7.4,1,308.0,308.0
2024-03-17 02:40:00-05:00,2024-03-17 02:40:00,25.7,9.2,12.8,20.6,8,0.0,0.0,0.0,0.0,0.0,0.23,28.22,86,0,0.0,,,28.22,333,6.3,1,308.0,308.0
2024-03-17 02:45:00-05:00,2024-03-17 02:45:00,25.7,4.0,14.3,20.6,346,0.0,0.0,0.0,0.0,0.0,0.23,28.21,85,0,0.0,,,28.21,5,5.4,1,308.0,308.0
2024-03-17 02:50:00-05:00,2024-03-17 02:50:00,25.7,1.1,16.1,20.6,353,0.0,0.0,0.0,0.0,0.0,0.23,28.23,83,0,0.0,,,28.23,8,4.5,1,308.0,308.0
2024-03-17 02:55:00-05:00,2024-03-17 02:55:00,25.5,6.0,15.2,20.6,344,0.0,0.0,0.0,0.0,0.0,0.23,28.23,82,0,0.0,,,28.23,7,5.6,1,308.0,308.0
2024-03-17 03:00:00-05:00,2024-03-17 03:00:00,25.7,3.1,8.7,20.6,333,0.0,0.0,0.0,0.0,0.0,0.23,28.23,81,0,0.0,,,28.23,328,5.6,1,308.0,308.0
2024-03-17 03:05:00-05:00,2024-03-17 03:05:00,25.9,3.4,11.0,20.6,296,0.0,0.0,0.0,0.0,0.0,0.23,28.23,80,0,0.0,,,28.23,329,4.3,1,308.0,308.0
2024-03-17 03:10:00-05:00,2024-03-17 03:10:00,25.9,8.7,8.7,20.6,358,0.0,0.0,0.0,0.0,0.0,0.23,28.23,80,0,0.0,,,28.23,26,4.0,1,308.0,308.0
2024-03-17 03:15:00-05:00,2024-03-17 03:15:00,25.0,5.4,22.6,22.6,333,0.0,0.0,0.0,0.0,0.0,0.23,28.23,82,0,0.0,,,28.23,354,5.4,1,308.0,308.0
2024-03-17 03:20:00-05:00,2024-03-17 03:20:00,24.6,2.9,14.3,22.6,347,0.0,0.0,0.0,0.0,0.0,0.23,28.23,81,0,0.0,,,28.23,330,6.0,1,308.0,308.0
2024-03-17 03:25:00-05:00,2024-03-17 03:25:00,24.6,3.6,12.5,22.6,2,0.0,0.0,0.0,0.0,0.0,0.23,28.24,78,0,0.0,,,28.24,6,4.9,1,308.0,308.0
2024-03-17 03:30:00-05:00,2024-03-17 03:30:00,24.4,6.3,14.3,22.6,328,0.0,0.0,0.0,0.0,0.0,0.23,28.24,71,0,0.0,,,28.24,348,5.4,1,308.0,308.0
2024-03-17 03:35:00-05:00,2024-03-17 03:35:00,24.1,6.0,16.3,22.6,308,0.0,0.0,0.0,0.0,0.0,0.23,28.25,69,0,0.0,,,28.25,353,8.1,1,308.0,308.0
2024-03-17 03:40:00-05:00,2024-03-17 03:40:00,23.9,9.2,15.4,22.6,312,0.0,0.0,0.0,0.0,0.0,0.23,28.24,67,0,0.0,,,28.24,307,6.7,1,308.0,308.0
2024-03-17 03:45:00-05:00,2024-03-17 03:45:00,23.5,4.0,18.6,22.6,305,0.0,0.0,0.0,0.0,0.0,0.23,28.25,66,0,0.0,,,28.25,307,6.3,1,308.0,308.0
2024-03-17 03:50:00-05:00,2024-03-17 03:50:00,23.2,8.3,14.1,22.6,6,0.0,0.0,0.0,0.0,0.0,0.23,28.25,68,0,0.0,,,28.25,306,5.6,1,308.0,308.0
2024-03-17 03:55:00-05:00,2024-03-17 03:55:00,22.6,1.6,8.7,22.6,315,0.0,0.0,0.0,0.0,0.0,0.23,28.25,70,0,0.0,,,28.25,298,5.1,1,308.0,308.0
2024-03-17 04:00:00-05:00,2024-03-17 04:00:00,22.1,5.4,6.0,22.6,352,0.0,0.0,0.0,0.0,0.0,0.23,28.25,71,0,0.0,,,28.25,0,5.1,1,308.0,308.0
2024-03-17 04:05:00-05:00,2024-03-17 04:05:00,21.7,1.8,8.9,22.6,279,0.0,0.0,0.0,0.0,0.0,0.23,28.25,72,0,0.0,,,28.25,352,4.9,1,308.0,308.0
2024-03-17 04:10:00-05:00,2024-03-17 04:10:00,21.7,4.3,6.0,22.6,282,0.0,0.0,0.0,0.0,0.0,0.23,28.25,72,0,0.0,,,28.25,286,4.0,1,308.0,308.0
2024-03-17 04:15:00-05:00,2024-03-17 04:15:00,21.4,4.9,14.8,22.6,296,0.0,0.0,0.0,0.0,0.0,0.23,28.25,73,0,0.0,,,28.25,290,4.0,1,308.0,308.0
2024-03-17 04:20:00-05:00,2024-03-17 04:20:00,21.0,2.9,8.5,22.6,334,0.0,0.0,0.0,0.0,0.0,0.23,28.25,73,0,0.0,,,28.25,304,4.5,1,308.0,308.0
2024-03-17 04:25:00-05:00,2024-03-17 04:25:00,21.0,3.8,9.8,22.6,19,0.0,0.0,0.0,0.0,0.0,0.23,28.26,74,0,0.0,,,28.26,313,3.8,1,308.0,308.0
2024-03-17 04:30:00-05:00,2024-03-17 04:30:00,21.0,0.0,4.7,22.6,336,0.0,0.0,0.0,0.0,0.0,0.23,28.25,74,0,0.0,,,28.25,11,3.8,1,308.0,308.0
2024-03-17 04:35:00-05:00,2024-03-17 04:35:00,21.0,2.2,7.6,22.6,294,0.0,0.0,0.0,0.0,0.0,0.23,28.26,74,0,0.0,,,28.26,342,3.4,1,308.0,308.0
2024-03-17 04:41:00-05:00,2024-03-17 04:41:00,21.0,3.6,10.1,22.6,329,0.0,0.0,0.0,0.0,0.0,0.23,28.25,74,0,0.0,,,28.25,310,4.0,1,308.0,308.0
2024-03-17 04:45:00-05:00,2024-03-17 04:45:00,21.0,6.9,7.2,22.6,316,0.0,0.0,0.0,0.0,0.0,0.23,28.25,74,0,0.0,,,28.25,337,4.7,1,308.0,308.0
2024-03-17 04:50:00-05:00,2024-03-17 04:50:00,21.2,4.0,9.2,22.6,317,0.0,0.0,0.0,0.0,0.0,0.23,28.26,75,0,0.0,,,28.26,293,3.6,1,308.0,308.0
2024-03-17 04:55:00-05:00,2024-03-17 04:55:00,21.2,8.5,13.0,22.6,358,0.0,0.0,0.0,0.0,0.0,0.23,28.25,73,0,0.0,,,28.25,291,3.1,1,308.0,308.0
2024-03-17 05:00:00-05:00,2024-03-17 05:00:00,21.4,5.4,10.7,22.6,228,0.0,0.0,0.0,0.0,0.0,0.23,28.26,72,0,0.0,,,28.26,279,4.5,1,308.0,308.0
2024-03-17 05:05:00-05:00,2024-03-17 05:05:00,21.4,6.3,17.7,22.6,313,0.0,0.0,0.0,0.0,0.0,0.23,28.25,71,0,0.0,,,28.25,354,4.5,1,308.0,308.0
2024-03-17 05:10:00-05:00,2024-03-17 05:10:00,21.0,6.5,18.6,22.6,312,0.0,0.0,0.0,0.0,0.0,0.23,28.26,71,0,0.0,,,28.26,354,5.1,1,308.0,308.0
2024-03-17 05:15:00-05:00,2024-03-17 05:15:00,21.0,2.9,6.7,22.6,0,0.0,0.0,0.0,0.0,0.0,0.23,28.25,72,0,0.0,,,28.25,301,5.1,1,308.0,308.0
2024-03-17 05:20:00-05:00,2024-03-17 05:20:00,21.0,1.3,14.8,22.6,337,0.0,0.0,0.0,0.0,0.0,0.23,28.26,73,0,0.0,,,28.26,297,4.0,1,308.0,308.0
2024-03-17 05:25:00-05:00,2024-03-17 05:25:00,21.0,3.1,10.3,22.6,262,0.0,0.0,0.0,0.0,0.0,0.23,28.26,73,0,0.0,,,28.26,285,4.0,1,308.0,308.0
2024-03-17 05:30:00-05:00,2024-03-17 05:30:00,21.0,10.1,10.1,22.6,305,0.0,0.0,0.0,0.0,0.0,0.23,28.27,75,0,0.0,,,28.27,308,4.9,1,308.0,308.0
2024-03-17 05:35:00-05:00,2024-03-17 05:35:00,21.0,2.7,17.0,22.6,355,0.0,0.0,0.0,0.0,0.0,0.23,28.27,75,0,0.0,,,28.27,321,5.1,1,308.0,308.0
2024-03-17 05:40:00-05:00,2024-03-17 05:40:00,21.0,0.0,8.5,22.6,334,0.0,0.0,0.0,0.0,0.0,0.23,28.26,75,0,0.0,,,28.26,333,5.8,1,308.0,308.0
2024-03-17 05:45:00-05:00,2024-03-17 05:45:00,21.0,3.8,12.8,22.6,270,0.0,0.0,0.0,0.0,0.0,0.23,28.26,75,0,0.0,,,28.26,332,4.5,1,308.0,308.0
2024-03-17 05:50:00-05:00,2024-03-17 05:50:00,21.0,4.0,8.9,22.6,0,0.0,0.0,0.0,0.0,0.0,0.23,28.26,77,0,0.0,,,28.26,332,4.0,1,308.0,308.0
2024-03-17 05:55:00-05:00,2024-03-17 05:55:00,20.8,3.8,9.8,22.6,330,0.0,0.0,0.0,0.0,0.0,0.23,28.27,78,0,0.0,,,28.27,327,5.1,1,308.0,308.0
2024-03-17 06:00:00-05:00,2024-03-17 06:00:00,20.5,3.8,16.3,22.6,41,0.0,0.0,0.0,0.0,0.0,0.23,28.27,76,0,0.0,,,28.27,324,4.9,1,308.0,308.0
2024-03-17 06:05:00-05:00,2024-03-17 06:05:00,20.3,1.8,8.3,22.6,279,0.0,0.0,0.0,0.0,0.0,0.23,28.27,76,0,0.0,,,28.27,1,5.1,1,308.0,308.0
2024-03-17 06:10:00-05:00,2024-03-17 06:10:00,20.1,12.3,13.6,22.6,349,0.0,0.0,0.0,0.0,0.0,0.23,28.27,75,0,0.0,,,28.27,10,5.8,1,308.0,308.0
2024-03-17 06:15:00-05:00,2024-03-17 06:15:00,19.9,10.7,12.8,22.6,336,0.0,0.0,0.0,0.0,0.0,0.23,28.27,75,0,0.0,,,28.27,352,6.3,1,308.0,308.0
2024-03-17 06:20:00-05:00,2024-03-17 06:20:00,19.9,8.1,11.9,22.6,349,0.0,0.0,0.0,0.0,0.0,0.23,28.28,75,0,0.0,,,28.28,0,6.0,1,308.0,308.0
2024-03-17 06:25:00-05:00,2024-03-17 06:25:00,19.8,6.9,15.0,22.6,6,0.0,0.0,0.0,0.0,0.0,0.23,28.29,73,0,0.0,,,28.29,331,4.5,1,308.0,308.0
2024-03-17 06:30:00-05:00,2024-03-17 06:30:00,19.6,1.6,10.3,22.6,356,0.0,0.0,0.0,0.0,0.0,0.23,28.28,72,0,0.0,,,28.28,329,4.7,1,308.0,308.0
2024-03-17 06:35:00-05:00,2024-03-17 06:35:00,19.6,5.6,12.1,22.6,315,0.0,0.0,0.0,0.0,0.0,0.23,28.29,72,0,0.0,,,28.29,333,4.5,1,308.0,308.0
2024-03-17 06:40:00-05:00,2024-03-17 06:40:00,19.2,4.5,19.2,22.6,0,0.0,0.0,0.0,0.0,0.0,0.23,28.29,71,0,0.0,,,28.29,328,4.3,1,308.0,308.0
2024-03-17 06:45:00-05:00,2024-03-17 06:45:00,19.0,8.5,12.3,22.6,293,0.0,0.0,0.0,0.0,0.0,0.23,28.29,71,0,0.0,,,28.29,347,5.4,1,308.0,308.0
2024-03-17 06:50:00-05:00,2024-03-17 06:50:00,18.9,0.0,12.5,22.6,43,0.0,0.0,0.0,0.0,0.0,0.23,28.29,70,0,0.0,,,28.29,321,6.5,1,308.0,308.0
2024-03-17 06:55:00-05:00,2024-03-17 06:55:00,19.0,5.6,8.9,22.6,310,0.0,0.0,0.0,0.0,0.0,0.23,28.29,72,0,0.0,,,28.29,293,5.1,1,308.0,308.0
2024-03-17 07:00:00-05:00,2024-03-17 07:00:00,18.9,5.4,9.4,22.6,25,0.0,0.0,0.0,0.0,0.0,0.23,28.29,74,0,0.0,,,28.29,327,3.6,1,308.0,308.0
2024-03-17 07:05:00-05:00,2024-03-17 07:05:00,18.9,4.3,12.3,22.6,312,0.0,0.0,0.0,0.0,0.0,0.23,28.29,75,0,0.0,,,28.29,308,4.0,1,308.0,308.0
2024-03-17 07:10:00-05:00,2024-03-17 07:10:00,18.7,3.8,13.9,22.6,341,0.0,0.0,0.0,0.0,0.0,0.23,28.29,75,0,0.0,,,28.29,0,3.8,1,308.0,308.0
2024-03-17 07:15:00-05:00,2024-03-17 07:15:00,18.7,2.9,12.1,22.6,305,0.0,0.0,0.0,0.0,0.0,0.23,28.29,76,0,0.0,,,28.29,4,3.8,1,308.0,308.0
2024-03-17 07:20:00-05:00,2024-03-17 07:20:00,18.7,0.0,7.8,22.6,220,0.0,0.0,0.0,0.0,0.0,0.23,28.29,75,0,0.0,,,28.29,279,4.0,1,308.0,308.0
2024-03-17 07:25:00-05:00,2024-03-17 07:25:00,18.7,1.1,8.3,22.6,348,0.0,0.0,0.0,0.0,0.0,0.23,28.3,75,0,0.0,,,28.3,296,4.7,1,308.0,308.0
2024-03-17 07:30:00-05:00,2024-03-17 07:30:00,18.5,4.3,10.5,22.6,0,0.0,0.0,0.0,0.0,0.0,0.23,28.3,77,0,0.0,,,28.3,296,3.6,1,308.0,308.0
2024-03-17 07:35:00-05:00,2024-03-17 07:35:00,18.5,0.0,11.4,22.6,322,0.0,0.0,0.0,0.0,0.0,0.23,28.3,77,0,0.0,,,28.3,4,3.4,1,308.0,308.0
2024-03-17 07:40:00-05:00,2024-03-17 07:40:00,18.7,4.7,13.4,22.6,252,0.0,0.0,0.0,0.0,0.0,0.23,28.3,76,0,1.2,,,28.3,294,2.9,1,308.0,308.0
2024-03-17 07:45:00-05:00,2024-03-17 07:45:00,18.7,7.2,8.3,22.6,284,0.0,0.0,0.0,0.0,0.0,0.23,28.3,72,0,2.5,,,28.3,297,2.9,1,308.0,308.0
2024-03-17 07:50:00-05:00,2024-03-17 07:50:00,18.9,4.9,6.7,22.6,4,0.0,0.0,0.0,0.0,0.0,0.23,28.3,71,0,3.6,,,28.3,0,4.0,1,308.0,308.0
2024-03-17 07:55:00-05:00,2024-03-17 07:55:00,19.0,7.4,10.1,22.6,263,0.0,0.0,0.0,0.0,0.0,0.23,28.31,71,0,4.9,,,28.31,260,3.8,1,308.0,308.0
2024-03-17 08:00:00-05:00,2024-03-17 08:00:00,18.9,4.3,8.7,22.6,254,0.0,0.0,0.0,0.0,0.0,0.23,28.3,73,0,8.5,,,28.3,308,3.4,1,308.0,308.0
2024-03-17 08:05:00-05:00,2024-03-17 08:05:00,18.7,2.2,15.4,22.6,329,0.0,0.0,0.0,0.0,0.0,0.23,28.3,72,0,8.5,,,28.3,317,5.1,1,308.0,308.0
2024-03-17 08:10:00-05:00,2024-03-17 08:10:00,18.9,2.7,6.9,22.6,313,0.0,0.0,0.0,0.0,0.0,0.23,28.31,74,0,12.2,,,28.31,282,4.9,1,308.0,308.0
2024-03-17 08:15:00-05:00,2024-03-17 08:15:00,18.9,5.4,6.9,22.6,325,0.0,0.0,0.0,0.0,0.0,0.23,28.31,75,0,15.9,,,28.31,301,4.0,1,308.0,308.0
2024-03-17 08:20:00-05:00,2024-03-17 08:20:00,18.9,2.9,12.1,22.6,40,0.0,0.0,0.0,0.0,0.0,0.23,28.31,72,0,19.6,,,28.31,312,4.3,1,308.0,308.0
2024-03-17 08:25:00-05:00,2024-03-17 08:25:00,19.0,4.0,15.4,22.6,346,0.0,0.0,0.0,0.0,0.0,0.23,28.31,71,0,23.2,,,28.31,312,4.3,1,308.0,308.0
2024-03-17 08:30:00-05:00,2024-03-17 08:30:00,19.0,5.1,12.3,22.6,350,0.0,0.0,0.0,0.0,0.0,0.23,28.31,70,0,20.8,,,28.31,322,4.3,1,308.0,308.0
2024-03-17 08:35:00-05:00,2024-03-17 08:35:00,19.0,4.3,11.9,22.6,311,0.0,0.0,0.0,0.0,0.0,0.23,28.32,70,0,26.9,,,28.32,24,5.8,1,308.0,308.0
2024-03-17 08:40:00-05:00,2024-03-17 08:40:00,19.0,7.2,14.5,22.6,300,0.0,0.0,0.0,0.0,0.0,0.23,28.32,71,0,25.6,,,28.32,9,4.7,1,308.0,308.0
2024-03-17 08:45:00-05:00,2024-03-17 08:45:00,19.0,5.6,9.6,22.6,354,0.0,0.0,0.0,0.0,0.0,0.23,28.31,70,0,37.9,,,28.31,314,4.3,1,308.0,308.0
2024-03-17 08:50:00-05:00,2024-03-17 08:50:00,19.2,4.3,15.7,22.6,326,0.0,0.0,0.0,0.0,0.0,0.23,28.31,69,0,40.3,,,28.31,322,4.3,1,308.0,308.0
2024-03-17 08:55:00-05:00,2024-03-17 08:55:00,19.2,11.4,17.0,22.6,47,0.0,0.0,0.0,0.0,0.0,0.23,28.32,71,0,41.6,,,28.32,331,3.8,1,308.0,308.0
2024-03-17 09:00:00-05:00,2024-03-17 09:00:00,19.2,4.9,8.5,22.6,310,0.0,0.0,0.0,0.0,0.0,0.23,28.33,70,0,56.3,,,28.33,6,4.5,1,308.0,308.0
2024-03-17 09:05:00-05:00,2024-03-17 09:05:00,19.4,4.5,16.6,22.6,287,0.0,0.0,0.0,0.0,0.0,0.23,28.32,72,0,56.3,,,28.32,297,4.9,1,308.0,308.0
2024-03-17 09:10:00-05:00,2024-03-17 09:10:00,19.6,6.5,8.9,22.6,318,0.0,0.0,0.0,0.0,0.0,0.23,28.32,69,0,55.0,,,28.32,355,3.8,1,308.0,308.0
2024-03-17 09:15:00-05:00,2024-03-17 09:15:00,19.4,4.3,14.1,22.6,5,0.0,0.0,0.0,0.0,0.0,0.23,28.33,70,0,58.7,,,28.33,312,5.4,1,308.0,308.0
2024-03-17 09:20:00-05:00,2024-03-17 09:20:00,19.6,7.6,17.7,22.6,343,0.0,0.0,0.0,0.0,0.0,0.23,28.33,69,0,63.6,,,28.33,326,5.4,1,308.0,308.0
2024-03-17 09:25:00-05:00,2024-03-17 09:25:00,19.8,6.3,15.9,22.6,322,0.0,0.0,0.0,0.0,0.0,0.23,28.34,69,0,56.3,,,28.34,325,3.8,1,308.0,308.0
2024-03-17 09:30:00-05:00,2024-03-17 09:30:00,19.8,2.0,14.8,22.6,12,0.0,0.0,0.0,0.0,0.0,0.23,28.33,73,0,77.0,,,28.33,0,3.8,1,308.0,308.0
2024-03-17 09:35:00-05:00,2024-03-17 09:35:00,19.4,9.8,16.3,22.6,328,0.0,0.0,0.0,0.0,0.0,0.23,28.34,73,0,64.8,,,28.34,327,4.0,1,308.0,308.0
2024-03-17 09:40:00-05:00,2024-03-17 09:40:00,19.2,6.7,8.5,22.6,342,0.0,0.0,0.0,0.0,0.0,0.23,28.33,75,0,71.0,,,28.33,214,5.1,1,308.0,308.0
2024-03-17 09:45:00-05:00,2024-03-17 09:45:00,19.8,2.9,10.1,22.6,294,0.0,0.0,0.0,0.0,0.0,0.23,28.33,72,0,77.0,,,28.33,331,4.9,1,308.0,308.0
2024-03-17 09:50:00-05:00,2024-03-17 09:50:00,19.8,2.7,16.8,22.6,320,0.0,0.0,0.0,0.0,0.0,0.23,28.33,70,0,89.3,,,28.33,0,4.0,1,308.0,308.0
2024-03-17 09:55:00-05:00,2024-03-17 09:55:00,19.6,5.1,23.9,23.9,354,0.0,0.0,0.0,0.0,0.0,0.23,28.34,68,0,93.0,,,28.34,353,3.8,1,308.0,308.0
2024-03-17 10:00:00-05:00,2024-03-17 10:00:00,19.9,4.5,8.1,24.6,3,0.0,0.0,0.0,0.0,0.0,0.23,28.34,68,1,108.8,,,28.34,313,4.9,1,308.0,308.0
2024-03-17 10:05:00-05:00,2024-03-17 10:05:00,20.1,5.4,10.1,24.6,15,0.0,0.0,0.0,0.0,0.0,0.23,28.34,69,1,105.2,,,28.34,298,5.6,1,308.0,308.0
2024-03-17 10:10:00-05:00,2024-03-17 10:10:00,20.3,6.3,15.7,24.6,298,0.0,0.0,0.0,0.0,0.0,0.23,28.34,70,1,118.6,,,28.34,330,5.6,1,308.0,308.0
2024-03-17 10:15:00-05:00,2024-03-17 10:15:00,19.8,7.8,20.6,24.6,342,0.0,0.0,0.0,0.0,0.0,0.23,28.34,68,1,151.7,,,28.34,319,6.3,1,308.0,308.0
2024-03-17 10:20:00-05:00,2024-03-17 10:20:00,20.1,3.8,13.6,24.6,343,0.0,0.0,0.0,0.0,0.0,0.23,28.34,66,1,124.8,,,28.34,305,7.4,1,308.0,308.0
2024-03-17 10:25:00-05:00,2024-03-17 10:25:00,20.5,4.5,10.7,24.6,306,0.0,0.0,0.0,0.0,0.0,0.23,28.34,67,1,104.0,,,28.34,296,4.7,1,308.0,308.0
2024-03-17 10:30:00-05:00,2024-03-17 10:30:00,20.8,4.9,11.0,24.6,328,0.0,0.0,0.0,0.0,0.0,0.23,28.35,69,1,137.0,,,28.35,327,4.3,1,308.0,308.0
2024-03-17 10:35:00-05:00,2024-03-17 10:35:00,20.1,5.4,15.0,24.6,273,0.0,0.0,0.0,0.0,0.0,0.23,28.35,70,1,130.9,,,28.35,354,5.6,1,308.0,308.0
2024-03-17 10:40:00-05:00,2024-03-17 10:40:00,20.5,4.3,8.9,24.6,336,0.0,0.0,0.0,0.0,0.0,0.23,28.35,68,1,155.3,,,28.35,349,7.4,1,308.0,308.0
2024-03-17 10:45:00-05:00,2024-03-17 10:45:00,20.8,16.8,16.8,24.6,338,0.0,0.0,0.0,0.0,0.0,0.23,28.35,66,1,157.8,,,28.35,318,6.0,1,308.0,308.0
2024-03-17 10:50:00-05:00,2024-03-17 10:50:00,20.3,7.8,18.3,24.6,0,0.0,0.0,0.0,0.0,0.0,0.23,28.35,66,1,170.0,,,28.35,9,6.0,1,308.0,308.0
2024-03-17 10:55:00-05:00,2024-03-17 10:55:00,20.5,2.9,20.6,24.6,8,0.0,0.0,0.0,0.0,0.0,0.23,28.35,64,2,212.9,,,28.35,281,6.0,1,308.0,308.0
2024-03-17 11:00:00-05:00,2024-03-17 11:00:00,21.2,2.9,13.4,24.6,298,0.0,0.0,0.0,0.0,0.0,0.23,28.35,63,2,255.6,,,28.35,322,5.6,1,308.0,308.0
2024-03-17 11:05:00-05:00,2024-03-17 11:05:00,20.8,8.3,16.3,24.6,297,0.0,0.0,0.0,0.0,0.0,0.23,28.34,63,2,206.7,,,28.34,0,7.6,1,308.0,308.0
2024-03-17 11:10:00-05:00,2024-03-17 11:10:00,21.2,4.3,21.7,24.6,333,0.0,0.0,0.0,0.0,0.0,0.23,28.34,63,3,364.6,,,28.34,325,8.3,1,308.0,308.0
2024-03-17 11:15:00-05:00,2024-03-17 11:15:00,21.2,8.5,12.8,28.4,309,0.0,0.0,0.0,0.0,0.0,0.23,28.35,63,2,259.4,,,28.35,331,5.8,1,308.0,308.0
2024-03-17 11:20:00-05:00,2024-03-17 11:20:00,21.7,3.4,18.1,28.4,297,0.0,0.0,0.0,0.0,0.0,0.23,28.35,63,2,241.0,,,28.35,330,5.6,1,308.0,308.0
2024-03-17 11:25:00-05:00,2024-03-17 11:25:00,21.7,12.8,19.5,28.4,318,0.0,0.0,0.0,0.0,0.0,0.23,28.35,62,2,237.3,,,28.35,339,6.0,1,308.0,308.0
2024-03-17 11:30:00-05:00,2024-03-17 11:30:00,20.8,9.8,23.7,28.4,47,0.0,0.0,0.0,0.0,0.0,0.23,28.35,64,2,275.2,,,28.35,339,6.5,1,308.0,308.0
2024-03-17 11:35:00-05:00,2024-03-17 11:35:00,21.2,7.4,14.3,28.4,331,0.0,0.0,0.0,0.0,0.0,0.23,28.35,64,3,326.6,,,28.35,5,6.7,1,308.0,308.0
2024-03-17 11:40:00-05:00,2024-03-17 11:40:00,21.7,10.5,25.1,28.4,348,0.0,0.0,0.0,0.0,0.0,0.23,28.35,61,5,548.1,,,28.35,333,5.4,1,308.0,308.0
2024-03-17 11:45:00-05:00,2024-03-17 11:45:00,22.8,6.9,16.6,28.4,337,0.0,0.0,0.0,0.0,0.0,0.23,28.35,59,5,561.5,,,28.35,337,5.8,1,308.0,308.0
2024-03-17 11:50:00-05:00,2024-03-17 11:50:00,22.3,14.1,20.6,28.4,350,0.0,0.0,0.0,0.0,0.0,0.23,28.35,61,3,340.1,,,28.35,319,8.3,1,308.0,308.0
2024-03-17 11:55:00-05:00,2024-03-17 11:55:00,21.9,4.5,16.8,28.4,354,0.0,0.0,0.0,0.0,0.0,0.23,28.36,64,2,218.9,,,28.36,302,8.7,1,308.0,308.0
2024-03-17 12:00:00-05:00,2024-03-17 12:00:00,22.6,11.6,18.3,28.4,313,0.0,0.0,0.0,0.0,0.0,0.23,28.35,61,3,326.6,,,28.35,349,8.1,1,308.0,308.0
2024-03-17 12:05:00-05:00,2024-03-17 12:05:00,22.1,8.7,16.1,28.4,319,0.0,0.0,0.0,0.0,0.0,0.23,28.36,64,2,206.7,,,28.36,342,7.2,1,308.0,308.0
2024-03-17 12:10:00-05:00,2024-03-17 12:10:00,22.1,3.1,17.9,28.4,324,0.0,0.0,0.0,0.0,0.0,0.23,28.36,63,2,237.3,,,28.36,329,6.5,1,308.0,308.0
2024-03-17 12:15:00-05:00,2024-03-17 12:15:00,21.9,13.9,14.8,28.4,325,0.0,0.0,0.0,0.0,0.0,0.23,28.36,63,2,255.6,,,28.36,351,6.9,1,308.0,308.0
2024-03-17 12:20:00-05:00,2024-03-17 12:20:00,22.3,6.9,16.1,28.4,348,0.0,0.0,0.0,0.0,0.0,0.23,28.35,62,5,566.4,,,28.35,346,8.7,1,308.0,308.0
2024-03-17 12:25:00-05:00,2024-03-17 12:25:00,22.5,17.0,18.8,28.4,1,0.0,0.0,0.0,0.0,0.0,0.23,28.35,61,5,567.6,,,28.35,310,8.7,1,308.0,308.0
2024-03-17 12:30:00-05:00,2024-03-17 12:30:00,23.4,11.9,16.6,28.4,352,0.0,0.0,0.0,0.0,0.0,0.23,28.35,63,3,389.0,,,28.35,330,8.1,1,308.0,308.0
2024-03-17 12:35:00-05:00,2024-03-17 12:35:00,23.7,5.4,13.9,28.4,25,0.0,0.0,0.0,0.0,0.0,0.23,28.36,60,7,763.4,,,28.36,327,6.7,1,308.0,308.0
2024-03-17 12:40:00-05:00,2024-03-17 12:40:00,22.3,11.6,21.5,28.4,316,0.0,0.0,0.0,0.0,0.0,0.23,28.36,62,4,414.7,,,28.36,345,8.1,1,308.0,308.0
2024-03-17 12:45:00-05:00,2024-03-17 12:45:00,22.3,3.6,18.8,28.4,334,0.0,0.0,0.0,0.0,0.0,0.23,28.36,63,2,297.2,,,28.36,344,8.3,1,308.0,308.0
2024-03-17 12:50:00-05:00,2024-03-17 12:50:00,21.9,4.0,15.7,28.4,290,0.0,0.0,0.0,0.0,0.0,0.23,28.36,63,2,270.3,,,28.36,336,8.9,1,308.0,308.0
2024-03-17 12:55:00-05:00,2024-03-17 12:55:00,22.5,5.1,8.9,28.4,32,0.0,0.0,0.0,0.0,0.0,0.23,28.35,62,3,305.8,,,28.35,330,6.5,1,308.0,308.0
2024-03-17 13:00:00-05:00,2024-03-17 13:00:00,22.1,6.9,15.9,28.4,325,0.0,0.0,0.0,0.0,0.0,0.23,28.36,61,6,674.0,,,28.36,335,6.9,1,308.0,308.0
2024-03-17 13:05:00-05:00,2024-03-17 13:05:00,22.8,4.5,18.8,28.4,22,0.0,0.0,0.0,0.0,0.0,0.23,28.36,62,3,326.6,,,28.36,22,8.1,1,308.0,308.0
2024-03-17 13:10:00-05:00,2024-03-17 13:10:00,22.6,11.9,15.0,28.4,37,0.0,0.0,0.0,0.0,0.0,0.23,28.36,61,2,252.0,,,28.36,13,6.9,1,308.0,308.0
2024-03-17 13:15:00-05:00,2024-03-17 13:15:00,22.5,13.9,21.5,28.4,335,0.0,0.0,0.0,0.0,0.0,0.23,28.36,60,3,325.4,,,28.36,13,7.6,1,308.0,308.0
2024-03-17 13:20:00-05:00,2024-03-17 13:20:00,23.2,10.7,14.3,28.4,14,0.0,0.0,0.0,0.0,0.0,0.23,28.36,59,3,398.8,,,28.36,11,8.5,1,308.0,308.0
2024-03-17 13:25:00-05:00,2024-03-17 13:25:00,22.8,2.0,20.6,28.4,357,0.0,0.0,0.0,0.0,0.0,0.23,28.36,59,6,660.6,,,28.36,10,8.5,1,308.0,308.0
2024-03-17 13:30:00-05:00,2024-03-17 13:30:00,23.9,5.6,13.0,28.4,318,0.0,0.0,0.0,0.0,0.0,0.23,28.35,59,3,320.5,,,28.35,3,8.9,1,308.0,308.0
2024-03-17 13:35:00-05:00,2024-03-17 13:35:00,24.3,4.7,15.0,28.4,291,0.0,0.0,0.0,0.0,0.0,0.23,28.36,57,2,285.0,,,28.36,4,6.7,1,308.0,308.0
2024-03-17 13:40:00-05:00,2024-03-17 13:40:00,24.1,9.8,21.7,28.4,358,0.0,0.0,0.0,0.0,0.0,0.23,28.36,58,6,666.7,,,28.36,311,7.2,1,308.0,308.0
2024-03-17 13:45:00-05:00,2024-03-17 13:45:00,24.4,3.4,16.1,28.4,275,0.0,0.0,0.0,0.0,0.0,0.23,28.36,57,5,593.3,,,28.36,345,7.6,1,308.0,308.0
2024-03-17 13:50:00-05:00,2024-03-17 13:50:00,24.4,8.1,11.6,28.4,293,0.0,0.0,0.0,0.0,0.0,0.23,28.36,56,3,313.2,,,28.36,6,7.2,1,308.0,308.0
2024-03-17 13:55:00-05:00,2024-03-17 13:55:00,24.4,12.3,13.9,28.4,285,0.0,0.0,0.0,0.0,0.0,0.23,28.36,57,2,255.6,,,28.36,353,6.7,1,308.0,308.0
2024-03-17 14:00:00-05:00,2024-03-17 14:00:00,24.6,5.8,18.8,28.4,310,0.0,0.0,0.0,0.0,0.0,0.23,28.35,57,3,354.8,,,28.35,323,6.7,1,308.0,308.0
2024-03-17 14:05:00-05:00,2024-03-17 14:05:00,24.4,5.4,17.0,28.4,354,0.0,0.0,0.0,0.0,0.0,0.23,28.35,56,4,433.1,,,28.35,4,7.4,1,308.0,308.0
2024-03-17 14:10:00-05:00,2024-03-17 14:10:00,25.3,15.9,18.3,28.4,311,0.0,0.0,0.0,0.0,0.0,0.23,28.35,56,5,526.0,,,28.35,4,7.8,1,308.0,308.0
2024-03-17 14:15:00-05:00,2024-03-17 14:15:00,25.7,9.6,13.9,28.4,22,0.0,0.0,0.0,0.0,0.0,0.23,28.35,55,2,272.8,,,28.35,328,8.9,1,308.0,308.0
2024-03-17 14:20:00-05:00,2024-03-17 14:20:00,25.5,7.8,17.2,28.4,23,0.0,0.0,0.0,0.0,0.0,0.23,28.34,54,3,391.5,,,28.34,324,8.1,1,308.0,308.0
2024-03-17 14:25:00-05:00,2024-03-17 14:25:00,25.9,4.3,18.3,28.4,293,0.0,0.0,0.0,0.0,0.0,0.23,28.34,56,5,544.4,,,28.34,5,7.4,1,308.0,308.0
2024-03-17 14:30:00-05:00,2024-03-17 14:30:00,25.9,8.1,15.0,28.4,7,0.0,0.0,0.0,0.0,0.0,0.23,28.34,56,5,609.2,,,28.34,332,6.5,1,308.0,308.0
2024-03-17 14:35:00-05:00,2024-03-17 14:35:00,26.4,4.9,14.1,28.4,298,0.0,0.0,0.0,0.0,0.0,0.23,28.34,53,3,320.5,,,28.34,335,6.5,1,308.0,308.0
2024-03-17 14:40:00-05:00,2024-03-17 14:40:00,26.1,11.4,20.4,28.4,343,0.0,0.0,0.0,0.0,0.0,0.23,28.34,55,5,576.2,,,28.34,323,7.2,1,308.0,308.0
2024-03-17 14:45:00-05:00,2024-03-17 14:45:00,26.1,2.9,14.5,28.4,347,0.0,0.0,0.0,0.0,0.0,0.23,28.34,54,6,622.6,,,28.34,322,7.4,1,308.0,308.0
2024-03-17 14:50:00-05:00,2024-03-17 14:50:00,26.4,6.5,19.2,28.4,16,0.0,0.0,0.0,0.0,0.0,0.23,28.34,52,2,244.7,,,28.34,322,7.4,1,308.0,308.0
2024-03-17 14:55:00-05:00,2024-03-17 14:55:00,27.3,19.0,19.0,28.4,31,0.0,0.0,0.0,0.0,0.0,0.23,28.34,51,3,370.6,,,28.34,346,6.7,1,308.0,308.0
2024-03-17 15:00:00-05:00,2024-03-17 15:00:00,26.6,4.9,15.2,28.4,296,0.0,0.0,0.0,0.0,0.0,0.23,28.34,53,3,398.8,,,28.34,328,7.6,1,308.0,308.0
2024-03-17 15:05:00-05:00,2024-03-17 15:05:00,26.8,11.2,17.4,28.4,34,0.0,0.0,0.0,0.0,0.0,0.23,28.34,53,2,281.4,,,28.34,339,7.2,1,308.0,308.0
2024-03-17 15:10:00-05:00,2024-03-17 15:10:00,26.6,4.5,19.9,28.4,0,0.0,0.0,0.0,0.0,0.0,0.23,28.33,54,6,659.4,,,28.33,348,7.2,1,308.0,308.0
2024-03-17 15:15:00-05:00,2024-03-17 15:15:00,27.3,6.5,21.0,28.4,304,0.0,0.0,0.0,0.0,0.0,0.23,28.33,51,2,302.1,,,28.33,4,8.1,1,308.0,308.0
2024-03-17 15:20:00-05:00,2024-03-17 15:20:00,27.0,11.2,18.6,28.4,310,0.0,0.0,0.0,0.0,0.0,0.23,28.33,51,2,238.5,,,28.33,10,8.7,1,308.0,308.0
2024-03-17 15:25:00-05:00,2024-03-17 15:25:00,26.8,11.2,14.5,28.4,319,0.0,0.0,0.0,0.0,0.0,0.23,28.33,53,3,341.3,,,28.33,348,8.5,1,308.0,308.0
2024-03-17 15:30:00-05:00,2024-03-17 15:30:00,26.6,10.3,20.4,28.4,335,0.0,0.0,0.0,0.0,0.0,0.23,28.34,55,2,231.2,,,28.34,327,10.1,1,308.0,308.0
2024-03-17 15:35:00-05:00,2024-03-17 15:35:00,28.8,8.7,12.1,28.4,312,0.0,0.0,0.0,0.0,0.0,0.23,28.33,51,2,282.6,,,28.33,321,8.5,1,308.0,308.0
2024-03-17 15:40:00-05:00,2024-03-17 15:40:00,26.6,8.7,24.8,28.4,339,0.0,0.0,0.0,0.0,0.0,0.23,28.33,51,4,412.2,,,28.33,336,8.5,1,308.0,308.0
2024-03-17 15:45:00-05:00,2024-03-17 15:45:00,27.1,4.7,17.9,28.4,22,0.0,0.0,0.0,0.0,0.0,0.23,28.33,52,2,211.6,,,28.33,336,8.7,1,308.0,308.0
2024-03-17 15:50:00-05:00,2024-03-17 15:50:00,27.7,10.3,21.0,28.4,325,0.0,0.0,0.0,0.0,0.0,0.23,28.34,52,2,203.1,,,28.34,324,7.6,1,308.0,308.0
2024-03-17 15:55:00-05:00,2024-03-17 15:55:00,27.1,9.6,14.5,28.4,323,0.0,0.0,0.0,0.0,0.0,0.23,28.33,52,2,292.3,,,28.33,327,6.9,1,308.0,308.0
2024-03-17 16:00:00-05:00,2024-03-17 16:00:00,26.8,4.7,20.6,28.4,42,0.0,0.0,0.0,0.0,0.0,0.23,28.33,51,4,495.4,,,28.33,327,7.8,1,308.0,308.0
2024-03-17 16:05:00-05:00,2024-03-17 16:05:00,26.8,5.1,20.8,28.4,35,0.0,0.0,0.0,0.0,0.0,0.23,28.33,52,1,194.5,,,28.33,336,8.1,1,308.0,308.0
2024-03-17 16:10:00-05:00,2024-03-17 16:10:00,26.6,5.1,17.4,28.4,11,0.0,0.0,0.0,0.0,0.0,0.23,28.33,50,1,159.0,,,28.33,350,7.2,1,308.0,308.0
2024-03-17 16:15:00-05:00,2024-03-17 16:15:00,26.8,3.6,15.7,28.4,336,0.0,0.0,0.0,0.0,0.0,0.23,28.33,52,4,460.0,,,28.33,335,6.7,1,308.0,308.0
2024-03-17 16:20:00-05:00,2024-03-17 16:20:00,27.9,8.1,17.0,28.4,281,0.0,0.0,0.0,0.0,0.0,0.23,28.33,51,4,461.2,,,28.33,334,7.2,1,308.0,308.0
2024-03-17 16:25:00-05:00,2024-03-17 16:25:00,26.8,1.6,30.2,30.2,270,0.0,0.0,0.0,0.0,0.0,0.23,28.33,52,2,242.2,,,28.33,343,7.8,1,308.0,308.0
2024-03-17 16:30:00-05:00,2024-03-17 16:30:00,27.7,8.5,15.9,30.2,1,0.0,0.0,0.0,0.0,0.0,0.23,28.33,50,3,347.4,,,28.33,338,8.5,1,308.0,308.0
2024-03-17 16:36:00-05:00,2024-03-17 16:36:00,27.1,14.8,18.8,30.2,310,0.0,0.0,0.0,0.0,0.0,0.23,28.34,52,1,143.1,,,28.34,319,8.5,1,308.0,308.0
2024-03-17 16:40:00-05:00,2024-03-17 16:40:00,27.0,11.0,16.1,30.2,308,0.0,0.0,0.0,0.0,0.0,0.23,28.34,52,3,332.8,,,28.34,0,8.5,1,308.0,308.0
2024-03-17 16:45:00-05:00,2024-03-17 16:45:00,26.4,9.2,23.9,30.2,352,0.0,0.0,0.0,0.0,0.0,0.23,28.34,51,4,413.5,,,28.34,352,7.6,1,308.0,308.0
2024-03-17 16:50:00-05:00,2024-03-17 16:50:00,27.0,6.5,13.4,30.2,285,0.0,0.0,0.0,0.0,0.0,0.23,28.34,51,3,389.0,,,28.34,22,6.9,1,308.0,308.0
2024-03-17 16:55:00-05:00,2024-03-17 16:55:00,27.5,4.9,18.6,30.2,9,0.0,0.0,0.0,0.0,0.0,0.23,28.34,51,1,152.9,,,28.34,330,7.8,1,308.0,308.0
2024-03-17 17:00:00-05:00,2024-03-17 17:00:00,26.8,4.9,21.0,30.2,359,0.0,0.0,0.0,0.0,0.0,0.23,28.35,51,3,382.9,,,28.35,1,7.8,1,308.0,308.0
2024-03-17 17:05:00-05:00,2024-03-17 17:05:00,26.1,3.1,17.2,30.2,348,0.0,0.0,0.0,0.0,0.0,0.23,28.34,52,2,222.7,,,28.34,353,9.8,1,308.0,308.0
2024-03-17 17:10:00-05:00,2024-03-17 17:10:00,26.1,3.8,19.0,30.2,2,0.0,0.0,0.0,0.0,0.0,0.23,28.35,52,1,122.3,,,28.35,341,9.6,1,308.0,308.0
2024-03-17 17:15:00-05:00,2024-03-17 17:15:00,25.9,3.4,13.9,30.2,335,0.0,0.0,0.0,0.0,0.0,0.23,28.34,53,3,313.2,,,28.34,335,6.9,1,308.0,308.0
2024-03-17 17:20:00-05:00,2024-03-17 17:20:00,27.5,10.7,23.7,30.2,17,0.0,0.0,0.0,0.0,0.0,0.23,28.34,50,2,266.7,,,28.34,326,6.3,1,308.0,308.0
2024-03-17 17:25:00-05:00,2024-03-17 17:25:00,26.8,8.5,23.7,30.2,326,0.0,0.0,0.0,0.0,0.0,0.23,28.34,52,3,337.6,,,28.34,323,7.4,1,308.0,308.0
2024-03-17 17:30:00-05:00,2024-03-17 17:30:00,28.2,4.3,13.6,30.2,355,0.0,0.0,0.0,0.0,0.0,0.23,28.35,50,1,165.1,,,28.35,309,7.4,1,308.0,308.0
2024-03-17 17:35:00-05:00,2024-03-17 17:35:00,27.5,5.8,17.9,30.2,343,0.0,0.0,0.0,0.0,0.0,0.23,28.34,51,2,243.4,,,28.34,335,5.6,1,308.0,308.0
2024-03-17 17:41:00-05:00,2024-03-17 17:41:00,26.6,8.9,19.9,30.2,341,0.0,0.0,0.0,0.0,0.0,0.23,28.35,52,2,286.3,,,28.35,334,8.1,1,308.0,308.0
2024-03-17 17:45:00-05:00,2024-03-17 17:45:00,27.0,5.1,16.8,30.2,303,0.0,0.0,0.0,0.0,0.0,0.23,28.35,52,1,159.0,,,28.35,334,9.4,1,308.0,308.0
2024-03-17 17:50:00-05:00,2024-03-17 17:50:00,27.1,13.9,16.6,30.2,12,0.0,0.0,0.0,0.0,0.0,0.23,28.35,52,1,101.5,,,28.35,326,7.6,1,308.0,308.0
2024-03-17 17:55:00-05:00,2024-03-17 17:55:00,26.1,2.2,11.6,30.2,346,0.0,0.0,0.0,0.0,0.0,0.23,28.35,53,1,108.8,,,28.35,0,8.5,1,308.0,308.0
2024-03-17 18:00:00-05:00,2024-03-17 18:00:00,25.9,13.4,21.9,30.2,313,0.0,0.0,0.0,0.0,0.0,0.23,28.35,53,1,185.9,,,28.35,331,7.8,1,308.0,308.0
2024-03-17 18:05:00-05:00,2024-03-17 18:05:00,26.1,6.9,18.1,30.2,353,0.0,0.0,0.0,0.0,0.0,0.23,28.35,52,1,100.3,,,28.35,322,7.6,1,308.0,308.0
2024-03-17 18:10:00-05:00,2024-03-17 18:10:00,26.1,10.5,21.5,30.2,341,0.0,0.0,0.0,0.0,0.0,0.23,28.35,53,0,96.6,,,28.35,316,7.8,1,308.0,308.0
2024-03-17 18:15:00-05:00,2024-03-17 18:15:00,26.1,10.3,16.8,30.2,66,0.0,0.0,0.0,0.0,0.0,0.23,28.36,52,0,81.9,,,28.36,342,6.0,1,308.0,308.0
2024-03-17 18:20:00-05:00,2024-03-17 18:20:00,25.7,5.8,16.3,30.2,14,0.0,0.0,0.0,0.0,0.0,0.23,28.35,53,0,72.1,,,28.35,347,6.3,1,308.0,308.0
2024-03-17 18:25:00-05:00,2024-03-17 18:25:00,25.7,4.7,15.0,30.2,261,0.0,0.0,0.0,0.0,0.0,0.23,28.35,53,0,57.5,,,28.35,308,6.3,1,308.0,308.0
2024-03-17 18:30:00-05:00,2024-03-17 18:30:00,25.5,7.8,16.8,30.2,329,0.0,0.0,0.0,0.0,0.0,0.23,28.36,54,0,59.9,,,28.36,296,7.6,1,308.0,308.0
2024-03-17 18:35:00-05:00,2024-03-17 18:35:00,25.3,7.8,15.4,30.2,320,0.0,0.0,0.0,0.0,0.0,0.23,28.36,53,0,35.4,,,28.36,329,7.6,1,308.0,308.0
2024-03-17 18:40:00-05:00,2024-03-17 18:40:00,25.3,4.0,9.4,30.2,14,0.0,0.0,0.0,0.0,0.0,0.23,28.36,53,0,72.1,,,28.36,353,6.5,1,308.0,308.0
2024-03-17 18:45:00-05:00,2024-03-17 18:45:00,25.0,4.0,13.0,30.2,281,0.0,0.0,0.0,0.0,0.0,0.23,28.36,54,0,35.4,,,28.36,333,5.8,1,308.0,308.0
2024-03-17 18:50:00-05:00,2024-03-17 18:50:00,25.0,4.3,12.8,30.2,331,0.0,0.0,0.0,0.0,0.0,0.23,28.36,55,0,26.9,,,28.36,302,5.4,1,308.0,308.0
2024-03-17 18:55:00-05:00,2024-03-17 18:55:00,24.8,4.5,15.9,30.2,355,0.0,0.0,0.0,0.0,0.0,0.23,28.37,54,0,24.5,,,28.37,319,5.8,1,308.0,308.0
2024-03-17 19:00:00-05:00,2024-03-17 19:00:00,24.6,5.8,8.5,30.2,272,0.0,0.0,0.0,0.0,0.0,0.23,28.37,55,0,17.1,,,28.37,338,6.0,1,308.0,308.0
2024-03-17 19:05:00-05:00,2024-03-17 19:05:00,24.4,2.0,17.0,30.2,19,0.0,0.0,0.0,0.0,0.0,0.23,28.37,56,0,11.0,,,28.37,336,6.3,1,308.0,308.0
2024-03-17 19:10:00-05:00,2024-03-17 19:10:00,24.8,14.3,17.0,30.2,356,0.0,0.0,0.0,0.0,0.0,0.23,28.36,55,0,11.0,,,28.36,299,5.1,1,308.0,308.0
2024-03-17 19:15:00-05:00,2024-03-17 19:15:00,24.4,5.6,13.0,30.2,356,0.0,0.0,0.0,0.0,0.0,0.23,28.37,55,0,7.3,,,28.37,1,4.7,1,308.0,308.0
2024-03-17 19:20:00-05:00,2024-03-17 19:20:00,24.1,4.9,13.4,30.2,312,0.0,0.0,0.0,0.0,0.0,0.23,28.37,56,0,4.9,,,28.37,351,5.6,1,308.0,308.0
2024-03-17 19:25:00-05:00,2024-03-17 19:25:00,23.9,2.7,11.0,30.2,313,0.0,0.0,0.0,0.0,0.0,0.23,28.37,56,0,2.5,,,28.37,334,6.0,1,308.0,308.0
2024-03-17 19:30:00-05:00,2024-03-17 19:30:00,23.9,4.7,15.0,30.2,295,0.0,0.0,0.0,0.0,0.0,0.23,28.37,56,0,0.0,,,28.37,334,6.0,1,308.0,308.0
2024-03-17 19:35:00-05:00,2024-03-17 19:35:00,24.1,3.1,6.9,30.2,302,0.0,0.0,0.0,0.0,0.0,0.23,28.36,57,0,0.0,,,28.36,343,3.6,1,308.0,308.0
2024-03-17 19:40:00-05:00,2024-03-17 19:40:00,23.9,5.8,15.2,30.2,25,0.0,0.0,0.0,0.0,0.0,0.23,28.37,57,0,0.0,,,28.37,292,4.5,1,308.0,308.0
2024-03-17 19:45:00-05:00,2024-03-17 19:45:00,24.1,18.6,18.6,30.2,0,0.0,0.0,0.0,0.0,0.0,0.23,28.37,57,0,0.0,,,28.37,336,4.5,1,308.0,308.0
2024-03-17 19:50:00-05:00,2024-03-17 19:50:00,23.7,4.0,12.1,30.2,10,0.0,0.0,0.0,0.0,0.0,0.23,28.37,58,0,0.0,,,28.37,347,5.6,1,308.0,308.0
2024-03-17 19:55:00-05:00,2024-03-17 19:55:00,23.5,2.9,13.0,30.2,318,0.0,0.0,0.0,0.0,0.0,0.23,28.37,57,0,0.0,,,28.37,344,6.5,1,308.0,308.0
2024-03-17 20:00:00-05:00,2024-03-17 20:00:00,23.2,7.2,13.6,30.2,348,0.0,0.0,0.0,0.0,0.0,0.23,28.38,57,0,0.0,,,28.38,310,4.9,1,308.0,308.0
2024-03-17 20:05:00-05:00,2024-03-17 20:05:00,23.4,4.0,10.1,30.2,270,0.0,0.0,0.0,0.0,0.0,0.23,28.37,57,0,0.0,,,28.37,318,4.9,1,308.0,308.0
2024-03-17 20:10:00-05:00,2024-03-17 20:10:00,23.4,2.2,8.5,30.2,318,0.0,0.0,0.0,0.0,0.0,0.23,28.38,57,0,0.0,,,28.38,324,4.0,1,308.0,308.0
2024-03-17 20:15:00-05:00,2024-03-17 20:15:00,23.4,9.2,12.3,30.2,288,0.0,0.0,0.0,0.0,0.0,0.23,28.37,57,0,0.0,,,28.37,293,4.0,1,308.0,308.0
2024-03-17 20:20:00-05:00,2024-03-17 20:20:00,23.2,1.8,5.4,30.2,270,0.0,0.0,0.0,0.0,0.0,0.23,28.37,57,0,0.0,,,28.37,330,3.8,1,308.0,308.0
2024-03-17 20:25:00-05:00,2024-03-17 20:25:00,23.0,8.9,15.9,30.2,337,0.0,0.0,0.0,0.0,0.0,0.23,28.38,57,0,0.0,,,28.38,309,4.0,1,308.0,308.0
2024-03-17 20:30:00-05:00,2024-03-17 20:30:00,23.0,3.6,11.6,30.2,73,0.0,0.0,0.0,0.0,0.0,0.23,28.38,57,0,0.0,,,28.38,3,4.5,1,308.0,308.0
2024-03-17 20:35:00-05:00,2024-03-17 20:35:00,23.2,7.2,11.9,30.2,48,0.0,0.0,0.0,0.0,0.0,0.23,28.37,58,0,0.0,,,28.37,1,4.3,1,308.0,308.0
2024-03-17 20:40:00-05:00,2024-03-17 20:40:00,23.2,5.1,13.0,30.2,303,0.0,0.0,0.0,0.0,0.0,0.23,28.38,58,0,0.0,,,28.38,345,4.9,1,308.0,308.0
2024-03-17 20:45:00-05:00,2024-03-17 20:45:00,23.0,2.9,13.9,30.2,26,0.0,0.0,0.0,0.0,0.0,0.23,28.38,58,0,0.0,,,28.38,345,5.4,1,308.0,308.0
2024-03-17 20:50:00-05:00,2024-03-17 20:50:00,23.0,1.8,6.3,30.2,326,0.0,0.0,0.0,0.0,0.0,0.23,28.38,58,0,0.0,,,28.38,330,3.8,1,308.0,308.0
2024-03-17 20:55:00-05:00,2024-03-17 20:55:00,22.8,2.5,12.5,30.2,303,0.0,0.0,0.0,0.0,0.0,0.23,28.38,58,0,0.0,,,28.38,279,3.6,1,308.0,308.0
2024-03-17 21:00:00-05:00,2024-03-17 21:00:00,22.8,3.4,13.0,30.2,308,0.0,0.0,0.0,0.0,0.0,0.23,28.38,59,0,0.0,,,28.38,298,4.7,1,308.0,308.0
2024-03-17 21:05:00-05:00,2024-03-17 21:05:00,23.0,1.1,7.4,30.2,97,0.0,0.0,0.0,0.0,0.0,0.23,28.39,59,0,0.0,,,28.39,343,3.4,1,308.0,308.0
2024-03-17 21:10:00-05:00,2024-03-17 21:10:00,22.6,3.1,11.0,30.2,320,0.0,0.0,0.0,0.0,0.0,0.23,28.39,60,0,0.0,,,28.39,7,3.1,1,308.0,308.0
2024-03-17 21:15:00-05:00,2024-03-17 21:15:00,22.6,6.5,6.9,30.2,338,0.0,0.0,0.0,0.0,0.0,0.23,28.39,60,0,0.0,,,28.39,8,4.9,1,308.0,308.0
2024-03-17 21:20:00-05:00,2024-03-17 21:20:00,22.6,4.7,7.4,30.2,17,0.0,0.0,0.0,0.0,0.0,0.23,28.39,60,0,0.0,,,28.39,344,5.1,1,308.0,308.0
2024-03-17 21:25:00-05:00,2024-03-17 21:25:00,22.6,1.6,4.0,30.2,281,0.0,0.0,0.0,0.0,0.0,0.23,28.39,60,0,0.0,,,28.39,276,3.8,1,308.0,308.0
2024-03-17 21:30:00-05:00,2024-03-17 21:30:00,22.6,3.4,9.6,30.2,328,0.0,0.0,0.0,0.0,0.0,0.23,28.39,59,0,0.0,,,28.39,270,2.7,1,308.0,308.0
2024-03-17 21:35:00-05:00,2024-03-17 21:35:00,22.5,6.0,8.5,30.2,339,0.0,0.0,0.0,0.0,0.0,0.23,28.39,59,0,0.0,,,28.39,287,2.7,1,308.0,308.0
2024-03-17 21:40:00-05:00,2024-03-17 21:40:00,22.1,2.9,13.4,30.2,84,0.0,0.0,0.0,0.0,0.0,0.23,28.39,59,0,0.0,,,28.39,338,3.8,1,308.0,308.0
2024-03-17 21:45:00-05:00,2024-03-17 21:45:00,22.1,2.7,10.5,30.2,313,0.0,0.0,0.0,0.0,0.0,0.23,28.39,60,0,0.0,,,28.39,337,4.5,1,308.0,308.0
2024-03-17 21:50:00-05:00,2024-03-17 21:50:00,22.1,7.2,15.0,30.2,22,0.0,0.0,0.0,0.0,0.0,0.23,28.39,59,0,0.0,,,28.39,342,4.0,1,308.0,308.0
2024-03-17 21:55:00-05:00,2024-03-17 21:55:00,22.1,4.5,12.1,30.2,338,0.0,0.0,0.0,0.0,0.0,0.23,28.39,60,0,0.0,,,28.39,355,3.1,1,308.0,308.0
2024-03-17 22:00:00-05:00,2024-03-17 22:00:00,21.9,4.5,8.5,30.2,12,0.0,0.0,0.0,0.0,0.0,0.23,28.39,61,0,0.0,,,28.39,330,4.3,1,308.0,308.0
2024-03-17 22:05:00-05:00,2024-03-17 22:05:00,21.6,8.3,13.9,30.2,306,0.0,0.0,0.0,0.0,0.0,0.23,28.39,60,0,0.0,,,28.39,328,5.8,1,308.0,308.0
2024-03-17 22:10:00-05:00,2024-03-17 22:10:00,21.6,4.0,12.8,30.2,0,0.0,0.0,0.0,0.0,0.0,0.23,28.4,60,0,0.0,,,28.4,336,5.8,1,308.0,308.0
2024-03-17 22:15:00-05:00,2024-03-17 22:15:00,21.7,7.8,8.7,30.2,0,0.0,0.0,0.0,0.0,0.0,0.23,28.39,60,0,0.0,,,28.39,337,5.4,1,308.0,308.0
2024-03-17 22:20:00-05:00,2024-03-17 22:20:00,21.6,4.5,11.2,30.2,289,0.0,0.0,0.0,0.0,0.0,0.23,28.39,60,0,0.0,,,28.39,340,6.5,1,308.0,308.0
2024-03-17 22:25:00-05:00,2024-03-17 22:25:00,21.9,3.1,4.0,30.2,237,0.0,0.0,0.0,0.0,0.0,0.23,28.39,61,0,0.0,,,28.39,340,4.9,1,308.0,308.0
2024-03-17 22:30:00-05:00,2024-03-17 22:30:00,21.2,4.5,11.0,30.2,354,0.0,0.0,0.0,0.0,0.0,0.23,28.4,66,0,0.0,,,28.4,305,2.9,1,308.0,308.0
2024-03-17 22:35:00-05:00,2024-03-17 22:35:00,21.0,4.5,8.9,30.2,290,0.0,0.0,0.0,0.0,0.0,0.23,28.4,67,0,0.0,,,28.4,335,4.0,1,308.0,308.0
2024-03-17 22:40:00-05:00,2024-03-17 22:40:00,21.0,1.8,7.8,30.2,279,0.0,0.0,0.0,0.0,0.0,0.23,28.39,68,0,0.0,,,28.39,311,4.0,1,308.0,308.0
2024-03-17 22:45:00-05:00,2024-03-17 22:45:00,20.8,2.7,11.2,30.2,0,0.0,0.0,0.0,0.0,0.0,0.23,28.4,71,0,0.0,,,28.4,0,3.4,1,308.0,308.0
2024-03-17 22:50:00-05:00,2024-03-17 22:50:00,20.8,1.3,6.9,30.2,123,0.0,0.0,0.0,0.0,0.0,0.23,28.4,72,0,0.0,,,28.4,323,2.7,1,308.0,308.0
2024-03-17 22:55:00-05:00,2024-03-17 22:55:00,20.7,0.0,6.5,30.2,0,0.0,0.0,0.0,0.0,0.0,0.23,28.4,70,0,0.0,,,28.4,326,2.7,1,308.0,308.0
2024-03-17 23:00:00-05:00,2024-03-17 23:00:00,20.8,3.8,15.2,30.2,275,0.0,0.0,0.0,0.0,0.0,0.23,28.39,67,0,0.0,,,28.39,329,3.6,1,308.0,308.0
2024-03-17 23:05:00-05:00,2024-03-17 23:05:00,20.8,6.9,7.8,30.2,289,0.0,0.0,0.0,0.0,0.0,0.23,28.39,66,0,0.0,,,28.39,321,3.6,1,308.0,308.0
2024-03-17 23:10:00-05:00,2024-03-17 23:10:00,20.7,4.3,8.7,30.2,62,0.0,0.0,0.0,0.0,0.0,0.23,28.4,66,0,0.0,,,28.4,0,3.8,1,308.0,308.0
2024-03-17 23:15:00-05:00,2024-03-17 23:15:00,20.7,2.0,10.1,30.2,135,0.0,0.0,0.0,0.0,0.0,0.23,28.4,66,0,0.0,,,28.4,318,3.6,1,308.0,308.0
2024-03-17 23:20:00-05:00,2024-03-17 23:20:00,20.1,1.3,13.0,30.2,164,0.0,0.0,0.0,0.0,0.0,0.23,28.4,70,0,0.0,,,28.4,321,3.6,1,308.0,308.0
2024-03-17 23:25:00-05:00,2024-03-17 23:25:00,20.3,3.8,11.2,30.2,314,0.0,0.0,0.0,0.0,0.0,0.23,28.4,68,0,0.0,,,28.4,341,3.8,1,308.0,308.0
2024-03-17 23:30:00-05:00,2024-03-17 23:30:00,20.5,8.3,11.9,30.2,7,0.0,0.0,0.0,0.0,0.0,0.23,28.4,67,0,0.0,,,28.4,314,5.1,1,308.0,308.0
2024-03-17 23:35:00-05:00,2024-03-17 23:35:00,20.5,2.5,5.4,30.2,32,0.0,0.0,0.0,0.0,0.0,0.23,28.4,68,0,0.0,,,28.4,7,3.6,1,308.0,308.0
2024-03-17 23:40:00-05:00,2024-03-17 23:40:00,20.5,4.3,9.6,30.2,351,0.0,0.0,0.0,0.0,0.0,0.23,28.4,67,0,0.0,,,28.4,340,3.6,1,308.0,308.0
2024-03-17 23:45:00-05:00,2024-03-17 23:45:00,20.5,2.2,11.2,30.2,321,0.0,0.0,0.0,0.0,0.0,0.23,28.4,66,0,0.0,,,28.4,352,2.9,1,308.0,308.0
2024-03-17 23:50:00-05:00,2024-03-17 23:50:00,20.5,1.1,4.9,30.2,77,0.0,0.0,0.0,0.0,0.0,0.23,28.4,66,0,0.0,,,28.4,312,2.5,1,308.0,308.0
2024-03-17 23:55:00-05:00,2024-03-17 23:55:00,20.3,6.3,10.7,30.2,320,0.0,0.0,0.0,0.0,0.0,0.23,28.4,68,0,0.0,,,28.4,278,2.7,1,308.0,308.0
2024-03-18 00:00:00-05:00,2024-03-18 00:00:00,20.3,2.0,9.2,9.2,36,0.0,0.0,0.0,0.0,0.0,0.23,28.41,69,0,0.0,,,28.41,278,2.7,1,308.0,308.0
2024-03-18 00:05:00-05:00,2024-03-18 00:05:00,20.1,6.5,6.5,9.2,335,0.0,0.0,0.0,0.0,0.0,0.23,28.4,70,0,0.0,,,28.4,317,2.2,1,308.0,308.0
2024-03-18 00:10:00-05:00,2024-03-18 00:10:00,19.9,6.7,10.5,10.5,31,0.0,0.0,0.0,0.0,0.0,0.23,28.41,72,0,0.0,,,28.41,303,4.3,1,308.0,308.0
2024-03-18 00:15:00-05:00,2024-03-18 00:15:00,19.8,0.0,7.8,10.5,275,0.0,0.0,0.0,0.0,0.0,0.23,28.41,74,0,0.0,,,28.41,299,2.5,1,308.0,308.0
2024-03-18 00:20:00-05:00,2024-03-18 00:20:00,19.4,5.6,6.3,10.5,339,0.0,0.0,0.0,0.0,0.0,0.23,28.4,75,0,0.0,,,28.4,25,2.5,1,308.0,308.0
2024-03-18 00:25:00-05:00,2024-03-18 00:25:00,19.6,2.0,3.6,10.5,177,0.0,0.0,0.0,0.0,0.0,0.23,28.41,73,0,0.0,,,28.41,351,2.2,1,308.0,308.0
2024-03-18 00:30:00-05:00,2024-03-18 00:30:00,19.8,4.0,7.2,10.5,337,0.0,0.0,0.0,0.0,0.0,0.23,28.4,70,0,0.0,,,28.4,0,2.2,1,308.0,308.0
2024-03-18 00:35:00-05:00,2024-03-18 00:35:00,19.8,4.3,8.7,10.5,272,0.0,0.0,0.0,0.0,0.0,0.23,28.41,66,0,0.0,,,28.41,320,3.4,1,308.0,308.0
2024-03-18 00:40:00-05:00,2024-03-18 00:40:00,19.9,4.0,4.9,10.5,351,0.0,0.0,0.0,0.0,0.0,0.23,28.41,65,0,0.0,,,28.41,326,3.4,1,308.0,308.0
2024-03-18 00:45:00-05:00,2024-03-18 00:45:00,19.9,5.4,5.4,13.0,262,0.0,0.0,0.0,0.0,0.0,0.23,28.4,64,0,0.0,,,28.4,330,2.5,1,308.0,308.0
2024-03-18 00:50:00-05:00,2024-03-18 00:50:00,20.1,4.9,7.4,13.0,329,0.0,0.0,0.0,0.0,0.0,0.23,28.4,63,0,0.0,,,28.4,327,2.5,1,308.0,308.0
2024-03-18 00:55:00-05:00,2024-03-18 00:55:00,19.9,4.7,9.6,13.0,30,0.0,0.0,0.0,0.0,0.0,0.23,28.41,62,0,0.0,,,28.41,327,2.5,1,308.0,308.0
2024-03-18 01:00:00-05:00,2024-03-18 01:00:00,19.9,3.4,12.5,13.0,250,0.0,0.0,0.0,0.0,0.0,0.23,28.4,61,0,0.0,,,28.4,337,3.1,1,308.0,308.0
2024-03-18 01:05:00-05:00,2024-03-18 01:05:00,19.8,1.1,10.1,13.0,331,0.0,0.0,0.0,0.0,0.0,0.23,28.4,63,0,0.0,,,28.4,337,3.8,1,308.0,308.0
2024-03-18 01:10:00-05:00,2024-03-18 01:10:00,19.6,1.3,9.2,13.0,320,0.0,0.0,0.0,0.0,0.0,0.23,28.41,64,0,0.0,,,28.41,335,3.8,1,308.0,308.0
2024-03-18 01:15:00-05:00,2024-03-18 01:15:00,19.8,4.0,5.1,13.0,300,0.0,0.0,0.0,0.0,0.0,0.23,28.4,64,0,0.0,,,28.4,327,2.7,1,308.0,308.0
2024-03-18 01:20:00-05:00,2024-03-18 01:20:00,19.8,3.8,8.1,13.0,274,0.0,0.0,0.0,0.0,0.0,0.23,28.41,62,0,0.0,,,28.41,332,3.4,1,308.0,308.0
2024-03-18 01:25:00-05:00,2024-03-18 01:25:00,19.8,4.5,6.0,13.0,225,0.0,0.0,0.0,0.0,0.0,0.23,28.4,63,0,0.0,,,28.4,337,4.0,1,308.0,308.0
2024-03-18 01:30:00-05:00,2024-03-18 01:30:00,19.9,5.8,8.9,13.0,356,0.0,0.0,0.0,0.0,0.0,0.23,28.41,63,0,0.0,,,28.41,7,2.7,1,308.0,308.0
2024-03-18 01:35:00-05:00,2024-03-18 01:35:00,19.8,8.7,12.3,13.0,342,0.0,0.0,0.0,0.0,0.0,0.23,28.4,64,0,0.0,,,28.4,0,2.7,1,308.0,308.0
2024-03-18 01:40:00-05:00,2024-03-18 01:40:00,19.6,3.1,8.7,13.0,314,0.0,0.0,0.0,0.0,0.0,0.23,28.41,65,0,0.0,,,28.41,352,2.7,1,308.0,308.0
2024-03-18 01:45:00-05:00,2024-03-18 01:45:00,19.4,3.4,7.8,13.0,2,0.0,0.0,0.0,0.0,0.0,0.23,28.41,66,0,0.0,,,28.41,308,2.9,1,308.0,308.0
2024-03-18 01:50:00-05:00,2024-03-18 01:50:00,19.2,0.0,8.3,13.0,21,0.0,0.0,0.0,0.0,0.0,0.23,28.41,66,0,0.0,,,28.41,336,3.1,1,308.0,308.0
2024-03-18 01:55:00-05:00,2024-03-18 01:55:00,19.4,0.0,7.4,13.0,287,0.0,0.0,0.0,0.0,0.0,0.23,28.41,66,0,0.0,,,28.41,314,3.1,1,308.0,308.0
2024-03-18 02:00:00-05:00,2024-03-18 02:00:00,19.2,7.2,9.6,13.0,265,0.0,0.0,0.0,0.0,0.0,0.23,28.41,65,0,0.0,,,28.41,18,2.9,1,308.0,308.0
2024-03-18 02:05:00-05:00,2024-03-18 02:05:00,19.0,2.2,14.1,14.1,17,0.0,0.0,0.0,0.0,0.0,0.23,28.41,66,0,0.0,,,28.41,14,4.3,1,308.0,308.0
2024-03-18 02:10:00-05:00,2024-03-18 02:10:00,18.9,4.0,11.6,14.1,348,0.0,0.0,0.0,0.0,0.0,0.23,28.4,68,0,0.0,,,28.4,6,4.3,1,308.0,308.0
2024-03-18 02:15:00-05:00,2024-03-18 02:15:00,18.7,5.6,8.3,14.1,340,0.0,0.0,0.0,0.0,0.0,0.23,28.41,68,0,0.0,,,28.41,5,4.0,1,308.0,308.0
2024-03-18 02:20:00-05:00,2024-03-18 02:20:00,18.9,6.9,9.4,14.1,346,0.0,0.0,0.0,0.0,0.0,0.23,28.41,67,0,0.0,,,28.41,3,4.0,1,308.0,308.0
2024-03-18 02:25:00-05:00,2024-03-18 02:25:00,18.7,0.0,8.5,14.8,175,0.0,0.0,0.0,0.0,0.0,0.23,28.41,65,0,0.0,,,28.41,355,3.8,1,308.0,308.0
2024-03-18 02:30:00-05:00,2024-03-18 02:30:00,18.7,2.0,6.0,14.8,243,0.0,0.0,0.0,0.0,0.0,0.23,28.41,63,0,0.0,,,28.41,286,4.0,1,308.0,308.0
2024-03-18 02:35:00-05:00,2024-03-18 02:35:00,18.7,0.0,9.4,14.8,225,0.0,0.0,0.0,0.0,0.0,0.23,28.41,65,0,0.0,,,28.41,19,3.6,1,308.0,308.0
2024-03-18 02:40:00-05:00,2024-03-18 02:40:00,18.5,2.7,5.1,14.8,258,0.0,0.0,0.0,0.0,0.0,0.23,28.41,67,0,0.0,,,28.41,13,2.9,1,308.0,308.0
2024-03-18 02:45:00-05:00,2024-03-18 02:45:00,17.8,3.6,14.5,14.8,348,0.0,0.0,0.0,0.0,0.0,0.23,28.41,69,0,0.0,,,28.41,332,2.5,1,308.0,308.0
2024-03-18 02:50:00-05:00,2024-03-18 02:50:00,17.6,0.0,6.0,14.8,336,0.0,0.0,0.0,0.0,0.0,0.23,28.41,70,0,0.0,,,28.41,327,2.7,1,308.0,308.0
2024-03-18 02:55:00-05:00,2024-03-18 02:55:00,17.4,4.3,11.6,14.8,332,0.0,0.0,0.0,0.0,0.0,0.23,28.41,70,0,0.0,,,28.41,312,3.8,1,308.0,308.0
2024-03-18 03:00:00-05:00,2024-03-18 03:00:00,17.6,3.6,9.8,14.8,79,0.0,0.0,0.0,0.0,0.0,0.23,28.41,69,0,0.0,,,28.41,14,3.6,1,308.0,308.0
2024-03-18 03:05:00-05:00,2024-03-18 03:05:00,17.2,4.7,10.5,14.8,288,0.0,0.0,0.0,0.0,0.0,0.23,28.41,69,0,0.0,,,28.41,62,3.8,1,308.0,308.0
2024-03-18 03:10:00-05:00,2024-03-18 03:10:00,17.6,3.6,5.1,14.8,317,0.0,0.0,0.0,0.0,0.0,0.23,28.41,69,0,0.0,,,28.41,0,3.6,1,308.0,308.0
2024-03-18 03:15:00-05:00,2024-03-18 03:15:00,17.4,1.3,9.6,14.8,355,0.0,0.0,0.0,0.0,0.0,0.23,28.41,68,0,0.0,,,28.41,34,3.1,1,308.0,308.0
2024-03-18 03:20:00-05:00,2024-03-18 03:20:00,17.4,6.0,9.2,14.8,38,0.0,0.0,0.0,0.0,0.0,0.23,28.41,67,0,0.0,,,28.41,29,2.7,1,308.0,308.0
2024-03-18 03:25:00-05:00,2024-03-18 03:25:00,17.4,6.3,7.6,14.8,312,0.0,0.0,0.0,0.0,0.0,0.23,28.41,67,0,0.0,,,28.41,353,2.5,1,308.0,308.0
2024-03-18 03:30:00-05:00,2024-03-18 03:30:00,17.4,3.4,8.9,14.8,191,0.0,0.0,0.0,0.0,0.0,0.23,28.41,67,0,0.0,,,28.41,0,2.5,1,308.0,308.0
2024-03-18 03:35:00-05:00,2024-03-18 03:35:00,17.4,3.1,5.1,14.8,252,0.0,0.0,0.0,0.0,0.0,0.23,28.41,67,0,0.0,,,28.41,341,2.5,1,308.0,308.0
2024-03-18 03:40:00-05:00,2024-03-18 03:40:00,17.1,5.6,10.3,14.8,343,0.0,0.0,0.0,0.0,0.0,0.23,28.42,66,0,0.0,,,28.42,339,2.9,1,308.0,308.0
2024-03-18 03:45:00-05:00,2024-03-18 03:45:00,17.1,0.0,6.3,14.8,299,0.0,0.0,0.0,0.0,0.0,0.23,28.41,66,0,0.0,,,28.41,7,4.0,1,308.0,308.0
2024-03-18 03:50:00-05:00,2024-03-18 03:50:00,17.2,0.0,5.8,14.8,200,0.0,0.0,0.0,0.0,0.0,0.23,28.41,66,0,0.0,,,28.41,2,3.4,1,308.0,308.0
2024-03-18 03:55:00-05:00,2024-03-18 03:55:00,17.4,4.3,6.0,14.8,243,0.0,0.0,0.0,0.0,0.0,0.23,28.41,66,0,0.0,,,28.41,14,2.0,1,308.0,308.0
2024-03-18 04:00:00-05:00,2024-03-18 04:00:00,17.1,5.1,6.5,14.8,311,0.0,0.0,0.0,0.0,0.0,0.23,28.41,67,0,0.0,,,28.41,338,2.7,1,308.0,308.0
2024-03-18 04:05:00-05:00,2024-03-18 04:05:00,16.7,5.4,6.0,14.8,349,0.0,0.0,0.0,0.0,0.0,0.23,28.41,66,0,0.0,,,28.41,337,2.9,1,308.0,308.0
2024-03-18 04:10:00-05:00,2024-03-18 04:10:00,16.7,4.3,8.1,14.8,131,0.0,0.0,0.0,0.0,0.0,0.23,28.41,66,0,0.0,,,28.41,1,3.8,1,308.0,308.0
2024-03-18 04:15:00-05:00,2024-03-18 04:15:00,16.7,2.7,8.3,14.8,236,0.0,0.0,0.0,0.0,0.0,0.23,28.41,66,0,0.0,,,28.41,0,3.8,1,308.0,308.0
2024-03-18 04:20:00-05:00,2024-03-18 04:20:00,16.7,6.3,8.3,14.8,46,0.0,0.0,0.0,0.0,0.0,0.23,28.41,66,0,0.0,,,28.41,248,2.9,1,308.0,308.0
2024-03-18 04:25:00-05:00,2024-03-18 04:25:00,16.7,4.0,4.3,14.8,314,0.0,0.0,0.0,0.0,0.0,0.23,28.41,66,0,0.0,,,28.41,199,2.9,1,308.0,308.0
2024-03-18 04:30:00-05:00,2024-03-18 04:30:00,17.1,0.0,4.3,14.8,332,0.0,0.0,0.0,0.0,0.0,0.23,28.41,66,0,0.0,,,28.41,90,2.2,1,308.0,308.0
2024-03-18 04:35:00-05:00,2024-03-18 04:35:00,16.5,4.7,6.3,14.8,336,0.0,0.0,0.0,0.0,0.0,0.23,28.41,66,0,0.0,,,28.41,350,2.2,1,308.0,308.0
2024-03-18 04:41:00-05:00,2024-03-18 04:41:00,16.7,1.8,4.9,14.8,356,0.0,0.0,0.0,0.0,0.0,0.23,28.42,66,0,0.0,,,28.42,343,2.9,1,308.0,308.0
2024-03-18 04:45:00-05:00,2024-03-18 04:45:00,16.5,1.8,6.9,14.8,41,0.0,0.0,0.0,0.0,0.0,0.23,28.42,67,0,0.0,,,28.42,230,3.1,1,308.0,308.0
2024-03-18 04:50:00-05:00,2024-03-18 04:50:00,16.3,3.1,4.5,14.8,244,0.0,0.0,0.0,0.0,0.0,0.23,28.42,67,0,0.0,,,28.42,230,1.8,1,308.0,308.0
2024-03-18 04:55:00-05:00,2024-03-18 04:55:00,16.2,4.0,8.3,14.8,45,0.0,0.0,0.0,0.0,0.0,0.23,28.42,67,0,0.0,,,28.42,0,1.8,1,308.0,308.0
2024-03-18 05:00:00-05:00,2024-03-18 05:00:00,16.0,1.1,5.4,14.8,334,0.0,0.0,0.0,0.0,0.0,0.23,28.42,68,0,0.0,,,28.42,228,2.5,1,308.0,308.0
2024-03-18 05:05:00-05:00,2024-03-18 05:05:00,16.0,1.6,4.0,14.8,180,0.0,0.0,0.0,0.0,0.0,0.23,28.43,68,0,0.0,,,28.43,229,2.0,1,308.0,308.0
2024-03-18 05:10:00-05:00,2024-03-18 05:10:00,15.8,0.0,4.0,14.8,221,0.0,0.0,0.0,0.0,0.0,0.23,28.43,69,0,0.0,,,28.43,219,1.8,1,308.0,308.0
2024-03-18 05:15:00-05:00,2024-03-18 05:15:00,15.6,1.8,2.9,14.8,322,0.0,0.0,0.0,0.0,0.0,0.23,28.42,69,0,0.0,,,28.42,262,1.3,1,308.0,308.0
2024-03-18 05:20:00-05:00,2024-03-18 05:20:00,15.4,0.0,2.7,14.8,263,0.0,0.0,0.0,0.0,0.0,0.23,28.43,70,0,0.0,,,28.43,270,1.8,1,308.0,308.0
2024-03-18 05:25:00-05:00,2024-03-18 05:25:00,15.4,2.0,3.4,14.8,135,0.0,0.0,0.0,0.0,0.0,0.23,28.43,70,0,0.0,,,28.43,202,1.6,1,308.0,308.0
2024-03-18 05:30:00-05:00,2024-03-18 05:30:00,15.1,1.1,5.6,14.8,285,0.0,0.0,0.0,0.0,0.0,0.23,28.43,71,0,0.0,,,28.43,202,1.8,1,308.0,308.0
2024-03-18 05:35:00-05:00,2024-03-18 05:35:00,14.9,1.1,4.7,14.8,209,0.0,0.0,0.0,0.0,0.0,0.23,28.43,70,0,0.0,,,28.43,338,1.8,1,308.0,308.0
2024-03-18 05:40:00-05:00,2024-03-18 05:40:00,14.9,0.0,5.6,14.8,180,0.0,0.0,0.0,0.0,0.0,0.23,28.43,70,0,0.0,,,28.43,357,2.0,1,308.0,308.0
2024-03-18 05:45:00-05:00,2024-03-18 05:45:00,14.9,0.0,3.6,14.8,217,0.0,0.0,0.0,0.0,0.0,0.23,28.43,70,0,0.0,,,28.43,187,2.2,1,308.0,308.0
2024-03-18 05:50:00-05:00,2024-03-18 05:50:00,14.5,3.1,3.8,14.8,236,0.0,0.0,0.0,0.0,0.0,0.23,28.43,71,0,0.0,,,28.43,197,2.2,1,308.0,308.0
2024-03-18 05:55:00-05:00,2024-03-18 05:55:00,14.4,1.1,6.0,14.8,138,0.0,0.0,0.0,0.0,0.0,0.23,28.43,71,0,0.0,,,28.43,185,2.0,1,308.0,308.0
2024-03-18 06:00:00-05:00,2024-03-18 06:00:00,14.2,3.4,3.8,14.8,180,0.0,0.0,0.0,0.0,0.0,0.23,28.44,71,0,0.0,,,28.44,187,1.6,1,308.0,308.0
2024-03-18 06:05:00-05:00,2024-03-18 06:05:00,14.2,1.6,8.1,14.8,281,0.0,0.0,0.0,0.0,0.0,0.23,28.43,71,0,0.0,,,28.43,270,2.0,1,308.0,308.0
2024-03-18 06:10:00-05:00,2024-03-18 06:10:00,14.0,1.3,3.4,14.8,289,0.0,0.0,0.0,0.0,0.0,0.23,28.44,71,0,0.0,,,28.44,0,1.3,1,308.0,308.0
2024-03-18 06:15:00-05:00,2024-03-18 06:15:00,14.0,4.3,4.3,14.8,326,0.0,0.0,0.0,0.0,0.0,0.23,28.45,72,0,0.0,,,28.45,195,1.6,1,308.0,308.0
2024-03-18 06:20:00-05:00,2024-03-18 06:20:00,13.8,2.5,4.3,14.8,52,0.0,0.0,0.0,0.0,0.0,0.23,28.44,72,0,0.0,,,28.44,206,2.2,1,308.0,308.0
2024-03-18 06:25:00-05:00,2024-03-18 06:25:00,13.8,2.7,5.8,14.8,212,0.0,0.0,0.0,0.0,0.0,0.23,28.44,72,0,0.0,,,28.44,212,2.5,1,308.0,308.0
2024-03-18 06:30:00-05:00,2024-03-18 06:30:00,13.6,0.0,3.8,14.8,159,0.0,0.0,0.0,0.0,0.0,0.23,28.44,73,0,0.0,,,28.44,183,1.6,1,308.0,308.0
2024-03-18 06:35:00-05:00,2024-03-18 06:35:00,13.5,1.8,5.4,14.8,176,0.0,0.0,0.0,0.0,0.0,0.23,28.44,73,0,0.0,,,28.44,223,1.8,1,308.0,308.0
2024-03-18 06:40:00-05:00,2024-03-18 06:40:00,13.5,3.1,4.0,14.8,211,0.0,0.0,0.0,0.0,0.0,0.23,28.45,73,0,0.0,,,28.45,221,1.8,1,308.0,308.0
2024-03-18 06:45:00-05:00,2024-03-18 06:45:00,13.5,1.8,4.5,14.8,152,0.0,0.0,0.0,0.0,0.0,0.23,28.45,73,0,0.0,,,28.45,212,2.0,1,308.0,308.0
2024-03-18 06:50:00-05:00,2024-03-18 06:50:00,13.3,3.6,5.1,14.8,277,0.0,0.0,0.0,0.0,0.0,0.23,28.44,74,0,0.0,,,28.44,341,2.2,1,308.0,308.0
2024-03-18 06:55:00-05:00,2024-03-18 06:55:00,13.3,2.9,6.3,14.8,253,0.0,0.0,0.0,0.0,0.0,0.23,28.45,74,0,0.0,,,28.45,249,2.2,1,308.0,308.0
2024-03-18 07:00:00-05:00,2024-03-18 07:00:00,13.3,0.0,11.4,14.8,29,0.0,0.0,0.0,0.0,0.0,0.23,28.43,74,0,0.0,,,28.43,263,1.8,1,308.0,308.0
2024-03-18 07:05:00-05:00,2024-03-18 07:05:00,13.3,2.0,4.3,14.8,7,0.0,0.0,0.0,0.0,0.0,0.23,28.44,75,0,0.0,,,28.44,258,1.8,1,308.0,308.0
2024-03-18 07:10:00-05:00,2024-03-18 07:10:00,13.3,1.3,4.0,14.8,276,0.0,0.0,0.0,0.0,0.0,0.23,28.44,75,0,0.0,,,28.44,205,1.6,1,308.0,308.0
2024-03-18 07:16:00-05:00,2024-03-18 07:16:00,13.3,1.6,4.9,14.8,245,0.0,0.0,0.0,0.0,0.0,0.23,28.45,75,0,0.0,,,28.45,221,2.0,1,308.0,308.0
2024-03-18 07:20:00-05:00,2024-03-18 07:20:00,13.3,2.7,3.6,14.8,185,0.0,0.0,0.0,0.0,0.0,0.23,28.44,75,0,0.0,,,28.44,144,2.0,1,308.0,308.0
2024-03-18 07:25:00-05:00,2024-03-18 07:25:00,13.5,1.3,4.5,14.8,190,0.0,0.0,0.0,0.0,0.0,0.23,28.44,75,0,0.0,,,28.44,194,2.5,1,308.0,308.0
2024-03-18 07:30:00-05:00,2024-03-18 07:30:00,13.3,0.0,4.3,14.8,203,0.0,0.0,0.0,0.0,0.0,0.23,28.45,76,0,0.0,,,28.45,244,2.2,1,308.0,308.0
2024-03-18 07:35:00-05:00,2024-03-18 07:35:00,12.9,2.5,6.0,14.8,254,0.0,0.0,0.0,0.0,0.0,0.23,28.45,76,0,1.2,,,28.45,243,2.0,1,308.0,308.0
2024-03-18 07:40:00-05:00,2024-03-18 07:40:00,12.9,2.7,5.6,14.8,246,0.0,0.0,0.0,0.0,0.0,0.23,28.45,76,0,3.6,,,28.45,143,2.5,1,308.0,308.0
2024-03-18 07:45:00-05:00,2024-03-18 07:45:00,12.9,2.0,4.3,14.8,278,0.0,0.0,0.0,0.0,0.0,0.23,28.45,76,0,6.1,,,28.45,239,2.0,1,308.0,308.0
2024-03-18 07:50:00-05:00,2024-03-18 07:50:00,12.9,6.3,6.3,14.8,223,0.0,0.0,0.0,0.0,0.0,0.23,28.45,76,0,8.5,,,28.45,353,1.8,1,308.0,308.0
2024-03-18 07:55:00-05:00,2024-03-18 07:55:00,13.3,2.2,3.8,14.8,235,0.0,0.0,0.0,0.0,0.0,0.23,28.45,76,0,11.0,,,28.45,245,0.0,1,308.0,308.0
2024-03-18 08:00:00-05:00,2024-03-18 08:00:00,13.3,3.8,4.9,14.8,15,0.0,0.0,0.0,0.0,0.0,0.23,28.44,76,0,14.7,,,28.44,210,2.0,1,308.0,308.0
2024-03-18 08:05:00-05:00,2024-03-18 08:05:00,13.3,2.0,3.8,14.8,346,0.0,0.0,0.0,0.0,0.0,0.23,28.45,76,0,17.1,,,28.45,192,1.3,1,308.0,308.0
2024-03-18 08:10:00-05:00,2024-03-18 08:10:00,13.3,2.5,4.0,14.8,239,0.0,0.0,0.0,0.0,0.0,0.23,28.45,76,0,18.3,,,28.45,220,1.1,1,308.0,308.0
2024-03-18 08:15:00-05:00,2024-03-18 08:15:00,13.3,1.6,5.1,14.8,245,0.0,0.0,0.0,0.0,0.0,0.23,28.45,76,0,22.0,,,28.45,220,1.1,1,308.0,308.0
2024-03-18 08:20:00-05:00,2024-03-18 08:20:00,13.5,3.6,4.0,14.8,321,0.0,0.0,0.0,0.0,0.0,0.23,28.46,76,0,23.2,,,28.46,237,1.1,1,308.0,308.0
2024-03-18 08:25:00-05:00,2024-03-18 08:25:00,13.6,0.0,4.3,14.8,154,0.0,0.0,0.0,0.0,0.0,0.23,28.46,76,0,24.5,,,28.46,154,1.1,1,308.0,308.0
2024-03-18 08:30:00-05:00,2024-03-18 08:30:00,14.0,3.1,6.5,14.8,336,0.0,0.0,0.0,0.0,0.0,0.23,28.45,75,0,28.1,,,28.45,258,1.3,1,308.0,308.0
2024-03-18 08:35:00-05:00,2024-03-18 08:35:00,14.2,2.9,4.7,14.8,49,0.0,0.0,0.0,0.0,0.0,0.23,28.45,75,0,29.4,,,28.45,221,1.8,1,308.0,308.0
2024-03-18 08:40:00-05:00,2024-03-18 08:40:00,14.7,2.2,7.2,14.8,285,0.0,0.0,0.0,0.0,0.0,0.23,28.46,73,0,33.0,,,28.46,225,2.2,1,308.0,308.0
2024-03-18 08:45:00-05:00,2024-03-18 08:45:00,14.7,2.0,6.7,14.8,0,0.0,0.0,0.0,0.0,0.0,0.23,28.45,73,0,31.8,,,28.45,339,2.0,1,308.0,308.0
2024-03-18 08:50:00-05:00,2024-03-18 08:50:00,14.7,0.0,6.9,14.8,357,0.0,0.0,0.0,0.0,0.0,0.23,28.45,72,0,35.4,,,28.45,6,2.0,1,308.0,308.0
2024-03-18 08:55:00-05:00,2024-03-18 08:55:00,15.1,1.1,6.3,14.8,270,0.0,0.0,0.0,0.0,0.0,0.23,28.45,71,0,42.8,,,28.45,0,2.2,1,308.0,308.0
2024-03-18 09:00:00-05:00,2024-03-18 09:00:00,15.6,2.7,6.7,14.8,270,0.0,0.0,0.0,0.0,0.0,0.23,28.46,70,0,50.1,,,28.46,332,2.0,1,308.0,308.0
2024-03-18 09:05:00-05:00,2024-03-18 09:05:00,16.7,5.1,6.5,14.8,3,0.0,0.0,0.0,0.0,0.0,0.23,28.45,69,0,73.4,,,28.45,266,1.8,1,308.0,308.0
2024-03-18 09:10:00-05:00,2024-03-18 09:10:00,16.9,0.0,4.7,14.8,355,0.0,0.0,0.0,0.0,0.0,0.23,28.45,68,0,78.3,,,28.45,0,2.5,1,308.0,308.0
2024-03-18 09:15:00-05:00,2024-03-18 09:15:00,17.1,0.0,3.4,14.8,15,0.0,0.0,0.0,0.0,0.0,0.23,28.45,66,0,81.9,,,28.45,337,2.0,1,308.0,308.0
2024-03-18 09:20:00-05:00,2024-03-18 09:20:00,17.2,2.9,4.5,14.8,7,0.0,0.0,0.0,0.0,0.0,0.23,28.45,67,0,89.3,,,28.45,270,2.0,1,308.0,308.0
2024-03-18 09:25:00-05:00,2024-03-18 09:25:00,17.8,3.1,4.7,14.8,254,0.0,0.0,0.0,0.0,0.0,0.23,28.45,65,1,113.7,,,28.45,209,1.6,1,308.0,308.0
2024-03-18 09:30:00-05:00,2024-03-18 09:30:00,17.8,4.0,5.8,14.8,324,0.0,0.0,0.0,0.0,0.0,0.23,28.45,66,1,117.4,,,28.45,2,2.5,1,308.0,308.0
2024-03-18 09:35:00-05:00,2024-03-18 09:35:00,17.1,3.4,8.7,14.8,52,0.0,0.0,0.0,0.0,0.0,0.23,28.45,68,1,132.1,,,28.45,356,2.9,1,308.0,308.0
2024-03-18 09:40:00-05:00,2024-03-18 09:40:00,17.8,3.8,3.8,14.8,244,0.0,0.0,0.0,0.0,0.0,0.23,28.45,67,1,146.8,,,28.45,191,2.2,1,308.0,308.0
2024-03-18 09:45:00-05:00,2024-03-18 09:45:00,18.5,2.5,4.5,14.8,344,0.0,0.0,0.0,0.0,0.0,0.23,28.45,66,1,171.3,,,28.45,285,2.0,1,308.0,308.0
2024-03-18 09:50:00-05:00,2024-03-18 09:50:00,18.5,2.9,3.4,14.8,331,0.0,0.0,0.0,0.0,0.0,0.23,28.45,67,1,170.0,,,28.45,0,2.2,1,308.0,308.0
2024-03-18 09:55:00-05:00,2024-03-18 09:55:00,19.4,2.0,3.6,14.8,0,0.0,0.0,0.0,0.0,0.0,0.23,28.46,65,1,183.5,,,28.46,319,2.0,1,308.0,308.0
2024-03-18 10:00:00-05:00,2024-03-18 10:00:00,18.5,2.9,8.5,14.8,297,0.0,0.0,0.0,0.0,0.0,0.23,28.45,66,1,201.8,,,28.45,275,2.2,1,308.0,308.0
2024-03-18 10:05:00-05:00,2024-03-18 10:05:00,18.7,3.6,6.3,14.8,324,0.0,0.0,0.0,0.0,0.0,0.23,28.45,65,1,200.6,,,28.45,318,3.8,1,308.0,308.0
2024-03-18 10:10:00-05:00,2024-03-18 10:10:00,18.7,3.1,8.1,14.8,348,0.0,0.0,0.0,0.0,0.0,0.23,28.45,65,2,226.3,,,28.45,352,4.3,1,308.0,308.0
2024-03-18 10:15:00-05:00,2024-03-18 10:15:00,18.7,1.8,8.5,14.8,279,0.0,0.0,0.0,0.0,0.0,0.23,28.45,65,2,238.5,,,28.45,281,4.3,1,308.0,308.0
2024-03-18 10:20:00-05:00,2024-03-18 10:20:00,20.7,2.2,5.6,14.8,266,0.0,0.0,0.0,0.0,0.0,0.23,28.45,62,2,236.1,,,28.45,282,3.1,1,308.0,308.0
2024-03-18 10:25:00-05:00,2024-03-18 10:25:00,20.1,3.4,6.7,14.8,338,0.0,0.0,0.0,0.0,0.0,0.23,28.45,62,2,241.0,,,28.45,280,2.5,1,308.0,308.0
2024-03-18 10:30:00-05:00,2024-03-18 10:30:00,19.8,3.8,8.1,14.8,0,0.0,0.0,0.0,0.0,0.0,0.23,28.46,63,2,280.1,,,28.46,326,4.0,1,308.0,308.0
2024-03-18 10:35:00-05:00,2024-03-18 10:35:00,20.7,0.0,6.9,14.8,349,0.0,0.0,0.0,0.0,0.0,0.23,28.45,62,2,298.5,,,28.45,357,4.5,1,308.0,308.0
2024-03-18 10:40:00-05:00,2024-03-18 10:40:00,19.9,4.0,6.9,14.8,7,0.0,0.0,0.0,0.0,0.0,0.23,28.45,63,2,303.4,,,28.45,357,2.5,1,308.0,308.0
2024-03-18 10:45:00-05:00,2024-03-18 10:45:00,21.2,0.0,5.6,14.8,299,0.0,0.0,0.0,0.0,0.0,0.23,28.44,60,3,313.2,,,28.44,356,3.1,1,308.0,308.0
2024-03-18 10:50:00-05:00,2024-03-18 10:50:00,21.4,3.8,8.7,14.8,267,0.0,0.0,0.0,0.0,0.0,0.23,28.44,58,2,292.3,,,28.44,352,2.5,1,308.0,308.0
2024-03-18 10:55:00-05:00,2024-03-18 10:55:00,21.7,2.9,6.3,14.8,32,0.0,0.0,0.0,0.0,0.0,0.23,28.44,59,2,266.7,,,28.44,307,2.2,1,308.0,308.0
2024-03-18 11:00:00-05:00,2024-03-18 11:00:00,21.2,2.2,9.2,14.8,299,0.0,0.0,0.0,0.0,0.0,0.23,28.44,59,3,343.7,,,28.44,328,3.8,1,308.0,308.0
2024-03-18 11:05:00-05:00,2024-03-18 11:05:00,22.3,3.1,13.4,14.8,292,0.0,0.0,0.0,0.0,0.0,0.23,28.44,58,3,378.0,,,28.44,333,3.8,1,308.0,308.0
2024-03-18 11:10:00-05:00,2024-03-18 11:10:00,22.1,2.9,17.2,17.2,276,0.0,0.0,0.0,0.0,0.0,0.23,28.43,58,3,373.1,,,28.43,303,2.9,1,308.0,308.0
2024-03-18 11:15:00-05:00,2024-03-18 11:15:00,22.6,5.8,6.0,17.2,327,0.0,0.0,0.0,0.0,0.0,0.23,28.43,58,3,381.7,,,28.43,336,2.7,1,308.0,308.0
2024-03-18 11:20:00-05:00,2024-03-18 11:20:00,23.2,5.8,6.0,17.2,252,0.0,0.0,0.0,0.0,0.0,0.23,28.44,56,3,364.6,,,28.44,336,3.4,1,308.0,308.0
2024-03-18 11:25:00-05:00,2024-03-18 11:25:00,23.9,4.9,7.6,17.2,218,0.0,0.0,0.0,0.0,0.0,0.23,28.43,55,3,345.0,,,28.43,253,3.4,1,308.0,308.0
2024-03-18 11:30:00-05:00,2024-03-18 11:30:00,23.0,1.8,14.3,17.2,293,0.0,0.0,0.0,0.0,0.0,0.23,28.43,58,3,387.8,,,28.43,248,3.6,1,308.0,308.0
2024-03-18 11:35:00-05:00,2024-03-18 11:35:00,23.4,2.9,9.4,17.2,358,0.0,0.0,0.0,0.0,0.0,0.23,28.42,58,3,407.3,,,28.42,252,4.0,1,308.0,308.0
2024-03-18 11:40:00-05:00,2024-03-18 11:40:00,24.8,3.8,7.2,17.2,270,0.0,0.0,0.0,0.0,0.0,0.23,28.43,54,4,442.9,,,28.43,264,3.4,1,308.0,308.0
2024-03-18 11:45:00-05:00,2024-03-18 11:45:00,25.3,5.1,8.9,17.2,286,0.0,0.0,0.0,0.0,0.0,0.23,28.42,52,4,473.4,,,28.42,286,2.7,1,308.0,308.0
2024-03-18 11:50:00-05:00,2024-03-18 11:50:00,24.4,1.6,14.3,17.2,319,0.0,0.0,0.0,0.0,0.0,0.23,28.43,54,4,507.7,,,28.43,312,3.8,1,308.0,308.0
2024-03-18 11:55:00-05:00,2024-03-18 11:55:00,25.0,3.6,8.1,17.2,336,0.0,0.0,0.0,0.0,0.0,0.23,28.41,52,5,546.8,,,28.41,343,4.5,1,308.0,308.0
2024-03-18 12:00:00-05:00,2024-03-18 12:00:00,26.1,3.1,6.3,17.2,286,0.0,0.0,0.0,0.0,0.0,0.23,28.42,51,5,553.0,,,28.42,340,4.5,1,308.0,308.0
2024-03-18 12:05:00-05:00,2024-03-18 12:05:00,25.5,3.4,10.1,17.2,356,0.0,0.0,0.0,0.0,0.0,0.23,28.41,52,4,506.5,,,28.41,311,4.0,1,308.0,308.0
2024-03-18 12:10:00-05:00,2024-03-18 12:10:00,26.6,6.7,8.5,17.2,257,0.0,0.0,0.0,0.0,0.0,0.23,28.42,49,5,537.0,,,28.42,315,3.6,1,308.0,308.0
2024-03-18 12:15:00-05:00,2024-03-18 12:15:00,26.4,3.1,5.8,17.2,331,0.0,0.0,0.0,0.0,0.0,0.23,28.41,49,5,541.9,,,28.41,270,3.6,1,308.0,308.0
2024-03-18 12:20:00-05:00,2024-03-18 12:20:00,27.3,0.0,6.7,17.2,270,0.0,0.0,0.0,0.0,0.0,0.23,28.41,49,5,559.0,,,28.41,304,3.4,1,308.0,308.0
2024-03-18 12:25:00-05:00,2024-03-18 12:25:00,25.5,8.9,12.3,17.2,251,0.0,0.0,0.0,0.0,0.0,0.23,28.39,50,5,513.8,,,28.39,254,3.6,1,308.0,308.0
2024-03-18 12:30:00-05:00,2024-03-18 12:30:00,26.6,5.6,13.2,17.2,272,0.0,0.0,0.0,0.0,0.0,0.23,28.4,48,4,511.4,,,28.4,272,5.6,1,308.0,308.0
2024-03-18 12:35:00-05:00,2024-03-18 12:35:00,27.5,1.3,7.4,17.2,276,0.0,0.0,0.0,0.0,0.0,0.23,28.4,48,5,582.3,,,28.4,90,2.9,1,308.0,308.0
2024-03-18 12:40:00-05:00,2024-03-18 12:40:00,28.0,4.3,10.7,17.2,336,0.0,0.0,0.0,0.0,0.0,0.23,28.39,48,5,546.8,,,28.39,301,2.9,1,308.0,308.0
2024-03-18 12:45:00-05:00,2024-03-18 12:45:00,28.6,6.3,8.9,17.2,349,0.0,0.0,0.0,0.0,0.0,0.23,28.39,46,5,576.2,,,28.39,344,3.6,1,308.0,308.0
2024-03-18 12:50:00-05:00,2024-03-18 12:50:00,28.9,3.6,8.5,17.2,2,0.0,0.0,0.0,0.0,0.0,0.23,28.38,46,5,557.9,,,28.38,0,3.4,1,308.0,308.0
2024-03-18 12:56:00-05:00,2024-03-18 12:56:00,30.9,7.2,8.9,17.2,287,0.0,0.0,0.0,0.0,0.0,0.23,28.39,42,5,592.1,,,28.39,332,3.1,1,308.0,308.0
2024-03-18 13:00:00-05:00,2024-03-18 13:00:00,29.1,3.4,5.6,17.2,303,0.0,0.0,0.0,0.0,0.0,0.23,28.38,45,5,539.5,,,28.38,294,3.1,1,308.0,308.0
2024-03-18 13:05:00-05:00,2024-03-18 13:05:00,30.6,6.3,9.4,17.2,236,0.0,0.0,0.0,0.0,0.0,0.23,28.38,44,5,594.5,,,28.38,294,2.9,1,308.0,308.0
2024-03-18 13:10:00-05:00,2024-03-18 13:10:00,30.6,2.2,10.5,17.2,262,0.0,0.0,0.0,0.0,0.0,0.23,28.37,42,5,526.0,,,28.37,225,3.6,1,308.0,308.0
2024-03-18 13:15:00-05:00,2024-03-18 13:15:00,30.4,1.3,10.7,17.2,196,0.0,0.0,0.0,0.0,0.0,0.23,28.37,44,5,555.4,,,28.37,248,4.9,1,308.0,308.0
2024-03-18 13:20:00-05:00,2024-03-18 13:20:00,29.7,3.6,8.9,17.2,263,0.0,0.0,0.0,0.0,0.0,0.23,28.36,44,5,553.0,,,28.36,222,4.9,1,308.0,308.0
2024-03-18 13:25:00-05:00,2024-03-18 13:25:00,30.4,7.2,9.2,17.2,260,0.0,0.0,0.0,0.0,0.0,0.23,28.37,43,5,549.3,,,28.37,356,3.8,1,308.0,308.0
2024-03-18 13:30:00-05:00,2024-03-18 13:30:00,30.6,6.9,13.4,17.2,258,0.0,0.0,0.0,0.0,0.0,0.23,28.36,43,5,539.5,,,28.36,207,4.9,1,308.0,308.0
2024-03-18 13:35:00-05:00,2024-03-18 13:35:00,30.2,6.0,13.0,17.2,244,0.0,0.0,0.0,0.0,0.0,0.23,28.36,45,5,566.4,,,28.36,333,5.4,1,308.0,308.0
2024-03-18 13:40:00-05:00,2024-03-18 13:40:00,32.7,8.1,14.1,17.2,230,0.0,0.0,0.0,0.0,0.0,0.23,28.35,42,4,486.9,,,28.35,226,4.7,1,308.0,308.0
2024-03-18 13:45:00-05:00,2024-03-18 13:45:00,30.7,8.1,12.1,17.2,241,0.0,0.0,0.0,0.0,0.0,0.23,28.34,44,5,521.1,,,28.34,314,5.8,1,308.0,308.0
2024-03-18 13:50:00-05:00,2024-03-18 13:50:00,31.5,0.0,9.4,17.2,263,0.0,0.0,0.0,0.0,0.0,0.23,28.34,43,5,551.7,,,28.34,263,6.0,1,308.0,308.0
2024-03-18 13:55:00-05:00,2024-03-18 13:55:00,32.2,1.6,7.2,17.2,350,0.0,0.0,0.0,0.0,0.0,0.23,28.34,42,5,540.7,,,28.34,250,3.6,1,308.0,308.0
2024-03-18 14:00:00-05:00,2024-03-18 14:00:00,31.8,4.0,16.1,20.1,221,0.0,0.0,0.0,0.0,0.0,0.23,28.34,43,4,510.1,,,28.34,260,4.9,1,308.0,308.0
2024-03-18 14:05:00-05:00,2024-03-18 14:05:00,32.7,8.9,19.7,20.1,242,0.0,0.0,0.0,0.0,0.0,0.23,28.33,40,5,527.2,,,28.33,255,4.7,1,308.0,308.0
2024-03-18 14:10:00-05:00,2024-03-18 14:10:00,32.4,7.2,11.9,20.1,318,0.0,0.0,0.0,0.0,0.0,0.23,28.33,40,5,532.1,,,28.33,244,4.9,1,308.0,308.0
2024-03-18 14:15:00-05:00,2024-03-18 14:15:00,32.4,2.9,15.7,20.1,273,0.0,0.0,0.0,0.0,0.0,0.23,28.34,39,5,529.7,,,28.34,253,4.9,1,308.0,308.0
2024-03-18 14:20:00-05:00,2024-03-18 14:20:00,32.0,5.8,11.2,20.1,265,0.0,0.0,0.0,0.0,0.0,0.23,28.32,39,4,505.2,,,28.32,252,5.6,1,308.0,308.0
2024-03-18 14:25:00-05:00,2024-03-18 14:25:00,34.2,6.5,9.6,20.1,222,0.0,0.0,0.0,0.0,0.0,0.23,28.32,39,4,491.8,,,28.32,254,5.4,1,308.0,308.0
2024-03-18 14:30:00-05:00,2024-03-18 14:30:00,34.2,6.3,9.6,20.1,228,0.0,0.0,0.0,0.0,0.0,0.23,28.31,39,4,507.7,,,28.31,246,4.5,1,308.0,308.0
2024-03-18 14:35:00-05:00,2024-03-18 14:35:00,33.1,3.4,15.7,20.1,260,0.0,0.0,0.0,0.0,0.0,0.23,28.3,39,5,512.5,,,28.3,221,5.1,1,308.0,308.0
2024-03-18 14:40:00-05:00,2024-03-18 14:40:00,34.3,6.9,10.3,20.1,239,0.0,0.0,0.0,0.0,0.0,0.23,28.31,38,4,507.7,,,28.31,260,4.7,1,308.0,308.0
2024-03-18 14:45:00-05:00,2024-03-18 14:45:00,34.3,3.6,12.3,20.1,315,0.0,0.0,0.0,0.0,0.0,0.23,28.3,38,4,484.4,,,28.3,244,5.1,1,308.0,308.0
2024-03-18 14:50:00-05:00,2024-03-18 14:50:00,34.3,5.6,13.9,20.1,270,0.0,0.0,0.0,0.0,0.0,0.23,28.29,37,4,506.5,,,28.29,252,6.0,1,308.0,308.0
2024-03-18 14:56:00-05:00,2024-03-18 14:56:00,33.6,3.6,13.0,20.1,287,0.0,0.0,0.0,0.0,0.0,0.23,28.29,37,4,489.3,,,28.29,249,6.3,1,308.0,308.0
2024-03-18 15:00:00-05:00,2024-03-18 15:00:00,35.2,4.5,8.9,20.1,276,0.0,0.0,0.0,0.0,0.0,0.23,28.29,36,4,500.3,,,28.29,247,5.8,1,308.0,308.0
2024-03-18 15:05:00-05:00,2024-03-18 15:05:00,35.4,2.0,9.4,20.1,315,0.0,0.0,0.0,0.0,0.0,0.23,28.29,36,4,499.1,,,28.29,282,5.8,1,308.0,308.0
2024-03-18 15:10:00-05:00,2024-03-18 15:10:00,36.3,8.7,15.4,20.1,250,0.0,0.0,0.0,0.0,0.0,0.23,28.29,34,4,496.7,,,28.29,230,5.8,1,308.0,308.0
2024-03-18 15:15:00-05:00,2024-03-18 15:15:00,35.1,6.7,17.4,20.1,270,0.0,0.0,0.0,0.0,0.0,0.23,28.29,36,4,480.7,,,28.29,245,6.0,1,308.0,308.0
2024-03-18 15:20:00-05:00,2024-03-18 15:20:00,36.9,3.1,16.6,20.1,256,0.0,0.0,0.0,0.0,0.0,0.23,28.28,35,4,480.7,,,28.28,242,5.8,1,308.0,308.0
2024-03-18 15:25:00-05:00,2024-03-18 15:25:00,36.9,9.2,10.5,20.1,215,0.0,0.0,0.0,0.0,0.0,0.23,28.28,35,4,500.3,,,28.28,263,4.9,1,308.0,308.0
2024-03-18 15:30:00-05:00,2024-03-18 15:30:00,36.1,6.3,17.7,20.1,250,0.0,0.0,0.0,0.0,0.0,0.23,28.27,35,4,473.4,,,28.27,294,5.6,1,308.0,308.0
2024-03-18 15:35:00-05:00,2024-03-18 15:35:00,36.0,6.7,12.5,20.1,248,0.0,0.0,0.0,0.0,0.0,0.23,28.26,35,4,494.2,,,28.26,248,6.7,1,308.0,308.0
2024-03-18 15:40:00-05:00,2024-03-18 15:40:00,37.8,6.3,9.4,20.1,248,0.0,0.0,0.0,0.0,0.0,0.23,28.26,34,4,491.8,,,28.26,290,4.5,1,308.0,308.0
2024-03-18 15:45:00-05:00,2024-03-18 15:45:00,38.5,4.5,9.6,20.1,194,0.0,0.0,0.0,0.0,0.0,0.23,28.26,33,4,484.4,,,28.26,217,4.5,1,308.0,308.0
2024-03-18 15:50:00-05:00,2024-03-18 15:50:00,37.9,4.9,14.5,20.1,259,0.0,0.0,0.0,0.0,0.0,0.23,28.25,32,4,440.4,,,28.25,225,5.8,1,308.0,308.0
2024-03-18 15:55:00-05:00,2024-03-18 15:55:00,38.8,5.6,11.6,20.1,268,0.0,0.0,0.0,0.0,0.0,0.23,28.25,32,4,444.0,,,28.25,220,5.6,1,308.0,308.0
2024-03-18 16:00:00-05:00,2024-03-18 16:00:00,38.7,5.8,12.8,20.1,220,0.0,0.0,0.0,0.0,0.0,0.23,28.25,32,4,429.4,,,28.25,225,4.9,1,308.0,308.0
2024-03-18 16:05:00-05:00,2024-03-18 16:05:00,38.1,6.7,20.8,20.8,278,0.0,0.0,0.0,0.0,0.0,0.23,28.25,32,4,430.6,,,28.25,250,5.6,1,308.0,308.0
2024-03-18 16:10:00-05:00,2024-03-18 16:10:00,38.8,6.0,22.4,22.4,308,0.0,0.0,0.0,0.0,0.0,0.23,28.25,32,4,442.9,,,28.25,245,4.7,1,308.0,308.0
2024-03-18 16:15:00-05:00,2024-03-18 16:15:00,38.8,8.7,14.5,22.4,199,0.0,0.0,0.0,0.0,0.0,0.23,28.25,33,4,500.3,,,28.25,248,5.1,1,308.0,308.0
2024-03-18 16:20:00-05:00,2024-03-18 16:20:00,38.7,1.8,13.9,22.4,301,0.0,0.0,0.0,0.0,0.0,0.23,28.25,33,2,297.2,,,28.25,244,5.1,1,308.0,308.0
2024-03-18 16:25:00-05:00,2024-03-18 16:25:00,38.1,4.3,13.6,22.4,236,0.0,0.0,0.0,0.0,0.0,0.23,28.24,31,2,249.6,,,28.24,274,4.9,1,308.0,308.0
2024-03-18 16:30:00-05:00,2024-03-18 16:30:00,38.3,13.4,13.9,22.4,142,0.0,0.0,0.0,0.0,0.0,0.23,28.24,32,2,281.4,,,28.24,195,5.4,1,308.0,308.0
2024-03-18 16:35:00-05:00,2024-03-18 16:35:00,39.2,1.8,9.2,22.4,184,0.0,0.0,0.0,0.0,0.0,0.23,28.24,32,2,270.3,,,28.24,187,4.5,1,308.0,308.0
2024-03-18 16:40:00-05:00,2024-03-18 16:40:00,39.0,6.7,13.0,22.4,203,0.0,0.0,0.0,0.0,0.0,0.23,28.23,31,3,314.4,,,28.23,248,4.9,1,308.0,308.0
2024-03-18 16:45:00-05:00,2024-03-18 16:45:00,40.5,4.3,14.5,22.4,200,0.0,0.0,0.0,0.0,0.0,0.23,28.23,30,4,412.2,,,28.23,255,5.1,1,308.0,308.0
2024-03-18 16:50:00-05:00,2024-03-18 16:50:00,39.4,3.4,11.6,22.4,238,0.0,0.0,0.0,0.0,0.0,0.23,28.23,31,2,270.3,,,28.23,255,5.8,1,308.0,308.0
2024-03-18 16:55:00-05:00,2024-03-18 16:55:00,39.6,2.7,13.6,22.4,222,0.0,0.0,0.0,0.0,0.0,0.23,28.23,31,2,247.1,,,28.23,252,5.8,1,308.0,308.0
2024-03-18 17:00:00-05:00,2024-03-18 17:00:00,38.8,11.4,17.4,22.4,256,0.0,0.0,0.0,0.0,0.0,0.23,28.22,31,2,211.6,,,28.22,246,4.7,1,308.0,308.0
2024-03-18 17:05:00-05:00,2024-03-18 17:05:00,38.8,3.6,14.1,22.4,199,0.0,0.0,0.0,0.0,0.0,0.23,28.22,31,2,236.1,,,28.22,290,5.6,1,308.0,308.0
2024-03-18 17:10:00-05:00,2024-03-18 17:10:00,38.7,10.7,16.6,22.4,236,0.0,0.0,0.0,0.0,0.0,0.23,28.21,31,1,173.7,,,28.21,245,6.7,1,308.0,308.0
2024-03-18 17:15:00-05:00,2024-03-18 17:15:00,38.5,11.4,13.9,22.4,233,0.0,0.0,0.0,0.0,0.0,0.23,28.21,31,2,223.8,,,28.21,205,6.5,1,308.0,308.0
2024-03-18 17:20:00-05:00,2024-03-18 17:20:00,39.2,5.6,18.3,22.4,222,0.0,0.0,0.0,0.0,0.0,0.23,28.2,31,2,204.3,,,28.2,249,5.8,1,308.0,308.0
2024-03-18 17:25:00-05:00,2024-03-18 17:25:00,39.2,2.7,9.6,22.4,243,0.0,0.0,0.0,0.0,0.0,0.23,28.2,31,1,201.8,,,28.2,222,4.9,1,308.0,308.0
2024-03-18 17:30:00-05:00,2024-03-18 17:30:00,39.2,4.3,11.2,22.4,200,0.0,0.0,0.0,0.0,0.0,0.23,28.2,31,2,258.1,,,28.2,222,4.7,1,308.0,308.0
2024-03-18 17:35:00-05:00,2024-03-18 17:35:00,40.3,7.4,13.6,22.4,218,0.0,0.0,0.0,0.0,0.0,0.23,28.2,30,2,248.3,,,28.2,223,4.3,1,308.0,308.0
2024-03-18 17:40:00-05:00,2024-03-18 17:40:00,40.1,8.7,16.3,22.4,269,0.0,0.0,0.0,0.0,0.0,0.23,28.2,30,2,220.2,,,28.2,181,4.5,1,308.0,308.0
2024-03-18 17:45:00-05:00,2024-03-18 17:45:00,39.4,9.4,16.6,30.6,253,0.0,0.0,0.0,0.0,0.0,0.23,28.2,30,2,227.6,,,28.2,243,6.9,1,308.0,308.0
2024-03-18 17:50:00-05:00,2024-03-18 17:50:00,40.3,8.5,16.6,30.6,257,0.0,0.0,0.0,0.0,0.0,0.23,28.19,30,1,198.2,,,28.19,245,6.0,1,308.0,308.0
2024-03-18 17:55:00-05:00,2024-03-18 17:55:00,39.9,1.3,14.8,30.6,206,0.0,0.0,0.0,0.0,0.0,0.23,28.19,30,1,187.1,,,28.19,238,5.1,1,308.0,308.0
2024-03-18 18:00:00-05:00,2024-03-18 18:00:00,39.9,4.3,14.1,30.6,211,0.0,0.0,0.0,0.0,0.0,0.23,28.19,30,1,163.9,,,28.19,254,5.8,1,308.0,308.0
2024-03-18 18:05:00-05:00,2024-03-18 18:05:00,40.3,8.1,17.0,30.6,203,0.0,0.0,0.0,0.0,0.0,0.23,28.18,29,1,165.1,,,28.18,260,4.3,1,308.0,308.0
2024-03-18 18:10:00-05:00,2024-03-18 18:10:00,40.1,0.0,13.2,30.6,192,0.0,0.0,0.0,0.0,0.0,0.23,28.18,30,1,154.1,,,28.18,217,4.3,1,308.0,308.0
2024-03-18 18:15:00-05:00,2024-03-18 18:15:00,39.9,3.1,18.1,30.6,222,0.0,0.0,0.0,0.0,0.0,0.23,28.18,30,1,137.0,,,28.18,264,5.8,1,308.0,308.0
2024-03-18 18:20:00-05:00,2024-03-18 18:20:00,40.6,8.5,8.5,30.6,241,0.0,0.0,0.0,0.0,0.0,0.23,28.17,29,1,128.4,,,28.17,228,5.1,1,308.0,308.0
2024-03-18 18:25:00-05:00,2024-03-18 18:25:00,40.5,2.0,15.0,30.6,275,0.0,0.0,0.0,0.0,0.0,0.23,28.16,29,1,116.2,,,28.16,244,3.4,1,308.0,308.0
2024-03-18 18:30:00-05:00,2024-03-18 18:30:00,40.5,4.7,11.4,30.6,203,0.0,0.0,0.0,0.0,0.0,0.23,28.16,29,0,95.4,,,28.16,250,4.3,1,308.0,308.0
2024-03-18 18:35:00-05:00,2024-03-18 18:35:00,40.5,6.3,12.8,30.6,222,0.0,0.0,0.0,0.0,0.0,0.23,28.16,29,0,89.3,,,28.16,231,4.5,1,308.0,308.0
2024-03-18 18:40:00-05:00,2024-03-18 18:40:00,40.3,1.6,8.9,30.6,236,0.0,0.0,0.0,0.0,0.0,0.23,28.15,30,0,74.6,,,28.15,195,4.3,1,308.0,308.0
2024-03-18 18:45:00-05:00,2024-03-18 18:45:00,40.5,3.1,11.0,30.6,218,0.0,0.0,0.0,0.0,0.0,0.23,28.15,30,0,64.8,,,28.15,192,3.6,1,308.0,308.0
2024-03-18 18:50:00-05:00,2024-03-18 18:50:00,40.1,2.9,14.8,30.6,233,0.0,0.0,0.0,0.0,0.0,0.23,28.14,30,0,34.3,,,28.14,198,3.6,1,308.0,308.0
2024-03-18 18:55:00-05:00,2024-03-18 18:55:00,39.6,4.7,7.8,30.6,196,0.0,0.0,0.0,0.0,0.0,0.23,28.14,31,0,26.9,,,28.14,225,3.6,1,308.0,308.0
2024-03-18 19:00:00-05:00,2024-03-18 19:00:00,39.6,5.8,10.3,30.6,199,0.0,0.0,0.0,0.0,0.0,0.23,28.13,31,0,24.5,,,28.13,216,3.6,1,308.0,308.0
2024-03-18 19:05:00-05:00,2024-03-18 19:05:00,39.6,5.6,7.8,30.6,273,0.0,0.0,0.0,0.0,0.0,0.23,28.13,31,0,20.8,,,28.13,204,5.1,1,308.0,308.0
2024-03-18 19:10:00-05:00,2024-03-18 19:10:00,39.4,4.7,11.4,30.6,196,0.0,0.0,0.0,0.0,0.0,0.23,28.13,30,0,17.1,,,28.13,229,4.9,1,308.0,308.0
2024-03-18 19:15:00-05:00,2024-03-18 19:15:00,39.2,3.6,10.7,30.6,226,0.0,0.0,0.0,0.0,0.0,0.23,28.13,30,0,14.7,,,28.13,235,4.3,1,308.0,308.0
2024-03-18 19:20:00-05:00,2024-03-18 19:20:00,38.8,2.5,14.3,30.6,208,0.0,0.0,0.0,0.0,0.0,0.23,28.13,30,0,11.0,,,28.13,196,4.0,1,308.0,308.0
2024-03-18 19:25:00-05:00,2024-03-18 19:25:00,38.5,3.8,9.2,30.6,236,0.0,0.0,0.0,0.0,0.0,0.23,28.13,31,0,6.1,,,28.13,231,2.7,1,308.0,308.0
2024-03-18 19:30:00-05:00,2024-03-18 19:30:00,38.1,1.3,7.6,30.6,206,0.0,0.0,0.0,0.0,0.0,0.23,28.13,31,0,3.6,,,28.13,225,2.7,1,308.0,308.0
2024-03-18 19:35:00-05:00,2024-03-18 19:35:00,38.1,3.6,5.4,30.6,217,0.0,0.0,0.0,0.0,0.0,0.23,28.14,31,0,1.2,,,28.14,194,2.7,1,308.0,308.0
2024-03-18 19:40:00-05:00,2024-03-18 19:40:00,38.1,2.7,4.9,30.6,195,0.0,0.0,0.0,0.0,0.0,0.23,28.13,32,0,0.0,,,28.13,194,2.7,1,308.0,308.0
2024-03-18 19:45:00-05:00,2024-03-18 19:45:00,37.8,4.9,10.5,30.6,177,0.0,0.0,0.0,0.0,0.0,0.23,28.13,32,0,0.0,,,28.13,206,2.7,1,308.0,308.0
2024-03-18 19:50:00-05:00,2024-03-18 19:50:00,37.4,6.5,8.3,30.6,162,0.0,0.0,0.0,0.0,0.0,0.23,28.13,33,0,0.0,,,28.13,154,3.1,1,308.0,308.0
2024-03-18 19:55:00-05:00,2024-03-18 19:55:00,37.2,9.2,11.2,30.6,209,0.0,0.0,0.0,0.0,0.0,0.23,28.13,33,0,0.0,,,28.13,215,3.8,1,308.0,308.0
2024-03-18 20:00:00-05:00,2024-03-18 20:00:00,37.2,3.1,11.4,30.6,192,0.0,0.0,0.0,0.0,0.0,0.23,28.12,33,0,0.0,,,28.12,217,2.5,1,308.0,308.0
2024-03-18 20:05:00-05:00,2024-03-18 20:05:00,36.9,4.5,6.5,30.6,217,0.0,0.0,0.0,0.0,0.0,0.23,28.11,33,0,0.0,,,28.11,204,2.7,1,308.0,308.0
2024-03-18 20:10:00-05:00,2024-03-18 20:10:00,36.5,2.5,4.5,30.6,212,0.0,0.0,0.0,0.0,0.0,0.23,28.11,34,0,0.0,,,28.11,207,3.8,1,308.0,308.0
2024-03-18 20:15:00-05:00,2024-03-18 20:15:00,36.3,2.2,9.2,30.6,198,0.0,0.0,0.0,0.0,0.0,0.23,28.11,34,0,0.0,,,28.11,214,3.8,1,308.0,308.0
2024-03-18 20:20:00-05:00,2024-03-18 20:20:00,36.3,3.4,6.5,30.6,203,0.0,0.0,0.0,0.0,0.0,0.23,28.11,34,0,0.0,,,28.11,210,3.1,1,308.0,308.0
2024-03-18 20:25:00-05:00,2024-03-18 20:25:00,36.3,6.3,9.4,30.6,204,0.0,0.0,0.0,0.0,0.0,0.23,28.1,33,0,0.0,,,28.1,201,3.4,1,308.0,308.0
2024-03-18 20:30:00-05:00,2024-03-18 20:30:00,36.0,3.4,7.6,30.6,192,0.0,0.0,0.0,0.0,0.0,0.23,28.09,34,0,0.0,,,28.09,198,4.5,1,308.0,308.0
2024-03-18 20:35:00-05:00,2024-03-18 20:35:00,35.8,5.6,7.2,30.6,209,0.0,0.0,0.0,0.0,0.0,0.23,28.1,34,0,0.0,,,28.1,186,4.0,1,308.0,308.0
2024-03-18 20:40:00-05:00,2024-03-18 20:40:00,35.6,2.7,5.6,30.6,191,0.0,0.0,0.0,0.0,0.0,0.23,28.09,34,0,0.0,,,28.09,209,3.4,1,308.0,308.0
2024-03-18 20:45:00-05:00,2024-03-18 20:45:00,35.6,4.5,12.1,30.6,196,0.0,0.0,0.0,0.0,0.0,0.23,28.09,34,0,0.0,,,28.09,194,3.4,1,308.0,308.0
2024-03-18 20:50:00-05:00,2024-03-18 20:50:00,35.4,3.1,8.9,30.6,198,0.0,0.0,0.0,0.0,0.0,0.23,28.09,34,0,0.0,,,28.09,185,4.9,1,308.0,308.0
2024-03-18 20:55:00-05:00,2024-03-18 20:55:00,35.2,4.0,6.7,30.6,213,0.0,0.0,0.0,0.0,0.0,0.23,28.09,35,0,0.0,,,28.09,191,4.9,1,308.0,308.0
2024-03-18 21:00:00-05:00,2024-03-18 21:00:00,35.2,6.3,7.2,30.6,179,0.0,0.0,0.0,0.0,0.0,0.23,28.09,35,0,0.0,,,28.09,196,4.7,1,308.0,308.0
2024-03-18 21:05:00-05:00,2024-03-18 21:05:00,35.2,6.7,10.1,30.6,191,0.0,0.0,0.0,0.0,0.0,0.23,28.08,36,0,0.0,,,28.08,187,4.5,1,308.0,308.0
2024-03-18 21:10:00-05:00,2024-03-18 21:10:00,35.2,10.3,10.3,30.6,141,0.0,0.0,0.0,0.0,0.0,0.23,28.08,36,0,0.0,,,28.08,203,4.3,1,308.0,308.0
2024-03-18 21:15:00-05:00,2024-03-18 21:15:00,35.1,4.3,9.6,30.6,153,0.0,0.0,0.0,0.0,0.0,0.23,28.08,37,0,0.0,,,28.08,211,4.5,1,308.0,308.0
2024-03-18 21:20:00-05:00,2024-03-18 21:20:00,35.1,2.5,10.7,30.6,209,0.0,0.0,0.0,0.0,0.0,0.23,28.08,38,0,0.0,,,28.08,196,4.0,1,308.0,308.0
2024-03-18 21:25:00-05:00,2024-03-18 21:25:00,34.9,0.0,7.6,30.6,178,0.0,0.0,0.0,0.0,0.0,0.23,28.08,38,0,0.0,,,28.08,173,4.0,1,308.0,308.0
2024-03-18 21:30:00-05:00,2024-03-18 21:30:00,34.7,6.5,8.9,30.6,198,0.0,0.0,0.0,0.0,0.0,0.23,28.08,38,0,0.0,,,28.08,189,3.8,1,308.0,308.0
2024-03-18 21:35:00-05:00,2024-03-18 21:35:00,34.7,4.3,10.5,30.6,217,0.0,0.0,0.0,0.0,0.0,0.23,28.07,38,0,0.0,,,28.07,207,4.9,1,308.0,308.0
2024-03-18 21:40:00-05:00,2024-03-18 21:40:00,34.3,3.4,10.5,30.6,208,0.0,0.0,0.0,0.0,0.0,0.23,28.07,39,0,0.0,,,28.07,199,4.9,1,308.0,308.0
2024-03-18 21:45:00-05:00,2024-03-18 21:45:00,34.3,5.4,8.5,30.6,182,0.0,0.0,0.0,0.0,0.0,0.23,28.07,39,0,0.0,,,28.07,201,4.3,1,308.0,308.0
2024-03-18 21:50:00-05:00,2024-03-18 21:50:00,34.3,4.7,9.4,30.6,185,0.0,0.0,0.0,0.0,0.0,0.23,28.07,39,0,0.0,,,28.07,210,3.1,1,308.0,308.0
2024-03-18 21:55:00-05:00,2024-03-18 21:55:00,34.0,5.8,13.0,30.6,171,0.0,0.0,0.0,0.0,0.0,0.23,28.06,40,0,0.0,,,28.06,190,3.8,1,308.0,308.0
2024-03-18 22:00:00-05:00,2024-03-18 22:00:00,33.8,2.9,9.8,30.6,160,0.0,0.0,0.0,0.0,0.0,0.23,28.05,40,0,0.0,,,28.05,204,4.9,1,308.0,308.0
2024-03-18 22:05:00-05:00,2024-03-18 22:05:00,33.4,7.8,7.8,30.6,138,0.0,0.0,0.0,0.0,0.0,0.23,28.05,40,0,0.0,,,28.05,180,3.6,1,308.0,308.0
2024-03-18 22:10:00-05:00,2024-03-18 22:10:00,33.3,6.5,7.6,30.6,146,0.0,0.0,0.0,0.0,0.0,0.23,28.04,40,0,0.0,,,28.04,174,4.7,1,308.0,308.0
2024-03-18 22:15:00-05:00,2024-03-18 22:15:00,33.1,5.1,7.2,30.6,191,0.0,0.0,0.0,0.0,0.0,0.23,28.03,40,0,0.0,,,28.03,174,5.1,1,308.0,308.0
2024-03-18 22:20:00-05:00,2024-03-18 22:20:00,32.9,2.7,9.4,30.6,135,0.0,0.0,0.0,0.0,0.0,0.23,28.03,40,0,0.0,,,28.03,202,5.4,1,308.0,308.0
2024-03-18 22:25:00-05:00,2024-03-18 22:25:00,33.1,3.6,13.4,30.6,150,0.0,0.0,0.0,0.0,0.0,0.23,28.04,39,0,0.0,,,28.04,173,4.7,1,308.0,308.0
2024-03-18 22:30:00-05:00,2024-03-18 22:30:00,32.9,6.5,9.8,30.6,200,0.0,0.0,0.0,0.0,0.0,0.23,28.03,39,0,0.0,,,28.03,195,4.3,1,308.0,308.0
2024-03-18 22:35:00-05:00,2024-03-18 22:35:00,32.9,6.5,8.5,30.6,152,0.0,0.0,0.0,0.0,0.0,0.23,28.02,40,0,0.0,,,28.02,142,5.1,1,308.0,308.0
2024-03-18 22:40:00-05:00,2024-03-18 22:40:00,33.1,6.0,11.4,30.6,151,0.0,0.0,0.0,0.0,0.0,0.23,28.02,39,0,0.0,,,28.02,162,5.8,1,308.0,308.0
2024-03-18 22:45:00-05:00,2024-03-18 22:45:00,33.3,7.4,13.4,30.6,172,0.0,0.0,0.0,0.0,0.0,0.23,28.02,39,0,0.0,,,28.02,161,5.8,1,308.0,308.0
2024-03-18 22:50:00-05:00,2024-03-18 22:50:00,33.3,2.9,11.0,30.6,196,0.0,0.0,0.0,0.0,0.0,0.23,28.02,40,0,0.0,,,28.02,180,6.0,1,308.0,308.0
2024-03-18 22:55:00-05:00,2024-03-18 22:55:00,33.3,5.6,14.8,30.6,179,0.0,0.0,0.0,0.0,0.0,0.23,28.01,40,0,0.0,,,28.01,173,5.6,1,308.0,308.0
2024-03-18 23:00:00-05:00,2024-03-18 23:00:00,33.4,10.5,14.3,30.6,183,0.0,0.0,0.0,0.0,0.0,0.23,28.01,39,0,0.0,,,28.01,173,5.1,1,308.0,308.0
2024-03-18 23:05:00-05:00,2024-03-18 23:05:00,33.6,4.0,15.2,30.6,148,0.0,0.0,0.0,0.0,0.0,0.23,28.01,39,0,0.0,,,28.01,196,5.6,1,308.0,308.0
2024-03-18 23:10:00-05:00,2024-03-18 23:10:00,33.6,6.3,13.9,30.6,141,0.0,0.0,0.0,0.0,0.0,0.23,28.0,39,0,0.0,,,28.0,141,4.9,1,308.0,308.0
2024-03-18 23:15:00-05:00,2024-03-18 23:15:00,33.6,8.5,11.2,30.6,151,0.0,0.0,0.0,0.0,0.0,0.23,28.0,40,0,0.0,,,28.0,150,4.9,1,308.0,308.0
2024-03-18 23:20:00-05:00,2024-03-18 23:20:00,33.6,4.5,13.2,30.6,183,0.0,0.0,0.0,0.0,0.0,0.23,27.99,40,0,0.0,,,27.99,200,5.4,1,308.0,308.0
2024-03-18 23:25:00-05:00,2024-03-18 23:25:00,33.8,12.8,14.1,30.6,189,0.0,0.0,0.0,0.0,0.0,0.23,27.99,39,0,0.0,,,27.99,180,5.4,1,308.0,308.0
2024-03-18 23:30:00-05:00,2024-03-18 23:30:00,33.8,5.1,11.0,30.6,154,0.0,0.0,0.0,0.0,0.0,0.23,28.0,39,0,0.0,,,28.0,182,5.6,1,308.0,308.0
2024-03-18 23:35:00-05:00,2024-03-18 23:35:00,33.8,3.4,8.7,30.6,106,0.0,0.0,0.0,0.0,0.0,0.23,27.99,39,0,0.0,,,27.99,187,4.5,1,308.0,308.0
2024-03-18 23:40:00-05:00,2024-03-18 23:40:00,33.8,0.0,6.7,30.6,155,0.0,0.0,0.0,0.0,0.0,0.23,27.99,40,0,0.0,,,27.99,175,4.5,1,308.0,308.0
2024-03-18 23:45:00-05:00,2024-03-18 23:45:00,34.0,5.8,10.1,30.6,188,0.0,0.0,0.0,0.0,0.0,0.23,27.99,40,0,0.0,,,27.99,149,3.8,1,308.0,308.0
2024-03-18 23:50:00-05:00,2024-03-18 23:50:00,33.8,6.0,10.3,30.6,197,0.0,0.0,0.0,0.0,0.0,0.23,27.98,40,0,0.0,,,27.98,183,3.6,1,308.0,308.0
2024-03-18 23:55:00-05:00,2024-03-18 23:55:00,33.6,1.3,6.0,30.6,131,0.0,0.0,0.0,0.0,0.0,0.23,27.98,41,0,0.0,,,27.98,194,3.4,1,308.0,308.0
2024-03-19 00:00:00-05:00,2024-03-19 00:00:00,33.8,1.3,6.0,30.6,157,0.0,0.0,0.0,0.0,0.0,0.23,27.98,40,0,0.0,,,27.98,137,3.4,1,308.0,308.0
2024-03-19 00:05:00-05:00,2024-03-19 00:05:00,34.2,0.0,3.1,7.2,106,0.0,0.0,0.0,0.0,0.0,0.23,27.97,40,0,0.0,,,27.97,140,2.0,1,308.0,308.0
2024-03-19 00:10:00-05:00,2024-03-19 00:10:00,34.0,3.6,5.8,7.2,176,0.0,0.0,0.0,0.0,0.0,0.23,27.97,40,0,0.0,,,27.97,135,2.0,1,308.0,308.0
2024-03-19 00:15:00-05:00,2024-03-19 00:15:00,33.8,2.2,8.1,8.1,174,0.0,0.0,0.0,0.0,0.0,0.23,27.97,41,0,0.0,,,27.97,180,2.9,1,308.0,308.0
2024-03-19 00:20:00-05:00,2024-03-19 00:20:00,34.0,2.2,4.3,8.1,135,0.0,0.0,0.0,0.0,0.0,0.23,27.97,41,0,0.0,,,27.97,183,2.9,1,308.0,308.0
2024-03-19 00:25:00-05:00,2024-03-19 00:25:00,34.2,3.1,4.3,8.1,140,0.0,0.0,0.0,0.0,0.0,0.23,27.96,41,0,0.0,,,27.96,173,2.7,1,308.0,308.0
2024-03-19 00:30:00-05:00,2024-03-19 00:30:00,34.2,4.7,5.6,8.1,186,0.0,0.0,0.0,0.0,0.0,0.23,27.96,41,0,0.0,,,27.96,186,2.5,1,308.0,308.0
2024-03-19 00:35:00-05:00,2024-03-19 00:35:00,34.2,1.6,2.7,8.1,195,0.0,0.0,0.0,0.0,0.0,0.23,27.95,41,0,0.0,,,27.95,157,2.5,1,308.0,308.0
2024-03-19 00:40:00-05:00,2024-03-19 00:40:00,34.2,2.5,6.5,8.1,152,0.0,0.0,0.0,0.0,0.0,0.23,27.95,41,0,0.0,,,27.95,177,3.1,1,308.0,308.0
2024-03-19 00:45:00-05:00,2024-03-19 00:45:00,34.5,2.0,3.8,8.1,183,0.0,0.0,0.0,0.0,0.0,0.23,27.95,40,0,0.0,,,27.95,177,3.1,1,308.0,308.0
2024-03-19 00:50:00-05:00,2024-03-19 00:50:00,34.5,1.8,2.9,8.1,143,0.0,0.0,0.0,0.0,0.0,0.23,27.95,40,0,0.0,,,27.95,135,2.0,1,308.0,308.0
2024-03-19 00:55:00-05:00,2024-03-19 00:55:00,34.5,0.0,4.3,8.1,195,0.0,0.0,0.0,0.0,0.0,0.23,27.95,40,0,0.0,,,27.95,180,2.2,1,308.0,308.0
2024-03-19 01:00:00-05:00,2024-03-19 01:00:00,34.5,1.6,6.0,8.1,190,0.0,0.0,0.0,0.0,0.0,0.23,27.95,40,0,0.0,,,27.95,148,2.5,1,308.0,308.0
2024-03-19 01:05:00-05:00,2024-03-19 01:05:00,35.1,1.3,6.5,8.1,180,0.0,0.0,0.0,0.0,0.0,0.23,27.94,40,0,0.0,,,27.94,160,2.5,1,308.0,308.0
2024-03-19 01:10:00-05:00,2024-03-19 01:10:00,35.1,1.8,5.1,8.1,180,0.0,0.0,0.0,0.0,0.0,0.23,27.94,39,0,0.0,,,27.94,176,2.0,1,308.0,308.0
2024-03-19 01:15:00-05:00,2024-03-19 01:15:00,35.2,0.0,3.4,8.1,180,0.0,0.0,0.0,0.0,0.0,0.23,27.93,39,0,0.0,,,27.93,180,2.0,1,308.0,308.0
2024-03-19 01:20:00-05:00,2024-03-19 01:20:00,35.6,1.6,4.7,8.1,201,0.0,0.0,0.0,0.0,0.0,0.23,27.93,39,0,0.0,,,27.93,199,1.6,1,308.0,308.0
2024-03-19 01:25:00-05:00,2024-03-19 01:25:00,36.0,1.6,5.6,8.1,127,0.0,0.0,0.0,0.0,0.0,0.23,27.93,39,0,0.0,,,27.93,195,2.0,1,308.0,308.0
2024-03-19 01:30:00-05:00,2024-03-19 01:30:00,36.3,1.3,3.6,8.1,154,0.0,0.0,0.0,0.0,0.0,0.23,27.93,39,0,0.0,,,27.93,146,2.0,1,308.0,308.0
2024-03-19 01:35:00-05:00,2024-03-19 01:35:00,36.3,3.6,6.3,8.1,208,0.0,0.0,0.0,0.0,0.0,0.23,27.94,40,0,0.0,,,27.94,180,1.8,1,308.0,308.0
2024-03-19 01:40:00-05:00,2024-03-19 01:40:00,36.3,2.5,4.7,8.1,217,0.0,0.0,0.0,0.0,0.0,0.23,27.93,40,0,0.0,,,27.93,188,2.0,1,308.0,308.0
2024-03-19 01:45:00-05:00,2024-03-19 01:45:00,36.3,1.8,2.9,8.1,30,0.0,0.0,0.0,0.0,0.0,0.23,27.93,40,0,0.0,,,27.93,187,2.0,1,308.0,308.0
2024-03-19 01:50:00-05:00,2024-03-19 01:50:00,36.3,1.3,2.7,8.1,349,0.0,0.0,0.0,0.0,0.0,0.23,27.94,40,0,0.0,,,27.94,187,1.6,1,308.0,308.0
2024-03-19 01:55:00-05:00,2024-03-19 01:55:00,36.0,1.3,3.8,8.1,220,0.0,0.0,0.0,0.0,0.0,0.23,27.94,41,0,0.0,,,27.94,180,1.8,1,308.0,308.0
2024-03-19 02:00:00-05:00,2024-03-19 02:00:00,35.6,1.3,4.9,8.1,203,0.0,0.0,0.0,0.0,0.0,0.23,27.92,42,0,0.0,,,27.92,219,2.2,1,308.0,308.0
2024-03-19 02:05:00-05:00,2024-03-19 02:05:00,35.4,0.0,3.8,8.1,257,0.0,0.0,0.0,0.0,0.0,0.23,27.94,42,0,0.0,,,27.94,355,2.0,1,308.0,308.0
2024-03-19 02:10:00-05:00,2024-03-19 02:10:00,35.1,1.1,1.8,8.1,173,0.0,0.0,0.0,0.0,0.0,0.23,27.93,43,0,0.0,,,27.93,264,0.0,1,308.0,308.0
2024-03-19 02:15:00-05:00,2024-03-19 02:15:00,35.2,0.0,1.6,8.1,23,0.0,0.0,0.0,0.0,0.0,0.23,27.93,43,0,0.0,,,27.93,187,0.0,1,308.0,308.0
2024-03-19 02:20:00-05:00,2024-03-19 02:20:00,35.1,1.1,1.3,8.1,180,0.0,0.0,0.0,0.0,0.0,0.23,27.92,43,0,0.0,,,27.92,3,1.1,1,308.0,308.0
2024-03-19 02:25:00-05:00,2024-03-19 02:25:00,35.2,0.0,1.6,8.1,180,0.0,0.0,0.0,0.0,0.0,0.23,27.93,43,0,0.0,,,27.93,180,1.1,1,308.0,308.0
2024-03-19 02:30:00-05:00,2024-03-19 02:30:00,34.7,0.0,1.3,8.1,105,0.0,0.0,0.0,0.0,0.0,0.23,27.93,44,0,0.0,,,27.93,180,0.0,1,308.0,308.0
2024-03-19 02:35:00-05:00,2024-03-19 02:35:00,35.1,1.8,1.8,8.1,125,0.0,0.0,0.0,0.0,0.0,0.23,27.93,44,0,0.0,,,27.93,82,0.0,1,308.0,308.0
2024-03-19 02:40:00-05:00,2024-03-19 02:40:00,36.1,2.0,3.4,8.1,248,0.0,0.0,0.0,0.0,0.0,0.23,27.93,44,0,0.0,,,27.93,264,0.0,1,308.0,308.0
2024-03-19 02:45:00-05:00,2024-03-19 02:45:00,36.5,1.3,2.7,8.1,264,0.0,0.0,0.0,0.0,0.0,0.23,27.93,44,0,0.0,,,27.93,259,1.3,1,308.0,308.0
2024-03-19 02:50:00-05:00,2024-03-19 02:50:00,36.3,0.0,2.2,8.1,165,0.0,0.0,0.0,0.0,0.0,0.23,27.93,45,0,0.0,,,27.93,289,0.0,1,308.0,308.0
2024-03-19 02:55:00-05:00,2024-03-19 02:55:00,36.0,1.6,1.6,8.1,5,0.0,0.0,0.0,0.0,0.0,0.23,27.94,45,0,0.0,,,27.94,6,0.0,1,308.0,308.0
2024-03-19 03:00:00-05:00,2024-03-19 03:00:00,35.8,0.0,1.8,8.1,106,0.0,0.0,0.0,0.0,0.0,0.23,27.94,46,0,0.0,,,27.94,12,0.0,1,308.0,308.0
2024-03-19 03:05:00-05:00,2024-03-19 03:05:00,35.8,0.0,1.3,8.1,117,0.0,0.0,0.0,0.0,0.0,0.23,27.93,46,0,0.0,,,27.93,8,0.0,1,308.0,308.0
2024-03-19 03:10:00-05:00,2024-03-19 03:10:00,35.8,2.9,3.1,8.1,20,0.0,0.0,0.0,0.0,0.0,0.23,27.94,47,0,0.0,,,27.94,0,0.0,1,308.0,308.0
2024-03-19 03:15:00-05:00,2024-03-19 03:15:00,35.8,5.1,5.1,8.1,260,0.0,0.0,0.0,0.0,0.0,0.23,27.94,48,0,0.0,,,27.94,359,1.1,1,308.0,308.0
2024-03-19 03:20:00-05:00,2024-03-19 03:20:00,35.6,1.8,2.9,8.1,283,0.0,0.0,0.0,0.0,0.0,0.23,27.94,49,0,0.0,,,27.94,331,1.6,1,308.0,308.0
2024-03-19 03:25:00-05:00,2024-03-19 03:25:00,35.6,2.9,3.4,8.1,346,0.0,0.0,0.0,0.0,0.0,0.23,27.93,49,0,0.0,,,27.93,283,1.1,1,308.0,308.0
2024-03-19 03:30:00-05:00,2024-03-19 03:30:00,35.6,1.3,3.8,8.1,283,0.0,0.0,0.0,0.0,0.0,0.23,27.93,49,0,0.0,,,27.93,278,0.0,1,308.0,308.0
2024-03-19 03:35:00-05:00,2024-03-19 03:35:00,35.6,0.0,4.5,8.1,270,0.0,0.0,0.0,0.0,0.0,0.23,27.93,49,0,0.0,,,27.93,278,1.3,1,308.0,308.0
2024-03-19 03:40:00-05:00,2024-03-19 03:40:00,35.2,0.0,1.8,8.1,294,0.0,0.0,0.0,0.0,0.0,0.23,27.93,50,0,0.0,,,27.93,289,1.1,1,308.0,308.0
2024-03-19 03:45:00-05:00,2024-03-19 03:45:00,35.4,3.1,6.9,8.1,309,0.0,0.0,0.0,0.0,0.0,0.23,27.94,51,0,0.0,,,27.94,288,1.6,1,308.0,308.0
2024-03-19 03:50:00-05:00,2024-03-19 03:50:00,35.4,1.3,7.8,8.1,311,0.0,0.0,0.0,0.0,0.0,0.23,27.93,51,0,0.0,,,27.93,279,1.8,1,308.0,308.0
2024-03-19 03:55:00-05:00,2024-03-19 03:55:00,35.2,1.1,2.2,8.1,277,0.0,0.0,0.0,0.0,0.0,0.23,27.93,52,0,0.0,,,27.93,279,1.6,1,308.0,308.0
2024-03-19 04:00:00-05:00,2024-03-19 04:00:00,35.1,1.6,3.8,8.1,297,0.0,0.0,0.0,0.0,0.0,0.23,27.93,53,0,0.0,,,27.93,303,1.1,1,308.0,308.0
2024-03-19 04:05:00-05:00,2024-03-19 04:05:00,35.1,0.0,3.8,8.1,324,0.0,0.0,0.0,0.0,0.0,0.23,27.93,53,0,0.0,,,27.93,3,1.3,1,308.0,308.0
2024-03-19 04:10:00-05:00,2024-03-19 04:10:00,35.1,2.0,3.4,8.1,303,0.0,0.0,0.0,0.0,0.0,0.23,27.94,54,0,0.0,,,27.94,333,1.6,1,308.0,308.0
2024-03-19 04:15:00-05:00,2024-03-19 04:15:00,35.2,2.7,9.8,9.8,325,0.0,0.0,0.0,0.0,0.0,0.23,27.94,54,0,0.0,,,27.94,337,2.2,1,308.0,308.0
2024-03-19 04:20:00-05:00,2024-03-19 04:20:00,35.1,2.0,4.7,9.8,343,0.0,0.0,0.0,0.0,0.0,0.23,27.95,55,0,0.0,,,27.95,332,2.5,1,308.0,308.0
2024-03-19 04:25:00-05:00,2024-03-19 04:25:00,35.1,2.5,7.4,9.8,350,0.0,0.0,0.0,0.0,0.0,0.23,27.95,56,0,0.0,,,27.95,307,3.4,1,308.0,308.0
2024-03-19 04:30:00-05:00,2024-03-19 04:30:00,34.7,0.0,4.0,9.8,315,0.0,0.0,0.0,0.0,0.0,0.23,27.95,58,0,0.0,,,27.95,329,3.8,1,308.0,308.0
2024-03-19 04:35:00-05:00,2024-03-19 04:35:00,34.9,3.1,6.3,9.8,5,0.0,0.0,0.0,0.0,0.0,0.23,27.95,59,0,0.0,,,27.95,327,3.4,1,308.0,308.0
2024-03-19 04:40:00-05:00,2024-03-19 04:40:00,34.9,0.0,4.0,9.8,14,0.0,0.0,0.0,0.0,0.0,0.23,27.95,61,0,0.0,,,27.95,327,2.2,1,308.0,308.0
2024-03-19 04:45:00-05:00,2024-03-19 04:45:00,35.2,5.4,6.0,9.8,307,0.0,0.0,0.0,0.0,0.0,0.23,27.95,63,0,0.0,,,27.95,295,2.5,1,308.0,308.0
2024-03-19 04:50:00-05:00,2024-03-19 04:50:00,35.2,4.0,7.6,9.8,301,0.0,0.0,0.0,0.0,0.0,0.23,27.95,64,0,0.0,,,27.95,335,4.3,1,308.0,308.0
2024-03-19 04:55:00-05:00,2024-03-19 04:55:00,35.2,2.0,7.6,9.8,322,0.0,0.0,0.0,0.0,0.0,0.23,27.95,65,0,0.0,,,27.95,331,4.3,1,308.0,308.0
2024-03-19 05:00:00-05:00,2024-03-19 05:00:00,35.2,5.6,7.2,9.8,318,0.0,0.0,0.0,0.0,0.0,0.23,27.94,66,0,0.0,,,27.94,349,3.1,1,308.0,308.0
2024-03-19 05:05:00-05:00,2024-03-19 05:05:00,35.2,3.1,9.2,9.8,335,0.0,0.0,0.0,0.0,0.0,0.23,27.95,67,0,0.0,,,27.95,342,3.1,1,308.0,308.0
2024-03-19 05:10:00-05:00,2024-03-19 05:10:00,35.1,4.3,6.9,9.8,0,0.0,0.0,0.0,0.0,0.0,0.23,27.95,68,0,0.0,,,27.95,292,3.8,1,308.0,308.0
2024-03-19 05:15:00-05:00,2024-03-19 05:15:00,35.1,2.5,8.5,9.8,308,0.0,0.0,0.0,0.0,0.0,0.23,27.96,68,0,0.0,,,27.96,338,4.3,1,308.0,308.0
2024-03-19 05:20:00-05:00,2024-03-19 05:20:00,34.9,5.8,5.8,9.8,332,0.0,0.0,0.0,0.0,0.0,0.23,27.96,69,0,0.0,,,27.96,338,4.3,1,308.0,308.0
2024-03-19 05:25:00-05:00,2024-03-19 05:25:00,34.9,3.4,5.8,9.8,356,0.0,0.0,0.0,0.0,0.0,0.23,27.96,70,0,0.0,,,27.96,343,3.1,1,308.0,308.0
2024-03-19 05:30:00-05:00,2024-03-19 05:30:00,34.9,2.7,8.7,9.8,315,0.0,0.0,0.0,0.0,0.0,0.23,27.96,71,0,0.0,,,27.96,15,3.6,1,308.0,308.0
2024-03-19 05:35:00-05:00,2024-03-19 05:35:00,34.5,0.0,3.8,9.8,343,0.0,0.0,0.0,0.0,0.0,0.23,27.96,72,0,0.0,,,27.96,348,2.5,1,308.0,308.0
2024-03-19 05:40:00-05:00,2024-03-19 05:40:00,34.7,4.0,5.1,9.8,350,0.0,0.0,0.0,0.0,0.0,0.23,27.97,73,0,0.0,,,27.97,10,2.5,1,308.0,308.0
2024-03-19 05:45:00-05:00,2024-03-19 05:45:00,34.7,1.3,5.6,9.8,270,0.0,0.0,0.0,0.0,0.0,0.23,27.97,74,0,0.0,,,27.97,337,2.9,1,308.0,308.0
2024-03-19 05:50:00-05:00,2024-03-19 05:50:00,34.3,5.8,8.9,9.8,305,0.0,0.0,0.0,0.0,0.0,0.23,27.96,75,0,0.0,,,27.96,346,2.7,1,308.0,308.0
2024-03-19 05:55:00-05:00,2024-03-19 05:55:00,34.3,2.0,5.6,11.6,349,0.0,0.0,0.0,0.0,0.0,0.23,27.97,76,0,0.0,,,27.97,346,2.5,1,308.0,308.0
2024-03-19 06:00:00-05:00,2024-03-19 06:00:00,34.5,2.2,6.7,11.6,310,0.0,0.0,0.0,0.0,0.0,0.23,27.97,76,0,0.0,,,27.97,346,3.6,1,308.0,308.0
2024-03-19 06:05:00-05:00,2024-03-19 06:05:00,34.3,2.5,5.6,11.6,357,0.0,0.0,0.0,0.0,0.0,0.23,27.98,77,0,0.0,,,27.98,342,3.4,1,308.0,308.0
2024-03-19 06:10:00-05:00,2024-03-19 06:10:00,34.3,4.0,7.4,11.6,346,0.0,0.0,0.0,0.0,0.0,0.23,27.98,78,0,0.0,,,27.98,333,3.4,1,308.0,308.0
2024-03-19 06:15:00-05:00,2024-03-19 06:15:00,34.3,2.7,6.5,11.6,334,0.0,0.0,0.0,0.0,0.0,0.23,27.97,79,0,0.0,,,27.97,352,3.4,1,308.0,308.0
2024-03-19 06:20:00-05:00,2024-03-19 06:20:00,34.5,3.6,6.9,11.6,321,0.0,0.0,0.0,0.0,0.0,0.23,27.98,79,0,0.0,,,27.98,7,2.9,1,308.0,308.0
2024-03-19 06:25:00-05:00,2024-03-19 06:25:00,34.3,2.5,4.5,11.6,16,0.0,0.0,0.0,0.0,0.0,0.23,27.99,80,0,0.0,,,27.99,338,2.2,1,308.0,308.0
2024-03-19 06:30:00-05:00,2024-03-19 06:30:00,34.3,1.3,3.4,11.6,349,0.0,0.0,0.0,0.0,0.0,0.23,27.98,80,0,0.0,,,27.98,332,2.2,1,308.0,308.0
2024-03-19 06:35:00-05:00,2024-03-19 06:35:00,34.2,2.9,7.8,11.6,349,0.0,0.0,0.0,0.0,0.0,0.23,27.98,81,0,0.0,,,27.98,338,2.9,1,308.0,308.0
2024-03-19 06:40:00-05:00,2024-03-19 06:40:00,34.0,1.6,4.3,11.6,19,0.0,0.0,0.0,0.0,0.0,0.23,27.99,82,0,0.0,,,27.99,307,2.7,1,308.0,308.0
2024-03-19 06:45:00-05:00,2024-03-19 06:45:00,34.0,1.3,2.5,11.6,294,0.0,0.0,0.0,0.0,0.0,0.23,27.99,81,0,0.0,,,27.99,304,1.6,1,308.0,308.0
2024-03-19 06:50:00-05:00,2024-03-19 06:50:00,33.8,1.1,3.4,11.6,270,0.0,0.0,0.0,0.0,0.0,0.23,27.99,82,0,0.0,,,27.99,336,0.0,1,308.0,308.0
2024-03-19 06:55:00-05:00,2024-03-19 06:55:00,33.6,1.1,2.9,11.6,331,0.0,0.0,0.0,0.0,0.0,0.23,28.0,82,0,0.0,,,28.0,0,1.3,1,308.0,308.0
2024-03-19 07:00:00-05:00,2024-03-19 07:00:00,33.4,3.1,5.6,11.6,339,0.0,0.0,0.0,0.0,0.0,0.23,28.0,83,0,0.0,,,28.0,333,1.8,1,308.0,308.0
2024-03-19 07:05:00-05:00,2024-03-19 07:05:00,33.3,1.6,5.6,11.6,259,0.0,0.0,0.0,0.0,0.0,0.23,28.0,83,0,0.0,,,28.0,330,1.8,1,308.0,308.0
2024-03-19 07:10:00-05:00,2024-03-19 07:10:00,33.4,2.0,4.5,11.6,357,0.0,0.0,0.0,0.0,0.0,0.23,28.01,84,0,0.0,,,28.01,349,1.3,1,308.0,308.0
2024-03-19 07:15:00-05:00,2024-03-19 07:15:00,33.3,0.0,2.0,11.6,6,0.0,0.0,0.0,0.0,0.0,0.23,28.01,84,0,0.0,,,28.01,353,1.3,1,308.0,308.0
2024-03-19 07:20:00-05:00,2024-03-19 07:20:00,32.5,2.7,5.4,11.6,251,0.0,0.0,0.0,0.0,0.0,0.23,28.01,84,0,0.0,,,28.01,331,1.3,1,308.0,308.0
2024-03-19 07:25:00-05:00,2024-03-19 07:25:00,32.2,1.3,2.2,11.6,215,0.0,0.0,0.0,0.0,0.0,0.23,28.01,85,0,0.0,,,28.01,220,1.6,1,308.0,308.0
2024-03-19 07:30:00-05:00,2024-03-19 07:30:00,32.0,2.2,5.4,11.6,255,0.0,0.0,0.0,0.0,0.0,0.23,28.01,85,0,0.0,,,28.01,262,1.6,1,308.0,308.0
2024-03-19 07:35:00-05:00,2024-03-19 07:35:00,31.8,0.0,1.6,11.6,291,0.0,0.0,0.0,0.0,0.0,0.23,28.01,85,0,1.2,,,28.01,262,1.1,1,308.0,308.0
2024-03-19 07:40:00-05:00,2024-03-19 07:40:00,31.5,0.0,4.0,11.6,300,0.0,0.0,0.0,0.0,0.0,0.23,28.01,85,0,2.5,,,28.01,263,1.1,1,308.0,308.0
2024-03-19 07:47:00-05:00,2024-03-19 07:47:00,31.3,1.1,2.5,11.6,214,0.0,0.0,0.0,0.0,0.0,0.23,28.02,86,0,6.1,,,28.02,289,0.0,1,308.0,308.0
2024-03-19 07:50:00-05:00,2024-03-19 07:50:00,31.5,0.0,4.3,11.6,204,0.0,0.0,0.0,0.0,0.0,0.23,28.02,86,0,7.3,,,28.02,292,0.0,1,308.0,308.0
2024-03-19 07:55:00-05:00,2024-03-19 07:55:00,31.6,0.0,1.6,11.6,29,0.0,0.0,0.0,0.0,0.0,0.23,28.02,86,0,9.8,,,28.02,281,1.1,1,308.0,308.0
2024-03-19 08:00:00-05:00,2024-03-19 08:00:00,31.6,0.0,2.5,11.6,339,0.0,0.0,0.0,0.0,0.0,0.23,28.02,86,0,13.4,,,28.02,264,0.0,1,308.0,308.0
2024-03-19 08:05:00-05:00,2024-03-19 08:05:00,31.8,0.0,1.8,11.6,319,0.0,0.0,0.0,0.0,0.0,0.23,28.02,86,0,15.9,,,28.02,264,0.0,1,308.0,308.0
2024-03-19 08:10:00-05:00,2024-03-19 08:10:00,32.2,0.0,2.0,11.6,270,0.0,0.0,0.0,0.0,0.0,0.23,28.02,86,0,18.3,,,28.02,270,1.1,1,308.0,308.0
2024-03-19 08:15:00-05:00,2024-03-19 08:15:00,32.7,2.2,3.4,11.6,7,0.0,0.0,0.0,0.0,0.0,0.23,28.03,85,0,20.8,,,28.03,289,1.3,1,308.0,308.0
2024-03-19 08:20:00-05:00,2024-03-19 08:20:00,32.9,0.0,3.4,11.6,345,0.0,0.0,0.0,0.0,0.0,0.23,28.03,85,0,23.2,,,28.03,334,1.1,1,308.0,308.0
2024-03-19 08:25:00-05:00,2024-03-19 08:25:00,33.3,2.2,5.6,11.6,45,0.0,0.0,0.0,0.0,0.0,0.23,28.03,85,0,24.5,,,28.03,331,1.6,1,308.0,308.0
2024-03-19 08:30:00-05:00,2024-03-19 08:30:00,33.6,2.7,6.3,11.6,322,0.0,0.0,0.0,0.0,0.0,0.23,28.03,84,0,30.5,,,28.03,258,1.8,1,308.0,308.0
2024-03-19 08:35:00-05:00,2024-03-19 08:35:00,34.0,0.0,6.3,11.6,63,0.0,0.0,0.0,0.0,0.0,0.23,28.04,84,0,31.8,,,28.04,314,3.1,1,308.0,308.0
2024-03-19 08:40:00-05:00,2024-03-19 08:40:00,34.5,1.3,6.5,11.6,246,0.0,0.0,0.0,0.0,0.0,0.23,28.03,84,0,33.0,,,28.03,283,2.2,1,308.0,308.0
2024-03-19 08:45:00-05:00,2024-03-19 08:45:00,34.9,4.0,6.0,11.6,285,0.0,0.0,0.0,0.0,0.0,0.23,28.03,83,0,36.7,,,28.03,5,2.2,1,308.0,308.0
2024-03-19 08:50:00-05:00,2024-03-19 08:50:00,35.2,7.2,7.8,11.6,337,0.0,0.0,0.0,0.0,0.0,0.23,28.03,82,0,45.2,,,28.03,330,2.5,1,308.0,308.0
2024-03-19 08:55:00-05:00,2024-03-19 08:55:00,35.8,4.5,11.4,13.2,290,0.0,0.0,0.0,0.0,0.0,0.23,28.04,82,0,51.4,,,28.04,289,2.9,1,308.0,308.0
2024-03-19 09:00:00-05:00,2024-03-19 09:00:00,36.5,1.6,9.4,13.2,243,0.0,0.0,0.0,0.0,0.0,0.23,28.04,81,0,62.4,,,28.04,340,3.8,1,308.0,308.0
2024-03-19 09:05:00-05:00,2024-03-19 09:05:00,37.6,4.0,5.1,13.2,324,0.0,0.0,0.0,0.0,0.0,0.23,28.04,79,0,78.3,,,28.04,282,2.9,1,308.0,308.0
2024-03-19 09:10:00-05:00,2024-03-19 09:10:00,37.4,5.4,13.6,13.6,319,0.0,0.0,0.0,0.0,0.0,0.23,28.04,79,0,75.8,,,28.04,337,3.1,1,308.0,308.0
2024-03-19 09:16:00-05:00,2024-03-19 09:16:00,37.6,2.0,12.1,13.6,319,0.0,0.0,0.0,0.0,0.0,0.23,28.04,79,0,91.7,,,28.04,321,4.0,1,308.0,308.0
2024-03-19 09:20:00-05:00,2024-03-19 09:20:00,37.9,4.5,9.6,13.6,323,0.0,0.0,0.0,0.0,0.0,0.23,28.04,78,1,100.3,,,28.04,290,4.7,1,308.0,308.0
2024-03-19 09:25:00-05:00,2024-03-19 09:25:00,38.1,2.2,10.1,13.6,350,0.0,0.0,0.0,0.0,0.0,0.23,28.05,78,1,117.4,,,28.05,340,4.7,1,308.0,308.0
2024-03-19 09:30:00-05:00,2024-03-19 09:30:00,38.5,6.5,6.5,16.6,294,0.0,0.0,0.0,0.0,0.0,0.23,28.04,77,1,135.8,,,28.04,249,4.7,1,308.0,308.0
2024-03-19 09:35:00-05:00,2024-03-19 09:35:00,38.5,9.6,9.6,16.6,326,0.0,0.0,0.0,0.0,0.0,0.23,28.05,77,1,139.5,,,28.05,332,4.7,1,308.0,308.0
2024-03-19 09:40:00-05:00,2024-03-19 09:40:00,38.8,6.3,15.0,16.6,347,0.0,0.0,0.0,0.0,0.0,0.23,28.05,76,1,161.5,,,28.05,285,4.7,1,308.0,308.0
2024-03-19 09:45:00-05:00,2024-03-19 09:45:00,39.0,8.1,14.8,16.6,339,0.0,0.0,0.0,0.0,0.0,0.23,28.05,76,1,179.8,,,28.05,339,4.9,1,308.0,308.0
2024-03-19 09:50:00-05:00,2024-03-19 09:50:00,39.0,4.0,11.0,20.1,327,0.0,0.0,0.0,0.0,0.0,0.23,28.04,76,1,183.5,,,28.04,339,6.0,1,308.0,308.0
2024-03-19 09:55:00-05:00,2024-03-19 09:55:00,39.4,4.7,10.3,20.1,320,0.0,0.0,0.0,0.0,0.0,0.23,28.05,75,1,185.9,,,28.05,323,5.8,1,308.0,308.0
2024-03-19 10:00:00-05:00,2024-03-19 10:00:00,39.6,4.3,17.2,20.1,347,0.0,0.0,0.0,0.0,0.0,0.23,28.05,75,2,203.1,,,28.05,343,6.0,1,308.0,308.0
2024-03-19 10:05:00-05:00,2024-03-19 10:05:00,40.3,4.3,14.1,20.1,346,0.0,0.0,0.0,0.0,0.0,0.23,28.05,73,2,217.8,,,28.05,346,5.8,1,308.0,308.0
2024-03-19 10:10:00-05:00,2024-03-19 10:10:00,40.5,8.7,12.1,20.1,324,0.0,0.0,0.0,0.0,0.0,0.23,28.05,74,2,232.4,,,28.05,324,5.6,1,308.0,308.0
2024-03-19 10:15:00-05:00,2024-03-19 10:15:00,40.8,5.1,10.1,20.1,344,0.0,0.0,0.0,0.0,0.0,0.23,28.05,73,2,244.7,,,28.05,334,6.0,1,308.0,308.0
2024-03-19 10:22:00-05:00,2024-03-19 10:22:00,41.2,4.5,9.8,20.1,311,0.0,0.0,0.0,0.0,0.0,0.23,28.05,72,2,256.9,,,28.05,321,5.1,1,308.0,308.0
2024-03-19 10:25:00-05:00,2024-03-19 10:25:00,41.4,6.9,14.8,20.1,310,0.0,0.0,0.0,0.0,0.0,0.23,28.05,72,2,265.4,,,28.05,299,5.1,1,308.0,308.0
2024-03-19 10:30:00-05:00,2024-03-19 10:30:00,41.7,5.6,14.1,20.1,353,0.0,0.0,0.0,0.0,0.0,0.23,28.05,71,2,274.0,,,28.05,321,5.8,1,308.0,308.0
2024-03-19 10:35:00-05:00,2024-03-19 10:35:00,42.4,3.8,16.3,20.1,2,0.0,0.0,0.0,0.0,0.0,0.23,28.05,70,2,275.2,,,28.05,312,5.8,1,308.0,308.0
2024-03-19 10:40:00-05:00,2024-03-19 10:40:00,42.6,2.7,11.0,20.1,348,0.0,0.0,0.0,0.0,0.0,0.23,28.05,70,2,305.8,,,28.05,327,6.5,1,308.0,308.0
2024-03-19 10:45:00-05:00,2024-03-19 10:45:00,42.3,5.6,19.7,20.1,289,0.0,0.0,0.0,0.0,0.0,0.23,28.05,70,3,308.3,,,28.05,329,7.4,1,308.0,308.0
2024-03-19 10:50:00-05:00,2024-03-19 10:50:00,43.2,4.3,10.7,21.0,338,0.0,0.0,0.0,0.0,0.0,0.23,28.05,68,3,314.4,,,28.05,329,6.3,1,308.0,308.0
2024-03-19 10:55:00-05:00,2024-03-19 10:55:00,44.1,4.0,9.4,21.0,307,0.0,0.0,0.0,0.0,0.0,0.23,28.06,67,2,296.1,,,28.06,321,4.9,1,308.0,308.0
2024-03-19 11:00:00-05:00,2024-03-19 11:00:00,44.4,3.1,7.6,21.0,320,0.0,0.0,0.0,0.0,0.0,0.23,28.05,66,3,326.6,,,28.05,329,4.3,1,308.0,308.0
2024-03-19 11:05:00-05:00,2024-03-19 11:05:00,44.4,4.7,12.5,21.0,359,0.0,0.0,0.0,0.0,0.0,0.23,28.05,66,3,360.9,,,28.05,3,4.3,1,308.0,308.0
2024-03-19 11:10:00-05:00,2024-03-19 11:10:00,44.4,4.5,15.2,21.0,341,0.0,0.0,0.0,0.0,0.0,0.23,28.05,65,3,352.3,,,28.05,334,5.6,1,308.0,308.0
2024-03-19 11:15:00-05:00,2024-03-19 11:15:00,45.7,6.0,11.2,21.0,326,0.0,0.0,0.0,0.0,0.0,0.23,28.05,63,3,379.2,,,28.05,340,4.7,1,308.0,308.0
2024-03-19 11:20:00-05:00,2024-03-19 11:20:00,45.5,5.4,15.7,21.0,338,0.0,0.0,0.0,0.0,0.0,0.23,28.05,63,3,390.2,,,28.05,320,5.4,1,308.0,308.0
2024-03-19 11:25:00-05:00,2024-03-19 11:25:00,46.2,8.9,19.7,21.0,332,0.0,0.0,0.0,0.0,0.0,0.23,28.06,61,4,412.2,,,28.06,332,6.0,1,308.0,308.0
2024-03-19 11:30:00-05:00,2024-03-19 11:30:00,46.2,10.3,18.3,21.0,340,0.0,0.0,0.0,0.0,0.0,0.23,28.06,61,4,446.5,,,28.06,345,6.0,1,308.0,308.0
2024-03-19 11:35:00-05:00,2024-03-19 11:35:00,47.5,9.2,9.6,21.0,343,0.0,0.0,0.0,0.0,0.0,0.23,28.05,58,4,464.9,,,28.05,338,4.9,1,308.0,308.0
2024-03-19 11:40:00-05:00,2024-03-19 11:40:00,47.3,3.8,13.6,21.0,4,0.0,0.0,0.0,0.0,0.0,0.23,28.05,58,4,473.4,,,28.05,294,4.9,1,308.0,308.0
2024-03-19 11:45:00-05:00,2024-03-19 11:45:00,48.6,3.1,11.9,21.0,296,0.0,0.0,0.0,0.0,0.0,0.23,28.05,57,4,488.1,,,28.05,331,4.9,1,308.0,308.0
2024-03-19 11:50:00-05:00,2024-03-19 11:50:00,48.6,4.7,14.1,21.0,324,0.0,0.0,0.0,0.0,0.0,0.23,28.05,56,5,540.7,,,28.05,345,4.7,1,308.0,308.0
2024-03-19 11:55:00-05:00,2024-03-19 11:55:00,48.7,3.4,11.9,21.0,314,0.0,0.0,0.0,0.0,0.0,0.23,28.05,55,5,550.5,,,28.05,314,4.5,1,308.0,308.0
2024-03-19 12:00:00-05:00,2024-03-19 12:00:00,48.7,6.9,12.1,21.0,348,0.0,0.0,0.0,0.0,0.0,0.23,28.05,55,5,575.0,,,28.05,300,5.1,1,308.0,308.0
2024-03-19 12:05:00-05:00,2024-03-19 12:05:00,48.4,12.1,15.0,23.3,348,0.0,0.0,0.0,0.0,0.0,0.23,28.06,55,5,571.3,,,28.06,342,7.6,1,308.0,308.0
2024-03-19 12:10:00-05:00,2024-03-19 12:10:00,49.1,9.6,20.4,23.3,319,0.0,0.0,0.0,0.0,0.0,0.23,28.06,53,4,489.3,,,28.06,313,7.8,1,308.0,308.0
2024-03-19 12:15:00-05:00,2024-03-19 12:15:00,48.9,9.2,14.5,23.3,0,0.0,0.0,0.0,0.0,0.0,0.23,28.05,54,5,557.9,,,28.05,331,6.5,1,308.0,308.0
2024-03-19 12:20:00-05:00,2024-03-19 12:20:00,49.1,3.8,17.2,23.3,55,0.0,0.0,0.0,0.0,0.0,0.23,28.05,54,5,571.3,,,28.05,0,6.9,1,308.0,308.0
2024-03-19 12:25:00-05:00,2024-03-19 12:25:00,49.3,6.5,22.6,23.3,329,0.0,0.0,0.0,0.0,0.0,0.23,28.05,53,5,561.5,,,28.05,304,7.8,1,308.0,308.0
2024-03-19 12:30:00-05:00,2024-03-19 12:30:00,49.3,6.3,23.0,23.3,279,0.0,0.0,0.0,0.0,0.0,0.23,28.05,54,5,581.1,,,28.05,315,6.9,1,308.0,308.0
2024-03-19 12:35:00-05:00,2024-03-19 12:35:00,49.8,6.5,20.4,23.3,343,0.0,0.0,0.0,0.0,0.0,0.23,28.05,53,5,559.0,,,28.05,312,6.3,1,308.0,308.0
2024-03-19 12:40:00-05:00,2024-03-19 12:40:00,49.8,8.7,17.4,23.3,352,0.0,0.0,0.0,0.0,0.0,0.23,28.05,52,5,561.5,,,28.05,324,7.8,1,308.0,308.0
2024-03-19 12:45:00-05:00,2024-03-19 12:45:00,51.6,6.7,11.2,23.3,335,0.0,0.0,0.0,0.0,0.0,0.23,28.05,49,5,588.4,,,28.05,282,7.6,1,308.0,308.0
2024-03-19 12:50:00-05:00,2024-03-19 12:50:00,50.7,5.8,18.1,23.3,344,0.0,0.0,0.0,0.0,0.0,0.23,28.05,51,5,579.9,,,28.05,322,6.5,1,308.0,308.0
2024-03-19 12:55:00-05:00,2024-03-19 12:55:00,51.1,2.5,17.9,23.3,21,0.0,0.0,0.0,0.0,0.0,0.23,28.05,49,5,565.2,,,28.05,320,6.0,1,308.0,308.0
2024-03-19 13:00:00-05:00,2024-03-19 13:00:00,51.1,7.2,14.8,23.3,357,0.0,0.0,0.0,0.0,0.0,0.23,28.05,49,5,538.3,,,28.05,335,6.9,1,308.0,308.0
2024-03-19 13:05:00-05:00,2024-03-19 13:05:00,52.5,8.7,10.3,23.3,331,0.0,0.0,0.0,0.0,0.0,0.23,28.05,48,5,566.4,,,28.05,347,6.9,1,308.0,308.0
2024-03-19 13:10:00-05:00,2024-03-19 13:10:00,51.8,7.4,12.5,23.3,330,0.0,0.0,0.0,0.0,0.0,0.23,28.05,48,5,519.9,,,28.05,342,6.3,1,308.0,308.0
2024-03-19 13:16:00-05:00,2024-03-19 13:16:00,52.3,6.3,10.3,23.3,323,0.0,0.0,0.0,0.0,0.0,0.23,28.04,47,5,576.2,,,28.04,349,6.3,1,308.0,308.0
2024-03-19 13:20:00-05:00,2024-03-19 13:20:00,52.2,4.5,12.8,23.3,326,0.0,0.0,0.0,0.0,0.0,0.23,28.05,49,5,590.8,,,28.05,338,5.4,1,308.0,308.0
2024-03-19 13:25:00-05:00,2024-03-19 13:25:00,52.7,6.3,10.7,23.3,273,0.0,0.0,0.0,0.0,0.0,0.23,28.04,47,5,575.0,,,28.04,12,5.4,1,308.0,308.0
2024-03-19 13:30:00-05:00,2024-03-19 13:30:00,52.2,3.4,13.0,23.3,356,0.0,0.0,0.0,0.0,0.0,0.23,28.04,49,5,592.1,,,28.04,353,5.4,1,308.0,308.0
2024-03-19 13:35:00-05:00,2024-03-19 13:35:00,52.3,7.6,19.5,23.3,328,0.0,0.0,0.0,0.0,0.0,0.23,28.04,48,5,581.1,,,28.04,354,6.0,1,308.0,308.0
2024-03-19 13:40:00-05:00,2024-03-19 13:40:00,53.6,2.9,10.3,23.3,346,0.0,0.0,0.0,0.0,0.0,0.23,28.04,48,4,505.2,,,28.04,327,6.0,1,308.0,308.0
2024-03-19 13:45:00-05:00,2024-03-19 13:45:00,53.4,19.7,23.5,23.5,334,0.0,0.0,0.0,0.0,0.0,0.23,28.04,46,4,511.4,,,28.04,336,6.0,1,308.0,308.0
2024-03-19 13:50:00-05:00,2024-03-19 13:50:00,53.1,6.9,13.4,23.5,299,0.0,0.0,0.0,0.0,0.0,0.23,28.04,47,5,556.6,,,28.04,334,6.3,1,308.0,308.0
2024-03-19 13:55:00-05:00,2024-03-19 13:55:00,53.2,5.8,12.3,23.5,345,0.0,0.0,0.0,0.0,0.0,0.23,28.04,47,5,565.2,,,28.04,337,5.6,1,308.0,308.0
2024-03-19 14:00:00-05:00,2024-03-19 14:00:00,54.1,3.1,20.6,23.5,249,0.0,0.0,0.0,0.0,0.0,0.23,28.04,46,5,550.5,,,28.04,293,6.7,1,308.0,308.0
2024-03-19 14:05:00-05:00,2024-03-19 14:05:00,53.8,8.7,19.7,23.5,294,0.0,0.0,0.0,0.0,0.0,0.23,28.04,46,5,532.1,,,28.04,319,6.9,1,308.0,308.0
2024-03-19 14:10:00-05:00,2024-03-19 14:10:00,54.0,6.0,10.7,23.5,0,0.0,0.0,0.0,0.0,0.0,0.23,28.04,46,5,526.0,,,28.04,326,6.9,1,308.0,308.0
2024-03-19 14:15:00-05:00,2024-03-19 14:15:00,54.0,13.4,20.4,23.5,260,0.0,0.0,0.0,0.0,0.0,0.23,28.03,46,5,540.7,,,28.03,319,6.3,1,308.0,308.0
2024-03-19 14:20:00-05:00,2024-03-19 14:20:00,53.8,5.6,14.8,23.5,291,0.0,0.0,0.0,0.0,0.0,0.23,28.03,46,5,539.5,,,28.03,315,6.3,1,308.0,308.0
2024-03-19 14:25:00-05:00,2024-03-19 14:25:00,54.0,8.7,15.2,23.5,328,0.0,0.0,0.0,0.0,0.0,0.23,28.03,46,5,513.8,,,28.03,14,7.8,1,308.0,308.0
2024-03-19 14:30:00-05:00,2024-03-19 14:30:00,54.7,3.8,15.4,23.5,326,0.0,0.0,0.0,0.0,0.0,0.23,28.03,45,4,507.7,,,28.03,327,6.0,1,308.0,308.0
2024-03-19 14:35:00-05:00,2024-03-19 14:35:00,54.1,11.9,18.8,23.5,314,0.0,0.0,0.0,0.0,0.0,0.23,28.03,45,5,526.0,,,28.03,327,6.3,1,308.0,308.0
2024-03-19 14:40:00-05:00,2024-03-19 14:40:00,55.0,4.3,24.2,24.2,319,0.0,0.0,0.0,0.0,0.0,0.23,28.03,45,5,519.9,,,28.03,338,7.8,1,308.0,308.0
2024-03-19 14:45:00-05:00,2024-03-19 14:45:00,54.5,6.9,18.3,24.2,312,0.0,0.0,0.0,0.0,0.0,0.23,28.02,45,4,469.8,,,28.02,347,7.4,1,308.0,308.0
2024-03-19 14:50:00-05:00,2024-03-19 14:50:00,54.3,10.3,17.4,24.2,344,0.0,0.0,0.0,0.0,0.0,0.23,28.02,45,4,499.1,,,28.02,312,7.4,1,308.0,308.0
2024-03-19 14:55:00-05:00,2024-03-19 14:55:00,55.4,3.4,11.0,24.2,356,0.0,0.0,0.0,0.0,0.0,0.23,28.02,44,4,485.6,,,28.02,312,4.9,1,308.0,308.0
2024-03-19 15:00:00-05:00,2024-03-19 15:00:00,55.8,6.0,9.8,24.2,283,0.0,0.0,0.0,0.0,0.0,0.23,28.02,44,4,504.0,,,28.02,347,4.9,1,308.0,308.0
2024-03-19 15:05:00-05:00,2024-03-19 15:05:00,54.3,2.5,15.0,24.2,270,0.0,0.0,0.0,0.0,0.0,0.23,28.02,45,5,519.9,,,28.02,325,7.6,1,308.0,308.0
2024-03-19 15:11:00-05:00,2024-03-19 15:11:00,54.7,6.3,11.6,24.2,354,0.0,0.0,0.0,0.0,0.0,0.23,28.02,45,4,456.3,,,28.02,326,7.2,1,308.0,308.0
2024-03-19 15:15:00-05:00,2024-03-19 15:15:00,54.9,3.1,19.2,24.2,311,0.0,0.0,0.0,0.0,0.0,0.23,28.03,45,4,500.3,,,28.03,331,6.0,1,308.0,308.0
2024-03-19 15:20:00-05:00,2024-03-19 15:20:00,55.0,17.7,22.1,24.2,358,0.0,0.0,0.0,0.0,0.0,0.23,28.02,44,5,540.7,,,28.02,322,6.5,1,308.0,308.0
2024-03-19 15:25:00-05:00,2024-03-19 15:25:00,56.1,8.5,21.7,24.2,320,0.0,0.0,0.0,0.0,0.0,0.23,28.02,43,1,170.0,,,28.02,338,6.0,1,308.0,308.0
2024-03-19 15:30:00-05:00,2024-03-19 15:30:00,55.4,6.9,12.5,24.2,341,0.0,0.0,0.0,0.0,0.0,0.23,28.02,44,5,533.4,,,28.02,333,5.4,1,308.0,308.0
2024-03-19 15:35:00-05:00,2024-03-19 15:35:00,54.3,5.8,16.1,24.2,337,0.0,0.0,0.0,0.0,0.0,0.23,28.03,45,5,545.6,,,28.03,309,5.1,1,308.0,308.0
2024-03-19 15:40:00-05:00,2024-03-19 15:40:00,54.0,6.3,17.2,24.2,337,0.0,0.0,0.0,0.0,0.0,0.23,28.02,46,4,489.3,,,28.02,330,5.4,1,308.0,308.0
2024-03-19 15:45:00-05:00,2024-03-19 15:45:00,54.1,5.4,15.2,24.2,351,0.0,0.0,0.0,0.0,0.0,0.23,28.02,45,2,244.7,,,28.02,335,6.9,1,308.0,308.0
2024-03-19 15:50:00-05:00,2024-03-19 15:50:00,53.2,4.7,14.3,24.2,333,0.0,0.0,0.0,0.0,0.0,0.23,28.02,46,4,419.6,,,28.02,346,6.5,1,308.0,308.0
2024-03-19 15:55:00-05:00,2024-03-19 15:55:00,54.3,8.5,10.3,24.2,331,0.0,0.0,0.0,0.0,0.0,0.23,28.02,45,4,452.6,,,28.02,343,5.4,1,308.0,308.0
2024-03-19 16:00:00-05:00,2024-03-19 16:00:00,54.7,12.3,18.6,24.2,312,0.0,0.0,0.0,0.0,0.0,0.23,28.02,45,4,452.6,,,28.02,352,6.5,1,308.0,308.0
2024-03-19 16:05:00-05:00,2024-03-19 16:05:00,54.7,5.8,9.6,24.2,335,0.0,0.0,0.0,0.0,0.0,0.23,28.03,45,4,455.1,,,28.03,351,5.6,1,308.0,308.0
2024-03-19 16:10:00-05:00,2024-03-19 16:10:00,55.0,3.8,9.8,24.2,265,0.0,0.0,0.0,0.0,0.0,0.23,28.02,45,4,495.4,,,28.02,323,5.1,1,308.0,308.0
2024-03-19 16:15:00-05:00,2024-03-19 16:15:00,55.4,8.5,19.0,24.2,308,0.0,0.0,0.0,0.0,0.0,0.23,28.03,44,3,326.6,,,28.03,323,5.4,1,308.0,308.0
2024-03-19 16:20:00-05:00,2024-03-19 16:20:00,53.6,10.3,14.5,24.2,339,0.0,0.0,0.0,0.0,0.0,0.23,28.03,46,1,160.2,,,28.03,263,5.4,1,308.0,308.0
2024-03-19 16:25:00-05:00,2024-03-19 16:25:00,54.0,7.4,11.9,24.2,274,0.0,0.0,0.0,0.0,0.0,0.23,28.03,46,2,265.4,,,28.03,342,4.7,1,308.0,308.0
2024-03-19 16:30:00-05:00,2024-03-19 16:30:00,53.2,5.8,13.9,24.2,340,0.0,0.0,0.0,0.0,0.0,0.23,28.03,46,1,171.3,,,28.03,346,5.8,1,308.0,308.0
2024-03-19 16:35:00-05:00,2024-03-19 16:35:00,52.7,9.8,18.8,24.2,324,0.0,0.0,0.0,0.0,0.0,0.23,28.03,47,1,130.9,,,28.03,304,6.5,1,308.0,308.0
2024-03-19 16:40:00-05:00,2024-03-19 16:40:00,52.5,6.9,13.2,24.2,342,0.0,0.0,0.0,0.0,0.0,0.23,28.03,47,1,134.6,,,28.03,339,6.3,1,308.0,308.0
2024-03-19 16:45:00-05:00,2024-03-19 16:45:00,52.5,6.5,10.3,24.2,324,0.0,0.0,0.0,0.0,0.0,0.23,28.03,48,1,104.0,,,28.03,339,5.6,1,308.0,308.0
2024-03-19 16:51:00-05:00,2024-03-19 16:51:00,52.2,2.7,13.2,24.2,287,0.0,0.0,0.0,0.0,0.0,0.23,28.03,48,1,111.3,,,28.03,320,5.6,1,308.0,308.0
2024-03-19 16:55:00-05:00,2024-03-19 16:55:00,52.2,8.3,13.0,24.2,0,0.0,0.0,0.0,0.0,0.0,0.23,28.03,48,1,121.1,,,28.03,320,6.3,1,308.0,308.0
2024-03-19 17:00:00-05:00,2024-03-19 17:00:00,52.0,6.3,13.9,24.2,341,0.0,0.0,0.0,0.0,0.0,0.23,28.04,48,1,124.8,,,28.04,337,6.3,1,308.0,308.0
2024-03-19 17:05:00-05:00,2024-03-19 17:05:00,51.6,2.2,14.3,24.2,357,0.0,0.0,0.0,0.0,0.0,0.23,28.03,49,1,123.5,,,28.03,334,6.0,1,308.0,308.0
2024-03-19 17:10:00-05:00,2024-03-19 17:10:00,51.4,1.6,15.9,24.2,292,0.0,0.0,0.0,0.0,0.0,0.23,28.03,49,1,130.9,,,28.03,327,6.5,1,308.0,308.0
2024-03-19 17:15:00-05:00,2024-03-19 17:15:00,51.3,2.9,13.0,24.2,32,0.0,0.0,0.0,0.0,0.0,0.23,28.04,49,0,93.0,,,28.04,334,6.0,1,308.0,308.0
2024-03-19 17:20:00-05:00,2024-03-19 17:20:00,51.3,3.4,12.8,24.2,348,0.0,0.0,0.0,0.0,0.0,0.23,28.04,49,1,127.2,,,28.04,329,4.7,1,308.0,308.0
2024-03-19 17:25:00-05:00,2024-03-19 17:25:00,51.3,5.4,9.6,24.2,359,0.0,0.0,0.0,0.0,0.0,0.23,28.04,50,1,115.0,,,28.04,337,5.4,1,308.0,308.0
2024-03-19 17:30:00-05:00,2024-03-19 17:30:00,51.1,3.1,11.6,24.2,345,0.0,0.0,0.0,0.0,0.0,0.23,28.03,50,1,106.4,,,28.03,337,5.6,1,308.0,308.0
2024-03-19 17:35:00-05:00,2024-03-19 17:35:00,50.7,5.8,12.5,24.2,339,0.0,0.0,0.0,0.0,0.0,0.23,28.04,50,0,78.3,,,28.04,335,5.8,1,308.0,308.0
2024-03-19 17:40:00-05:00,2024-03-19 17:40:00,50.5,4.5,8.5,24.2,353,0.0,0.0,0.0,0.0,0.0,0.23,28.04,50,0,90.5,,,28.04,341,6.3,1,308.0,308.0
2024-03-19 17:45:00-05:00,2024-03-19 17:45:00,50.2,2.0,9.8,24.2,352,0.0,0.0,0.0,0.0,0.0,0.23,28.03,50,0,75.8,,,28.03,347,5.6,1,308.0,308.0
2024-03-19 17:50:00-05:00,2024-03-19 17:50:00,50.4,3.4,9.4,24.2,339,0.0,0.0,0.0,0.0,0.0,0.23,28.05,50,0,81.9,,,28.05,12,5.4,1,308.0,308.0
2024-03-19 17:55:00-05:00,2024-03-19 17:55:00,50.0,3.6,10.5,24.2,356,0.0,0.0,0.0,0.0,0.0,0.23,28.04,50,0,66.1,,,28.04,0,4.7,1,308.0,308.0
2024-03-19 18:00:00-05:00,2024-03-19 18:00:00,49.6,6.5,13.2,24.2,296,0.0,0.0,0.0,0.0,0.0,0.23,28.05,50,0,61.2,,,28.05,333,5.8,1,308.0,308.0
2024-03-19 18:05:00-05:00,2024-03-19 18:05:00,49.6,3.8,12.8,24.2,15,0.0,0.0,0.0,0.0,0.0,0.23,28.05,50,0,59.9,,,28.05,344,6.0,1,308.0,308.0
2024-03-19 18:10:00-05:00,2024-03-19 18:10:00,49.5,6.0,11.4,24.2,332,0.0,0.0,0.0,0.0,0.0,0.23,28.05,50,0,51.4,,,28.05,351,5.4,1,308.0,308.0
2024-03-19 18:15:00-05:00,2024-03-19 18:15:00,49.5,3.8,10.3,24.2,336,0.0,0.0,0.0,0.0,0.0,0.23,28.05,51,0,45.2,,,28.05,353,5.4,1,308.0,308.0
2024-03-19 18:20:00-05:00,2024-03-19 18:20:00,49.5,3.6,6.0,24.2,0,0.0,0.0,0.0,0.0,0.0,0.23,28.04,51,0,36.7,,,28.04,1,3.8,1,308.0,308.0
2024-03-19 18:25:00-05:00,2024-03-19 18:25:00,49.1,2.0,8.9,24.2,322,0.0,0.0,0.0,0.0,0.0,0.23,28.05,50,0,24.5,,,28.05,0,3.8,1,308.0,308.0
2024-03-19 18:30:00-05:00,2024-03-19 18:30:00,48.9,2.2,12.5,24.2,327,0.0,0.0,0.0,0.0,0.0,0.23,28.05,50,0,20.8,,,28.05,357,4.5,1,308.0,308.0
2024-03-19 18:35:00-05:00,2024-03-19 18:35:00,48.7,6.3,11.6,24.2,327,0.0,0.0,0.0,0.0,0.0,0.23,28.05,50,0,25.6,,,28.05,7,4.3,1,308.0,308.0
2024-03-19 18:41:00-05:00,2024-03-19 18:41:00,48.6,7.2,8.1,24.2,27,0.0,0.0,0.0,0.0,0.0,0.23,28.05,49,0,20.8,,,28.05,1,4.9,1,308.0,308.0
2024-03-19 18:45:00-05:00,2024-03-19 18:45:00,48.4,6.3,9.6,24.2,11,0.0,0.0,0.0,0.0,0.0,0.23,28.05,45,0,18.3,,,28.05,0,4.9,1,308.0,308.0
2024-03-19 18:50:00-05:00,2024-03-19 18:50:00,47.7,12.1,12.1,24.2,346,0.0,0.0,0.0,0.0,0.0,0.23,28.05,43,0,14.7,,,28.05,10,5.1,1,308.0,308.0
2024-03-19 18:55:00-05:00,2024-03-19 18:55:00,47.3,4.7,15.0,24.2,346,0.0,0.0,0.0,0.0,0.0,0.23,28.06,43,0,11.0,,,28.06,339,6.0,1,308.0,308.0
2024-03-19 19:00:00-05:00,2024-03-19 19:00:00,46.9,7.8,11.4,24.2,2,0.0,0.0,0.0,0.0,0.0,0.23,28.06,43,0,12.2,,,28.06,334,5.6,1,308.0,308.0
2024-03-19 19:05:00-05:00,2024-03-19 19:05:00,46.6,4.3,10.1,24.2,40,0.0,0.0,0.0,0.0,0.0,0.23,28.06,44,0,11.0,,,28.06,331,5.6,1,308.0,308.0
2024-03-19 19:10:00-05:00,2024-03-19 19:10:00,46.4,8.5,15.9,24.2,2,0.0,0.0,0.0,0.0,0.0,0.23,28.06,45,0,11.0,,,28.06,342,6.0,1,308.0,308.0
2024-03-19 19:15:00-05:00,2024-03-19 19:15:00,46.2,2.0,7.4,24.2,252,0.0,0.0,0.0,0.0,0.0,0.23,28.06,45,0,12.2,,,28.06,348,4.9,1,308.0,308.0
2024-03-19 19:20:00-05:00,2024-03-19 19:20:00,45.9,6.5,14.5,24.2,358,0.0,0.0,0.0,0.0,0.0,0.23,28.06,45,0,8.5,,,28.06,358,5.1,1,308.0,308.0
2024-03-19 19:25:00-05:00,2024-03-19 19:25:00,45.5,4.7,13.4,24.2,0,0.0,0.0,0.0,0.0,0.0,0.23,28.07,46,0,2.5,,,28.07,352,6.5,1,308.0,308.0
2024-03-19 19:30:00-05:00,2024-03-19 19:30:00,45.3,4.3,13.0,24.2,340,0.0,0.0,0.0,0.0,0.0,0.23,28.07,45,0,1.2,,,28.07,351,6.5,1,308.0,308.0
2024-03-19 19:35:00-05:00,2024-03-19 19:35:00,45.1,5.6,12.3,24.2,350,0.0,0.0,0.0,0.0,0.0,0.23,28.06,45,0,0.0,,,28.06,352,5.6,1,308.0,308.0
2024-03-19 19:40:00-05:00,2024-03-19 19:40:00,45.0,5.6,13.6,24.2,349,0.0,0.0,0.0,0.0,0.0,0.23,28.08,46,0,0.0,,,28.08,355,6.0,1,308.0,308.0
2024-03-19 19:45:00-05:00,2024-03-19 19:45:00,44.6,2.7,13.0,24.2,323,0.0,0.0,0.0,0.0,0.0,0.23,28.08,48,0,0.0,,,28.08,351,5.6,1,308.0,308.0
2024-03-19 19:50:00-05:00,2024-03-19 19:50:00,44.1,7.6,12.8,24.2,3,0.0,0.0,0.0,0.0,0.0,0.23,28.07,51,0,0.0,,,28.07,354,5.4,1,308.0,308.0
2024-03-19 19:55:00-05:00,2024-03-19 19:55:00,43.3,7.8,13.2,24.2,357,0.0,0.0,0.0,0.0,0.0,0.23,28.09,52,0,0.0,,,28.09,19,6.0,1,308.0,308.0
2024-03-19 20:00:00-05:00,2024-03-19 20:00:00,43.0,5.1,10.5,24.2,33,0.0,0.0,0.0,0.0,0.0,0.23,28.08,52,0,0.0,,,28.08,1,6.0,1,308.0,308.0
2024-03-19 20:05:00-05:00,2024-03-19 20:05:00,42.8,9.8,13.4,24.2,4,0.0,0.0,0.0,0.0,0.0,0.23,28.08,52,0,0.0,,,28.08,357,5.4,1,308.0,308.0
2024-03-19 20:11:00-05:00,2024-03-19 20:11:00,42.6,11.2,14.1,24.2,344,0.0,0.0,0.0,0.0,0.0,0.23,28.09,53,0,0.0,,,28.09,3,8.3,1,308.0,308.0
2024-03-19 20:15:00-05:00,2024-03-19 20:15:00,42.4,4.0,12.1,24.2,346,0.0,0.0,0.0,0.0,0.0,0.23,28.09,53,0,0.0,,,28.09,8,6.9,1,308.0,308.0
2024-03-19 20:20:00-05:00,2024-03-19 20:20:00,42.4,5.8,11.2,24.2,23,0.0,0.0,0.0,0.0,0.0,0.23,28.1,54,0,0.0,,,28.1,346,6.5,1,308.0,308.0
2024-03-19 20:25:00-05:00,2024-03-19 20:25:00,42.3,4.0,11.2,24.2,356,0.0,0.0,0.0,0.0,0.0,0.23,28.09,55,0,0.0,,,28.09,350,6.5,1,308.0,308.0
2024-03-19 20:30:00-05:00,2024-03-19 20:30:00,42.1,6.3,9.8,24.2,342,0.0,0.0,0.0,0.0,0.0,0.23,28.1,56,0,0.0,,,28.1,357,6.0,1,308.0,308.0
2024-03-19 20:35:00-05:00,2024-03-19 20:35:00,41.9,6.3,6.3,24.2,3,0.0,0.0,0.0,0.0,0.0,0.23,28.09,56,0,0.0,,,28.09,8,4.9,1,308.0,308.0
2024-03-19 20:40:00-05:00,2024-03-19 20:40:00,41.7,4.5,18.6,24.2,23,0.0,0.0,0.0,0.0,0.0,0.23,28.1,57,0,0.0,,,28.1,8,6.0,1,308.0,308.0
2024-03-19 20:45:00-05:00,2024-03-19 20:45:00,40.3,9.8,12.1,24.2,43,0.0,0.0,0.0,0.0,0.0,0.23,28.1,61,0,0.0,,,28.1,23,6.3,1,308.0,308.0
2024-03-19 20:50:00-05:00,2024-03-19 20:50:00,39.0,5.1,18.8,24.2,18,0.0,0.0,0.0,0.0,0.0,0.23,28.1,63,0,0.0,,,28.1,73,6.3,1,308.0,308.0
2024-03-19 20:55:00-05:00,2024-03-19 20:55:00,38.8,3.6,9.2,24.2,14,0.0,0.0,0.0,0.0,0.0,0.23,28.1,63,0,0.0,,,28.1,28,6.5,1,308.0,308.0
2024-03-19 21:00:00-05:00,2024-03-19 21:00:00,38.5,3.1,15.2,24.2,79,0.0,0.0,0.0,0.0,0.0,0.23,28.11,64,0,0.0,,,28.11,353,6.3,1,308.0,308.0
2024-03-19 21:05:00-05:00,2024-03-19 21:05:00,38.1,13.6,14.5,24.2,41,0.0,0.0,0.0,0.0,0.0,0.23,28.11,64,0,0.0,,,28.11,28,5.4,1,308.0,308.0
2024-03-19 21:11:00-05:00,2024-03-19 21:11:00,37.6,6.5,19.2,24.2,26,0.0,0.0,0.0,0.0,0.0,0.23,28.11,65,0,0.0,,,28.11,33,6.3,1,308.0,308.0
2024-03-19 21:15:00-05:00,2024-03-19 21:15:00,37.2,6.0,18.3,24.2,335,0.0,0.0,0.0,0.0,0.0,0.23,28.11,65,0,0.0,,,28.11,19,6.5,1,308.0,308.0
2024-03-19 21:20:00-05:00,2024-03-19 21:20:00,37.0,6.0,9.8,24.2,39,0.0,0.0,0.0,0.0,0.0,0.23,28.12,65,0,0.0,,,28.12,33,6.0,1,308.0,308.0
2024-03-19 21:25:00-05:00,2024-03-19 21:25:00,37.0,5.4,9.4,24.2,40,0.0,0.0,0.0,0.0,0.0,0.23,28.12,65,0,0.0,,,28.12,25,5.6,1,308.0,308.0
2024-03-19 21:30:00-05:00,2024-03-19 21:30:00,36.7,7.4,8.7,24.2,353,0.0,0.0,0.0,0.0,0.0,0.23,28.13,65,0,0.0,,,28.13,36,6.0,1,308.0,308.0
2024-03-19 21:35:00-05:00,2024-03-19 21:35:00,36.3,2.9,7.2,24.2,5,0.0,0.0,0.0,0.0,0.0,0.23,28.13,65,0,0.0,,,28.13,28,5.4,1,308.0,308.0
2024-03-19 21:40:00-05:00,2024-03-19 21:40:00,35.4,4.5,17.2,24.2,1,0.0,0.0,0.0,0.0,0.0,0.23,28.13,65,0,0.0,,,28.13,3,5.4,1,308.0,308.0
2024-03-19 21:45:00-05:00,2024-03-19 21:45:00,35.1,10.3,18.8,24.2,20,0.0,0.0,0.0,0.0,0.0,0.23,28.14,66,0,0.0,,,28.14,20,5.8,1,308.0,308.0
2024-03-19 21:50:00-05:00,2024-03-19 21:50:00,34.9,4.7,8.1,24.2,47,0.0,0.0,0.0,0.0,0.0,0.23,28.14,66,0,0.0,,,28.14,21,5.1,1,308.0,308.0
2024-03-19 21:55:00-05:00,2024-03-19 21:55:00,34.5,6.3,9.8,24.2,49,0.0,0.0,0.0,0.0,0.0,0.23,28.13,66,0,0.0,,,28.13,14,5.1,1,308.0,308.0
2024-03-19 22:00:00-05:00,2024-03-19 22:00:00,34.2,10.1,14.5,24.2,24,0.0,0.0,0.0,0.0,0.0,0.23,28.14,66,0,0.0,,,28.14,6,5.8,1,308.0,308.0
2024-03-19 22:05:00-05:00,2024-03-19 22:05:00,34.2,4.5,11.4,24.2,43,0.0,0.0,0.0,0.0,0.0,0.23,28.13,67,0,0.0,,,28.13,6,5.8,1,308.0,308.0
2024-03-19 22:10:00-05:00,2024-03-19 22:10:00,34.0,6.5,12.1,24.2,349,0.0,0.0,0.0,0.0,0.0,0.23,28.14,67,0,0.0,,,28.14,9,6.0,1,308.0,308.0
2024-03-19 22:15:00-05:00,2024-03-19 22:15:00,33.8,4.9,11.2,24.2,50,0.0,0.0,0.0,0.0,0.0,0.23,28.14,67,0,0.0,,,28.14,1,6.0,1,308.0,308.0
2024-03-19 22:20:00-05:00,2024-03-19 22:20:00,33.4,2.5,11.4,24.2,350,0.0,0.0,0.0,0.0,0.0,0.23,28.15,67,0,0.0,,,28.15,18,5.4,1,308.0,308.0
2024-03-19 22:25:00-05:00,2024-03-19 22:25:00,33.3,5.4,10.3,24.2,5,0.0,0.0,0.0,0.0,0.0,0.23,28.16,67,0,0.0,,,28.16,1,6.0,1,308.0,308.0
2024-03-19 22:30:00-05:00,2024-03-19 22:30:00,33.4,4.3,9.4,24.2,345,0.0,0.0,0.0,0.0,0.0,0.23,28.15,67,0,0.0,,,28.15,357,4.7,1,308.0,308.0
2024-03-19 22:35:00-05:00,2024-03-19 22:35:00,33.3,6.5,7.8,24.2,328,0.0,0.0,0.0,0.0,0.0,0.23,28.16,67,0,0.0,,,28.16,5,4.7,1,308.0,308.0
2024-03-19 22:40:00-05:00,2024-03-19 22:40:00,33.1,9.8,14.3,24.2,352,0.0,0.0,0.0,0.0,0.0,0.23,28.16,67,0,0.0,,,28.16,14,4.9,1,308.0,308.0
2024-03-19 22:45:00-05:00,2024-03-19 22:45:00,32.7,7.8,11.9,24.2,0,0.0,0.0,0.0,0.0,0.0,0.23,28.16,67,0,0.0,,,28.16,15,5.1,1,308.0,308.0
2024-03-19 22:50:00-05:00,2024-03-19 22:50:00,32.5,6.3,14.3,24.2,14,0.0,0.0,0.0,0.0,0.0,0.23,28.16,67,0,0.0,,,28.16,1,5.4,1,308.0,308.0
2024-03-19 22:55:00-05:00,2024-03-19 22:55:00,32.4,7.2,12.8,24.2,23,0.0,0.0,0.0,0.0,0.0,0.23,28.16,67,0,0.0,,,28.16,9,6.9,1,308.0,308.0
2024-03-19 23:00:00-05:00,2024-03-19 23:00:00,32.2,6.0,14.8,24.2,12,0.0,0.0,0.0,0.0,0.0,0.23,28.16,68,0,0.0,,,28.16,9,6.3,1,308.0,308.0
2024-03-19 23:05:00-05:00,2024-03-19 23:05:00,32.0,3.8,8.7,24.2,55,0.0,0.0,0.0,0.0,0.0,0.23,28.16,68,0,0.0,,,28.16,343,5.1,1,308.0,308.0
2024-03-19 23:10:00-05:00,2024-03-19 23:10:00,31.8,5.1,13.2,24.2,14,0.0,0.0,0.0,0.0,0.0,0.23,28.16,68,0,0.0,,,28.16,9,4.9,1,308.0,308.0
2024-03-19 23:15:00-05:00,2024-03-19 23:15:00,31.6,11.4,16.3,24.2,70,0.0,0.0,0.0,0.0,0.0,0.23,28.16,68,0,0.0,,,28.16,2,6.3,1,308.0,308.0
2024-03-19 23:20:00-05:00,2024-03-19 23:20:00,31.5,4.0,8.5,24.2,339,0.0,0.0,0.0,0.0,0.0,0.23,28.16,68,0,0.0,,,28.16,18,6.7,1,308.0,308.0
2024-03-19 23:25:00-05:00,2024-03-19 23:25:00,31.3,8.9,12.8,24.2,356,0.0,0.0,0.0,0.0,0.0,0.23,28.17,68,0,0.0,,,28.17,30,4.9,1,308.0,308.0
2024-03-19 23:30:00-05:00,2024-03-19 23:30:00,31.1,1.6,12.8,24.2,56,0.0,0.0,0.0,0.0,0.0,0.23,28.17,68,0,0.0,,,28.17,24,4.9,1,308.0,308.0
2024-03-19 23:35:00-05:00,2024-03-19 23:35:00,30.9,4.5,13.0,24.2,14,0.0,0.0,0.0,0.0,0.0,0.23,28.17,68,0,0.0,,,28.17,357,5.4,1,308.0,308.0
2024-03-19 23:40:00-05:00,2024-03-19 23:40:00,30.7,4.7,4.7,24.2,355,0.0,0.0,0.0,0.0,0.0,0.23,28.17,69,0,0.0,,,28.17,355,4.5,1,308.0,308.0
2024-03-19 23:45:00-05:00,2024-03-19 23:45:00,30.6,3.8,8.7,24.2,327,0.0,0.0,0.0,0.0,0.0,0.23,28.18,69,0,0.0,,,28.18,354,4.7,1,308.0,308.0
2024-03-19 23:50:00-05:00,2024-03-19 23:50:00,30.4,4.3,6.7,24.2,9,0.0,0.0,0.0,0.0,0.0,0.23,28.18,69,0,0.0,,,28.18,354,4.7,1,308.0,308.0
2024-03-19 23:55:00-05:00,2024-03-19 23:55:00,30.2,2.7,6.9,24.2,338,0.0,0.0,0.0,0.0,0.0,0.23,28.19,69,0,0.0,,,28.19,349,3.8,1,308.0,308.0
2024-03-20 00:00:00-05:00,2024-03-20 00:00:00,30.0,3.4,5.4,24.2,41,0.0,0.0,0.0,0.0,0.0,0.23,28.19,69,0,0.0,,,28.19,14,3.8,1,308.0,308.0
2024-03-20 00:05:00-05:00,2024-03-20 00:05:00,29.5,4.9,13.0,13.0,17,0.0,0.0,0.0,0.0,0.0,0.23,28.18,69,0,0.0,,,28.18,14,3.6,1,308.0,308.0
2024-03-20 00:10:00-05:00,2024-03-20 00:10:00,29.1,2.0,11.9,13.0,0,0.0,0.0,0.0,0.0,0.0,0.23,28.19,70,0,0.0,,,28.19,0,4.7,1,308.0,308.0
2024-03-20 00:15:00-05:00,2024-03-20 00:15:00,28.9,5.6,11.6,13.0,358,0.0,0.0,0.0,0.0,0.0,0.23,28.19,71,0,0.0,,,28.19,1,4.9,1,308.0,308.0
2024-03-20 00:20:00-05:00,2024-03-20 00:20:00,28.8,4.7,7.6,13.0,19,0.0,0.0,0.0,0.0,0.0,0.23,28.2,71,0,0.0,,,28.2,20,4.5,1,308.0,308.0
2024-03-20 00:25:00-05:00,2024-03-20 00:25:00,28.0,6.0,8.1,13.0,12,0.0,0.0,0.0,0.0,0.0,0.23,28.19,71,0,0.0,,,28.19,56,3.4,1,308.0,308.0
2024-03-20 00:30:00-05:00,2024-03-20 00:30:00,27.0,8.7,19.2,19.2,346,0.0,0.0,0.0,0.0,0.0,0.23,28.2,70,0,0.0,,,28.2,12,4.9,1,308.0,308.0
2024-03-20 00:35:00-05:00,2024-03-20 00:35:00,26.6,3.8,11.4,19.2,8,0.0,0.0,0.0,0.0,0.0,0.23,28.2,68,0,0.0,,,28.2,3,6.9,1,308.0,308.0
2024-03-20 00:40:00-05:00,2024-03-20 00:40:00,26.2,5.6,13.6,19.2,16,0.0,0.0,0.0,0.0,0.0,0.23,28.2,68,0,0.0,,,28.2,352,5.8,1,308.0,308.0
2024-03-20 00:45:00-05:00,2024-03-20 00:45:00,26.2,3.1,8.7,19.2,90,0.0,0.0,0.0,0.0,0.0,0.23,28.21,68,0,0.0,,,28.21,1,3.8,1,308.0,308.0
2024-03-20 00:50:00-05:00,2024-03-20 00:50:00,25.7,8.7,10.7,19.2,55,0.0,0.0,0.0,0.0,0.0,0.23,28.22,68,0,0.0,,,28.22,0,4.3,1,308.0,308.0
2024-03-20 00:55:00-05:00,2024-03-20 00:55:00,25.3,4.3,8.5,19.2,0,0.0,0.0,0.0,0.0,0.0,0.23,28.21,69,0,0.0,,,28.21,7,4.5,1,308.0,308.0
2024-03-20 01:00:00-05:00,2024-03-20 01:00:00,25.3,4.5,5.8,19.2,10,0.0,0.0,0.0,0.0,0.0,0.23,28.21,69,0,0.0,,,28.21,0,3.6,1,308.0,308.0
2024-03-20 01:05:00-05:00,2024-03-20 01:05:00,25.0,6.0,6.3,19.2,80,0.0,0.0,0.0,0.0,0.0,0.23,28.21,69,0,0.0,,,28.21,47,4.3,1,308.0,308.0
2024-03-20 01:10:00-05:00,2024-03-20 01:10:00,24.8,4.3,7.4,19.2,11,0.0,0.0,0.0,0.0,0.0,0.23,28.22,70,0,0.0,,,28.22,0,4.3,1,308.0,308.0
2024-03-20 01:16:00-05:00,2024-03-20 01:16:00,24.4,3.6,8.5,19.2,18,0.0,0.0,0.0,0.0,0.0,0.23,28.21,70,0,0.0,,,28.21,58,3.4,1,308.0,308.0
2024-03-20 01:20:00-05:00,2024-03-20 01:20:00,24.1,3.4,14.3,19.2,54,0.0,0.0,0.0,0.0,0.0,0.23,28.22,70,0,0.0,,,28.22,359,5.1,1,308.0,308.0
2024-03-20 01:25:00-05:00,2024-03-20 01:25:00,24.1,4.7,12.1,19.2,350,0.0,0.0,0.0,0.0,0.0,0.23,28.22,70,0,0.0,,,28.22,18,5.6,1,308.0,308.0
2024-03-20 01:30:00-05:00,2024-03-20 01:30:00,23.9,4.3,9.2,19.2,26,0.0,0.0,0.0,0.0,0.0,0.23,28.23,70,0,0.0,,,28.23,348,5.1,1,308.0,308.0
2024-03-20 01:35:00-05:00,2024-03-20 01:35:00,23.5,6.0,6.0,19.2,332,0.0,0.0,0.0,0.0,0.0,0.23,28.23,70,0,0.0,,,28.23,323,4.7,1,308.0,308.0
2024-03-20 01:40:00-05:00,2024-03-20 01:40:00,23.2,3.6,10.5,19.2,350,0.0,0.0,0.0,0.0,0.0,0.23,28.23,70,0,0.0,,,28.23,18,3.6,1,308.0,308.0
2024-03-20 01:45:00-05:00,2024-03-20 01:45:00,23.0,1.8,9.6,19.2,326,0.0,0.0,0.0,0.0,0.0,0.23,28.23,70,0,0.0,,,28.23,21,3.1,1,308.0,308.0
2024-03-20 01:50:00-05:00,2024-03-20 01:50:00,23.0,5.8,8.1,19.2,349,0.0,0.0,0.0,0.0,0.0,0.23,28.23,70,0,0.0,,,28.23,46,3.4,1,308.0,308.0
2024-03-20 01:55:00-05:00,2024-03-20 01:55:00,22.6,3.6,5.1,19.2,8,0.0,0.0,0.0,0.0,0.0,0.23,28.24,70,0,0.0,,,28.24,8,3.1,1,308.0,308.0
2024-03-20 02:00:00-05:00,2024-03-20 02:00:00,22.8,0.0,8.9,19.2,57,0.0,0.0,0.0,0.0,0.0,0.23,28.24,70,0,0.0,,,28.24,0,2.5,1,308.0,308.0
2024-03-20 02:05:00-05:00,2024-03-20 02:05:00,22.8,0.0,5.4,19.2,225,0.0,0.0,0.0,0.0,0.0,0.23,28.25,70,0,0.0,,,28.25,5,2.5,1,308.0,308.0
2024-03-20 02:10:00-05:00,2024-03-20 02:10:00,22.5,6.5,7.2,19.2,19,0.0,0.0,0.0,0.0,0.0,0.23,28.25,71,0,0.0,,,28.25,352,2.7,1,308.0,308.0
2024-03-20 02:15:00-05:00,2024-03-20 02:15:00,22.5,0.0,4.0,19.2,321,0.0,0.0,0.0,0.0,0.0,0.23,28.25,71,0,0.0,,,28.25,0,3.4,1,308.0,308.0
2024-03-20 02:20:00-05:00,2024-03-20 02:20:00,22.3,2.0,2.9,19.2,301,0.0,0.0,0.0,0.0,0.0,0.23,28.25,71,0,0.0,,,28.25,270,1.8,1,308.0,308.0
2024-03-20 02:25:00-05:00,2024-03-20 02:25:00,21.7,3.1,13.2,19.2,331,0.0,0.0,0.0,0.0,0.0,0.23,28.26,71,0,0.0,,,28.26,347,3.8,1,308.0,308.0
2024-03-20 02:30:00-05:00,2024-03-20 02:30:00,21.9,1.3,10.1,19.2,11,0.0,0.0,0.0,0.0,0.0,0.23,28.26,71,0,0.0,,,28.26,340,4.7,1,308.0,308.0
2024-03-20 02:35:00-05:00,2024-03-20 02:35:00,21.6,1.8,7.8,19.2,289,0.0,0.0,0.0,0.0,0.0,0.23,28.27,71,0,0.0,,,28.27,3,2.2,1,308.0,308.0
2024-03-20 02:40:00-05:00,2024-03-20 02:40:00,21.4,5.1,12.1,19.2,35,0.0,0.0,0.0,0.0,0.0,0.23,28.27,71,0,0.0,,,28.27,9,4.0,1,308.0,308.0
2024-03-20 02:45:00-05:00,2024-03-20 02:45:00,21.0,0.0,12.1,19.2,315,0.0,0.0,0.0,0.0,0.0,0.23,28.26,72,0,0.0,,,28.26,9,3.4,1,308.0,308.0
2024-03-20 02:50:00-05:00,2024-03-20 02:50:00,20.8,4.7,6.5,19.2,331,0.0,0.0,0.0,0.0,0.0,0.23,28.26,72,0,0.0,,,28.26,12,3.1,1,308.0,308.0
2024-03-20 02:55:00-05:00,2024-03-20 02:55:00,20.7,3.4,8.5,19.2,26,0.0,0.0,0.0,0.0,0.0,0.23,28.27,72,0,0.0,,,28.27,5,3.8,1,308.0,308.0
2024-03-20 03:00:00-05:00,2024-03-20 03:00:00,20.5,2.9,9.4,19.2,23,0.0,0.0,0.0,0.0,0.0,0.23,28.27,73,0,0.0,,,28.27,9,3.8,1,308.0,308.0
2024-03-20 03:05:00-05:00,2024-03-20 03:05:00,20.3,6.0,10.7,19.2,9,0.0,0.0,0.0,0.0,0.0,0.23,28.27,73,0,0.0,,,28.27,15,3.8,1,308.0,308.0
2024-03-20 03:10:00-05:00,2024-03-20 03:10:00,20.3,9.4,9.4,19.2,356,0.0,0.0,0.0,0.0,0.0,0.23,28.29,73,0,0.0,,,28.29,352,2.2,1,308.0,308.0
2024-03-20 03:15:00-05:00,2024-03-20 03:15:00,20.1,2.2,6.7,19.2,18,0.0,0.0,0.0,0.0,0.0,0.23,28.28,74,0,0.0,,,28.28,352,2.9,1,308.0,308.0
2024-03-20 03:20:00-05:00,2024-03-20 03:20:00,20.1,3.1,7.6,19.2,311,0.0,0.0,0.0,0.0,0.0,0.23,28.28,74,0,0.0,,,28.28,13,2.7,1,308.0,308.0
2024-03-20 03:25:00-05:00,2024-03-20 03:25:00,19.8,2.2,8.9,19.2,6,0.0,0.0,0.0,0.0,0.0,0.23,28.29,75,0,0.0,,,28.29,23,2.9,1,308.0,308.0
2024-03-20 03:30:00-05:00,2024-03-20 03:30:00,19.8,5.4,8.7,19.2,15,0.0,0.0,0.0,0.0,0.0,0.23,28.29,75,0,0.0,,,28.29,342,3.4,1,308.0,308.0
2024-03-20 03:35:00-05:00,2024-03-20 03:35:00,19.8,1.6,9.6,19.2,10,0.0,0.0,0.0,0.0,0.0,0.23,28.29,75,0,0.0,,,28.29,8,3.6,1,308.0,308.0
2024-03-20 03:40:00-05:00,2024-03-20 03:40:00,19.8,3.1,8.3,19.2,330,0.0,0.0,0.0,0.0,0.0,0.23,28.29,75,0,0.0,,,28.29,0,4.0,1,308.0,308.0
2024-03-20 03:45:00-05:00,2024-03-20 03:45:00,19.8,6.5,7.2,19.2,16,0.0,0.0,0.0,0.0,0.0,0.23,28.29,74,0,0.0,,,28.29,303,3.1,1,308.0,308.0
2024-03-20 03:50:00-05:00,2024-03-20 03:50:00,19.6,7.2,8.7,19.2,15,0.0,0.0,0.0,0.0,0.0,0.23,28.29,74,0,0.0,,,28.29,353,3.1,1,308.0,308.0
2024-03-20 03:55:00-05:00,2024-03-20 03:55:00,19.4,1.8,6.3,19.2,289,0.0,0.0,0.0,0.0,0.0,0.23,28.3,73,0,0.0,,,28.3,353,3.6,1,308.0,308.0
2024-03-20 04:00:00-05:00,2024-03-20 04:00:00,19.2,2.7,7.2,19.2,270,0.0,0.0,0.0,0.0,0.0,0.23,28.29,72,0,0.0,,,28.29,340,3.1,1,308.0,308.0
2024-03-20 04:05:00-05:00,2024-03-20 04:05:00,19.0,1.3,13.2,19.2,264,0.0,0.0,0.0,0.0,0.0,0.23,28.29,71,0,0.0,,,28.29,304,3.1,1,308.0,308.0
2024-03-20 04:10:00-05:00,2024-03-20 04:10:00,19.2,2.9,5.4,19.2,307,0.0,0.0,0.0,0.0,0.0,0.23,28.3,71,0,0.0,,,28.3,304,3.1,1,308.0,308.0
2024-03-20 04:15:00-05:00,2024-03-20 04:15:00,18.9,1.6,9.6,19.2,250,0.0,0.0,0.0,0.0,0.0,0.23,28.3,70,0,0.0,,,28.3,356,2.9,1,308.0,308.0
2024-03-20 04:20:00-05:00,2024-03-20 04:20:00,18.5,4.5,8.5,19.2,272,0.0,0.0,0.0,0.0,0.0,0.23,28.3,66,0,0.0,,,28.3,339,4.7,1,308.0,308.0
2024-03-20 04:25:00-05:00,2024-03-20 04:25:00,18.0,3.1,12.8,19.2,345,0.0,0.0,0.0,0.0,0.0,0.23,28.31,64,0,0.0,,,28.31,336,4.5,1,308.0,308.0
2024-03-20 04:30:00-05:00,2024-03-20 04:30:00,17.8,3.4,8.5,19.2,358,0.0,0.0,0.0,0.0,0.0,0.23,28.31,64,0,0.0,,,28.31,3,2.9,1,308.0,308.0
2024-03-20 04:35:00-05:00,2024-03-20 04:35:00,17.4,6.0,8.3,19.2,287,0.0,0.0,0.0,0.0,0.0,0.23,28.31,65,0,0.0,,,28.31,3,2.7,1,308.0,308.0
2024-03-20 04:40:00-05:00,2024-03-20 04:40:00,16.7,4.3,15.9,19.2,36,0.0,0.0,0.0,0.0,0.0,0.23,28.3,65,0,0.0,,,28.3,330,4.9,1,308.0,308.0
2024-03-20 04:45:00-05:00,2024-03-20 04:45:00,16.3,3.6,10.7,19.2,324,0.0,0.0,0.0,0.0,0.0,0.23,28.31,64,0,0.0,,,28.31,2,5.1,1,308.0,308.0
2024-03-20 04:50:00-05:00,2024-03-20 04:50:00,16.2,4.9,10.1,19.2,0,0.0,0.0,0.0,0.0,0.0,0.23,28.31,64,0,0.0,,,28.31,353,4.7,1,308.0,308.0
2024-03-20 04:55:00-05:00,2024-03-20 04:55:00,16.0,0.0,4.0,19.2,18,0.0,0.0,0.0,0.0,0.0,0.23,28.31,65,0,0.0,,,28.31,348,4.0,1,308.0,308.0
2024-03-20 05:00:00-05:00,2024-03-20 05:00:00,15.8,3.6,6.3,19.2,240,0.0,0.0,0.0,0.0,0.0,0.23,28.32,66,0,0.0,,,28.32,243,3.6,1,308.0,308.0
2024-03-20 05:05:00-05:00,2024-03-20 05:05:00,15.3,2.9,12.1,19.2,2,0.0,0.0,0.0,0.0,0.0,0.23,28.32,68,0,0.0,,,28.32,359,4.0,1,308.0,308.0
2024-03-20 05:10:00-05:00,2024-03-20 05:10:00,15.1,2.9,15.0,19.2,60,0.0,0.0,0.0,0.0,0.0,0.23,28.32,69,0,0.0,,,28.32,0,4.0,1,308.0,308.0
2024-03-20 05:15:00-05:00,2024-03-20 05:15:00,14.7,3.1,14.3,19.2,348,0.0,0.0,0.0,0.0,0.0,0.23,28.32,70,0,0.0,,,28.32,354,3.4,1,308.0,308.0
2024-03-20 05:20:00-05:00,2024-03-20 05:20:00,14.4,14.5,16.3,19.2,347,0.0,0.0,0.0,0.0,0.0,0.23,28.31,72,0,0.0,,,28.31,292,4.5,1,308.0,308.0
2024-03-20 05:25:00-05:00,2024-03-20 05:25:00,14.0,2.7,12.1,19.2,300,0.0,0.0,0.0,0.0,0.0,0.23,28.32,73,0,0.0,,,28.32,333,4.7,1,308.0,308.0
2024-03-20 05:30:00-05:00,2024-03-20 05:30:00,13.8,3.4,10.7,19.2,6,0.0,0.0,0.0,0.0,0.0,0.23,28.33,73,0,0.0,,,28.33,278,3.6,1,308.0,308.0
2024-03-20 05:35:00-05:00,2024-03-20 05:35:00,14.0,2.9,4.9,19.2,358,0.0,0.0,0.0,0.0,0.0,0.23,28.33,74,0,0.0,,,28.33,359,1.6,1,308.0,308.0
2024-03-20 05:40:00-05:00,2024-03-20 05:40:00,14.0,7.4,8.9,19.2,55,0.0,0.0,0.0,0.0,0.0,0.23,28.34,74,0,0.0,,,28.34,175,1.6,1,308.0,308.0
2024-03-20 05:45:00-05:00,2024-03-20 05:45:00,13.6,0.0,7.8,19.2,357,0.0,0.0,0.0,0.0,0.0,0.23,28.34,74,0,0.0,,,28.34,324,2.9,1,308.0,308.0
2024-03-20 05:50:00-05:00,2024-03-20 05:50:00,13.8,2.9,7.4,19.2,74,0.0,0.0,0.0,0.0,0.0,0.23,28.35,75,0,0.0,,,28.35,346,2.9,1,308.0,308.0
2024-03-20 05:55:00-05:00,2024-03-20 05:55:00,13.6,2.2,8.7,19.2,90,0.0,0.0,0.0,0.0,0.0,0.23,28.35,74,0,0.0,,,28.35,330,2.9,1,308.0,308.0
2024-03-20 06:00:00-05:00,2024-03-20 06:00:00,13.5,2.7,8.7,19.2,327,0.0,0.0,0.0,0.0,0.0,0.23,28.35,75,0,0.0,,,28.35,330,2.5,1,308.0,308.0
2024-03-20 06:05:00-05:00,2024-03-20 06:05:00,13.5,3.1,6.5,19.2,248,0.0,0.0,0.0,0.0,0.0,0.23,28.35,75,0,0.0,,,28.35,12,3.4,1,308.0,308.0
2024-03-20 06:10:00-05:00,2024-03-20 06:10:00,13.5,2.0,4.7,19.2,14,0.0,0.0,0.0,0.0,0.0,0.23,28.35,75,0,0.0,,,28.35,21,2.5,1,308.0,308.0
2024-03-20 06:15:00-05:00,2024-03-20 06:15:00,13.5,6.7,6.7,19.2,24,0.0,0.0,0.0,0.0,0.0,0.23,28.36,75,0,0.0,,,28.36,317,2.5,1,308.0,308.0
2024-03-20 06:20:00-05:00,2024-03-20 06:20:00,13.6,2.5,5.1,19.2,212,0.0,0.0,0.0,0.0,0.0,0.23,28.35,75,0,0.0,,,28.35,243,2.2,1,308.0,308.0
2024-03-20 06:25:00-05:00,2024-03-20 06:25:00,13.3,3.8,6.3,19.2,339,0.0,0.0,0.0,0.0,0.0,0.23,28.36,75,0,0.0,,,28.36,220,1.3,1,308.0,308.0
2024-03-20 06:30:00-05:00,2024-03-20 06:30:00,13.1,4.0,4.3,19.2,201,0.0,0.0,0.0,0.0,0.0,0.23,28.36,75,0,0.0,,,28.36,331,2.2,1,308.0,308.0
2024-03-20 06:35:00-05:00,2024-03-20 06:35:00,13.1,1.8,4.9,19.2,225,0.0,0.0,0.0,0.0,0.0,0.23,28.36,75,0,0.0,,,28.36,250,2.7,1,308.0,308.0
2024-03-20 06:40:00-05:00,2024-03-20 06:40:00,12.9,4.3,5.8,19.2,19,0.0,0.0,0.0,0.0,0.0,0.23,28.36,75,0,0.0,,,28.36,258,2.9,1,308.0,308.0
2024-03-20 06:45:00-05:00,2024-03-20 06:45:00,12.9,2.7,3.8,19.2,346,0.0,0.0,0.0,0.0,0.0,0.23,28.36,76,0,0.0,,,28.36,329,2.7,1,308.0,308.0
2024-03-20 06:50:00-05:00,2024-03-20 06:50:00,12.9,4.5,4.5,19.2,137,0.0,0.0,0.0,0.0,0.0,0.23,28.36,76,0,0.0,,,28.36,84,2.0,1,308.0,308.0
2024-03-20 06:55:00-05:00,2024-03-20 06:55:00,12.9,2.9,4.5,19.2,279,0.0,0.0,0.0,0.0,0.0,0.23,28.37,76,0,0.0,,,28.37,270,1.8,1,308.0,308.0
2024-03-20 07:00:00-05:00,2024-03-20 07:00:00,12.7,1.3,5.1,19.2,253,0.0,0.0,0.0,0.0,0.0,0.23,28.36,76,0,0.0,,,28.36,279,2.5,1,308.0,308.0
2024-03-20 07:05:00-05:00,2024-03-20 07:05:00,12.7,3.6,4.3,19.2,15,0.0,0.0,0.0,0.0,0.0,0.23,28.37,76,0,0.0,,,28.37,168,2.0,1,308.0,308.0
2024-03-20 07:10:00-05:00,2024-03-20 07:10:00,12.7,0.0,3.6,19.2,187,0.0,0.0,0.0,0.0,0.0,0.23,28.37,76,0,0.0,,,28.37,5,2.0,1,308.0,308.0
2024-03-20 07:15:00-05:00,2024-03-20 07:15:00,12.7,1.1,6.0,19.2,35,0.0,0.0,0.0,0.0,0.0,0.23,28.38,75,0,0.0,,,28.38,0,2.0,1,308.0,308.0
2024-03-20 07:20:00-05:00,2024-03-20 07:20:00,12.4,2.2,8.3,19.2,329,0.0,0.0,0.0,0.0,0.0,0.23,28.38,76,0,0.0,,,28.38,203,3.1,1,308.0,308.0
2024-03-20 07:25:00-05:00,2024-03-20 07:25:00,12.6,0.0,7.8,19.2,233,0.0,0.0,0.0,0.0,0.0,0.23,28.38,76,0,0.0,,,28.38,309,3.4,1,308.0,308.0
2024-03-20 07:30:00-05:00,2024-03-20 07:30:00,12.4,6.5,6.5,19.2,355,0.0,0.0,0.0,0.0,0.0,0.23,28.39,76,0,1.2,,,28.39,308,2.5,1,308.0,308.0
2024-03-20 07:35:00-05:00,2024-03-20 07:35:00,12.2,1.1,8.9,19.2,334,0.0,0.0,0.0,0.0,0.0,0.23,28.39,76,0,2.5,,,28.39,66,2.2,1,308.0,308.0
2024-03-20 07:40:00-05:00,2024-03-20 07:40:00,12.4,0.0,4.9,19.2,168,0.0,0.0,0.0,0.0,0.0,0.23,28.39,76,0,4.9,,,28.39,135,2.5,1,308.0,308.0
2024-03-20 07:45:00-05:00,2024-03-20 07:45:00,12.2,0.0,5.4,19.2,327,0.0,0.0,0.0,0.0,0.0,0.23,28.39,76,0,8.5,,,28.39,228,2.5,1,308.0,308.0
2024-03-20 07:50:00-05:00,2024-03-20 07:50:00,12.2,0.0,6.7,19.2,341,0.0,0.0,0.0,0.0,0.0,0.23,28.39,76,0,11.0,,,28.39,300,2.2,1,308.0,308.0
2024-03-20 07:55:00-05:00,2024-03-20 07:55:00,12.2,2.2,6.0,19.2,324,0.0,0.0,0.0,0.0,0.0,0.23,28.39,76,0,13.4,,,28.39,307,2.0,1,308.0,308.0
2024-03-20 08:00:00-05:00,2024-03-20 08:00:00,12.4,2.9,6.7,19.2,305,0.0,0.0,0.0,0.0,0.0,0.23,28.39,76,0,15.9,,,28.39,305,2.0,1,308.0,308.0
2024-03-20 08:05:00-05:00,2024-03-20 08:05:00,12.4,1.3,4.5,19.2,233,0.0,0.0,0.0,0.0,0.0,0.23,28.39,76,0,18.3,,,28.39,337,2.2,1,308.0,308.0
2024-03-20 08:10:00-05:00,2024-03-20 08:10:00,12.2,3.4,8.5,19.2,298,0.0,0.0,0.0,0.0,0.0,0.23,28.39,76,0,22.0,,,28.39,266,2.2,1,308.0,308.0
2024-03-20 08:15:00-05:00,2024-03-20 08:15:00,12.2,1.6,9.4,19.2,346,0.0,0.0,0.0,0.0,0.0,0.23,28.39,76,0,24.5,,,28.39,337,2.5,1,308.0,308.0
2024-03-20 08:20:00-05:00,2024-03-20 08:20:00,12.7,5.4,6.9,19.2,8,0.0,0.0,0.0,0.0,0.0,0.23,28.4,75,0,25.6,,,28.4,3,2.7,1,308.0,308.0
2024-03-20 08:25:00-05:00,2024-03-20 08:25:00,12.7,4.3,6.9,19.2,0,0.0,0.0,0.0,0.0,0.0,0.23,28.39,74,0,28.1,,,28.39,245,2.7,1,308.0,308.0
2024-03-20 08:30:00-05:00,2024-03-20 08:30:00,12.9,5.6,5.6,19.2,265,0.0,0.0,0.0,0.0,0.0,0.23,28.4,75,0,31.8,,,28.4,345,3.1,1,308.0,308.0
2024-03-20 08:35:00-05:00,2024-03-20 08:35:00,12.9,1.1,6.0,19.2,228,0.0,0.0,0.0,0.0,0.0,0.23,28.4,74,0,34.3,,,28.4,290,3.1,1,308.0,308.0
2024-03-20 08:40:00-05:00,2024-03-20 08:40:00,12.9,1.3,5.8,19.2,90,0.0,0.0,0.0,0.0,0.0,0.23,28.4,74,0,39.1,,,28.4,18,2.5,1,308.0,308.0
2024-03-20 08:45:00-05:00,2024-03-20 08:45:00,12.9,1.6,8.9,19.2,232,0.0,0.0,0.0,0.0,0.0,0.23,28.42,74,0,41.6,,,28.42,353,2.5,1,308.0,308.0
2024-03-20 08:50:00-05:00,2024-03-20 08:50:00,13.8,1.6,4.3,19.2,184,0.0,0.0,0.0,0.0,0.0,0.23,28.41,73,0,48.9,,,28.41,353,2.2,1,308.0,308.0
2024-03-20 08:55:00-05:00,2024-03-20 08:55:00,13.6,2.9,7.8,19.2,26,0.0,0.0,0.0,0.0,0.0,0.23,28.41,73,0,52.6,,,28.41,175,2.9,1,308.0,308.0
2024-03-20 09:00:00-05:00,2024-03-20 09:00:00,13.5,0.0,6.0,19.2,353,0.0,0.0,0.0,0.0,0.0,0.23,28.41,72,0,71.0,,,28.41,17,3.4,1,308.0,308.0
2024-03-20 09:05:00-05:00,2024-03-20 09:05:00,14.4,1.6,4.9,19.2,351,0.0,0.0,0.0,0.0,0.0,0.23,28.41,72,0,67.3,,,28.41,56,2.9,1,308.0,308.0
2024-03-20 09:10:00-05:00,2024-03-20 09:10:00,14.5,2.9,5.8,19.2,273,0.0,0.0,0.0,0.0,0.0,0.23,28.41,71,0,83.2,,,28.41,355,2.9,1,308.0,308.0
2024-03-20 09:15:00-05:00,2024-03-20 09:15:00,14.9,2.5,6.7,19.2,15,0.0,0.0,0.0,0.0,0.0,0.23,28.41,70,0,85.6,,,28.41,85,2.9,1,308.0,308.0
2024-03-20 09:20:00-05:00,2024-03-20 09:20:00,14.7,6.5,10.1,19.2,6,0.0,0.0,0.0,0.0,0.0,0.23,28.42,69,0,90.5,,,28.42,80,3.4,1,308.0,308.0
2024-03-20 09:25:00-05:00,2024-03-20 09:25:00,14.9,3.1,8.1,19.2,340,0.0,0.0,0.0,0.0,0.0,0.23,28.42,69,1,126.0,,,28.42,343,5.6,1,308.0,308.0
2024-03-20 09:30:00-05:00,2024-03-20 09:30:00,15.3,3.6,8.9,19.2,8,0.0,0.0,0.0,0.0,0.0,0.23,28.41,68,1,141.9,,,28.41,10,4.0,1,308.0,308.0
2024-03-20 09:35:00-05:00,2024-03-20 09:35:00,15.8,0.0,8.9,19.2,277,0.0,0.0,0.0,0.0,0.0,0.23,28.42,67,1,138.2,,,28.42,317,4.0,1,308.0,308.0
2024-03-20 09:40:00-05:00,2024-03-20 09:40:00,15.8,4.3,10.7,19.2,3,0.0,0.0,0.0,0.0,0.0,0.23,28.42,66,1,160.2,,,28.42,315,4.0,1,308.0,308.0
2024-03-20 09:45:00-05:00,2024-03-20 09:45:00,16.0,1.8,7.2,19.2,48,0.0,0.0,0.0,0.0,0.0,0.23,28.42,66,1,173.7,,,28.42,39,4.0,1,308.0,308.0
2024-03-20 09:50:00-05:00,2024-03-20 09:50:00,15.8,3.8,10.7,19.2,17,0.0,0.0,0.0,0.0,0.0,0.23,28.41,66,1,181.1,,,28.41,17,4.9,1,308.0,308.0
2024-03-20 09:56:00-05:00,2024-03-20 09:56:00,16.7,4.3,8.9,19.2,351,0.0,0.0,0.0,0.0,0.0,0.23,28.42,64,1,192.0,,,28.42,8,4.5,1,308.0,308.0
2024-03-20 10:00:00-05:00,2024-03-20 10:00:00,16.7,1.8,8.3,19.2,4,0.0,0.0,0.0,0.0,0.0,0.23,28.42,65,2,208.0,,,28.42,14,3.6,1,308.0,308.0
2024-03-20 10:06:00-05:00,2024-03-20 10:06:00,16.9,0.0,14.3,19.2,356,0.0,0.0,0.0,0.0,0.0,0.23,28.42,62,2,204.3,,,28.42,349,3.8,1,308.0,308.0
2024-03-20 10:10:00-05:00,2024-03-20 10:10:00,18.1,2.0,6.5,19.2,341,0.0,0.0,0.0,0.0,0.0,0.23,28.42,61,2,220.2,,,28.42,58,2.9,1,308.0,308.0
2024-03-20 10:15:00-05:00,2024-03-20 10:15:00,17.2,4.7,11.9,19.2,5,0.0,0.0,0.0,0.0,0.0,0.23,28.42,61,2,237.3,,,28.42,27,2.9,1,308.0,308.0
2024-03-20 10:20:00-05:00,2024-03-20 10:20:00,17.8,3.8,9.2,19.2,261,0.0,0.0,0.0,0.0,0.0,0.23,28.43,61,2,260.5,,,28.43,344,4.5,1,308.0,308.0
2024-03-20 10:25:00-05:00,2024-03-20 10:25:00,18.7,3.1,4.3,19.2,335,0.0,0.0,0.0,0.0,0.0,0.23,28.43,60,2,271.6,,,28.43,327,3.8,1,308.0,308.0
2024-03-20 10:30:00-05:00,2024-03-20 10:30:00,18.3,0.0,10.5,19.2,318,0.0,0.0,0.0,0.0,0.0,0.23,28.43,60,2,265.4,,,28.43,285,3.4,1,308.0,308.0
2024-03-20 10:35:00-05:00,2024-03-20 10:35:00,17.8,1.8,14.8,19.2,334,0.0,0.0,0.0,0.0,0.0,0.23,28.43,58,2,266.7,,,28.43,0,4.9,1,308.0,308.0
2024-03-20 10:40:00-05:00,2024-03-20 10:40:00,18.5,2.9,10.1,19.2,38,0.0,0.0,0.0,0.0,0.0,0.23,28.43,58,3,305.8,,,28.43,358,5.4,1,308.0,308.0
2024-03-20 10:45:00-05:00,2024-03-20 10:45:00,18.5,4.0,14.1,19.2,40,0.0,0.0,0.0,0.0,0.0,0.23,28.43,56,3,309.5,,,28.43,2,4.3,1,308.0,308.0
2024-03-20 10:50:00-05:00,2024-03-20 10:50:00,19.4,4.9,8.9,19.2,46,0.0,0.0,0.0,0.0,0.0,0.23,28.43,55,2,303.4,,,28.43,4,4.3,1,308.0,308.0
2024-03-20 10:55:00-05:00,2024-03-20 10:55:00,19.6,13.0,15.2,19.2,12,0.0,0.0,0.0,0.0,0.0,0.23,28.43,54,3,313.2,,,28.43,3,4.7,1,308.0,308.0
2024-03-20 11:00:00-05:00,2024-03-20 11:00:00,20.3,6.3,9.6,19.2,20,0.0,0.0,0.0,0.0,0.0,0.23,28.43,53,3,323.0,,,28.43,3,5.6,1,308.0,308.0
2024-03-20 11:05:00-05:00,2024-03-20 11:05:00,20.7,2.7,8.3,19.2,0,0.0,0.0,0.0,0.0,0.0,0.23,28.43,53,3,320.5,,,28.43,12,4.9,1,308.0,308.0
2024-03-20 11:10:00-05:00,2024-03-20 11:10:00,20.7,7.6,8.9,19.2,10,0.0,0.0,0.0,0.0,0.0,0.23,28.43,52,3,357.2,,,28.43,12,4.9,1,308.0,308.0
2024-03-20 11:15:00-05:00,2024-03-20 11:15:00,21.2,6.5,6.5,19.2,21,0.0,0.0,0.0,0.0,0.0,0.23,28.43,51,3,395.1,,,28.43,329,4.9,1,308.0,308.0
2024-03-20 11:20:00-05:00,2024-03-20 11:20:00,21.4,2.9,8.5,19.2,305,0.0,0.0,0.0,0.0,0.0,0.23,28.43,51,3,391.5,,,28.43,325,4.0,1,308.0,308.0
2024-03-20 11:25:00-05:00,2024-03-20 11:25:00,21.9,8.1,9.8,19.2,21,0.0,0.0,0.0,0.0,0.0,0.23,28.43,50,3,390.2,,,28.43,351,4.5,1,308.0,308.0
2024-03-20 11:30:00-05:00,2024-03-20 11:30:00,21.7,6.0,19.9,19.9,350,0.0,0.0,0.0,0.0,0.0,0.23,28.43,49,4,425.7,,,28.43,350,5.8,1,308.0,308.0
2024-03-20 11:35:00-05:00,2024-03-20 11:35:00,21.4,4.3,10.1,19.9,33,0.0,0.0,0.0,0.0,0.0,0.23,28.43,50,4,440.4,,,28.43,349,5.8,1,308.0,308.0
2024-03-20 11:40:00-05:00,2024-03-20 11:40:00,23.4,6.0,8.1,19.9,355,0.0,0.0,0.0,0.0,0.0,0.23,28.43,48,4,452.6,,,28.43,355,4.0,1,308.0,308.0
2024-03-20 11:45:00-05:00,2024-03-20 11:45:00,22.1,3.1,12.8,19.9,21,0.0,0.0,0.0,0.0,0.0,0.23,28.42,49,4,504.0,,,28.42,356,4.0,1,308.0,308.0
2024-03-20 11:50:00-05:00,2024-03-20 11:50:00,22.5,4.3,10.3,19.9,17,0.0,0.0,0.0,0.0,0.0,0.23,28.42,47,5,545.6,,,28.42,355,5.6,1,308.0,308.0
2024-03-20 11:55:00-05:00,2024-03-20 11:55:00,22.8,4.7,8.9,19.9,329,0.0,0.0,0.0,0.0,0.0,0.23,28.42,46,5,533.4,,,28.42,352,5.6,1,308.0,308.0
2024-03-20 12:00:00-05:00,2024-03-20 12:00:00,22.5,4.9,17.7,19.9,353,0.0,0.0,0.0,0.0,0.0,0.23,28.43,47,5,559.0,,,28.43,6,5.6,1,308.0,308.0
2024-03-20 12:05:00-05:00,2024-03-20 12:05:00,23.0,3.8,10.7,19.9,38,0.0,0.0,0.0,0.0,0.0,0.23,28.42,46,5,550.5,,,28.42,4,5.6,1,308.0,308.0
2024-03-20 12:10:00-05:00,2024-03-20 12:10:00,23.4,4.0,11.4,19.9,66,0.0,0.0,0.0,0.0,0.0,0.23,28.42,45,5,532.1,,,28.42,4,6.0,1,308.0,308.0
2024-03-20 12:15:00-05:00,2024-03-20 12:15:00,24.3,6.0,9.6,19.9,36,0.0,0.0,0.0,0.0,0.0,0.23,28.42,43,5,537.0,,,28.42,29,5.4,1,308.0,308.0
2024-03-20 12:20:00-05:00,2024-03-20 12:20:00,23.7,8.9,13.4,19.9,347,0.0,0.0,0.0,0.0,0.0,0.23,28.42,43,5,563.9,,,28.42,28,4.7,1,308.0,308.0
2024-03-20 12:25:00-05:00,2024-03-20 12:25:00,23.5,8.1,16.6,19.9,79,0.0,0.0,0.0,0.0,0.0,0.23,28.42,44,5,557.9,,,28.42,0,5.4,1,308.0,308.0
2024-03-20 12:30:00-05:00,2024-03-20 12:30:00,24.3,5.4,8.5,19.9,1,0.0,0.0,0.0,0.0,0.0,0.23,28.42,44,5,579.9,,,28.42,24,5.8,1,308.0,308.0
2024-03-20 12:35:00-05:00,2024-03-20 12:35:00,24.4,5.6,11.2,19.9,5,0.0,0.0,0.0,0.0,0.0,0.23,28.41,42,5,549.3,,,28.41,346,5.6,1,308.0,308.0
2024-03-20 12:40:00-05:00,2024-03-20 12:40:00,23.9,6.5,14.1,19.9,9,0.0,0.0,0.0,0.0,0.0,0.23,28.43,42,5,553.0,,,28.43,20,5.6,1,308.0,308.0
2024-03-20 12:45:00-05:00,2024-03-20 12:45:00,24.8,7.4,8.7,19.9,42,0.0,0.0,0.0,0.0,0.0,0.23,28.42,42,5,586.0,,,28.42,46,6.0,1,308.0,308.0
2024-03-20 12:50:00-05:00,2024-03-20 12:50:00,27.0,3.1,6.3,19.9,7,0.0,0.0,0.0,0.0,0.0,0.23,28.41,41,5,582.3,,,28.41,10,5.4,1,308.0,308.0
2024-03-20 12:55:00-05:00,2024-03-20 12:55:00,25.9,2.7,16.3,19.9,342,0.0,0.0,0.0,0.0,0.0,0.23,28.41,40,5,551.7,,,28.41,19,5.6,1,308.0,308.0
2024-03-20 13:00:00-05:00,2024-03-20 13:00:00,25.5,0.0,11.2,19.9,95,0.0,0.0,0.0,0.0,0.0,0.23,28.41,41,5,528.5,,,28.41,0,6.5,1,308.0,308.0
2024-03-20 13:05:00-05:00,2024-03-20 13:05:00,26.2,4.0,8.3,19.9,7,0.0,0.0,0.0,0.0,0.0,0.23,28.41,39,5,570.1,,,28.41,21,4.7,1,308.0,308.0
2024-03-20 13:10:00-05:00,2024-03-20 13:10:00,26.2,6.7,11.0,19.9,24,0.0,0.0,0.0,0.0,0.0,0.23,28.41,38,5,530.9,,,28.41,21,4.3,1,308.0,308.0
2024-03-20 13:15:00-05:00,2024-03-20 13:15:00,25.9,2.9,10.3,19.9,49,0.0,0.0,0.0,0.0,0.0,0.23,28.4,39,5,576.2,,,28.4,33,4.9,1,308.0,308.0
2024-03-20 13:20:00-05:00,2024-03-20 13:20:00,25.5,8.5,14.1,19.9,327,0.0,0.0,0.0,0.0,0.0,0.23,28.4,41,5,578.6,,,28.4,22,6.3,1,308.0,308.0
2024-03-20 13:25:00-05:00,2024-03-20 13:25:00,27.1,3.4,5.4,19.9,2,0.0,0.0,0.0,0.0,0.0,0.23,28.39,40,5,560.3,,,28.39,1,5.4,1,308.0,308.0
2024-03-20 13:30:00-05:00,2024-03-20 13:30:00,28.4,8.1,9.8,19.9,20,0.0,0.0,0.0,0.0,0.0,0.23,28.39,37,5,579.9,,,28.39,24,4.3,1,308.0,308.0
2024-03-20 13:35:00-05:00,2024-03-20 13:35:00,28.8,4.5,9.4,19.9,279,0.0,0.0,0.0,0.0,0.0,0.23,28.39,36,5,611.7,,,28.39,355,4.0,1,308.0,308.0
2024-03-20 13:40:00-05:00,2024-03-20 13:40:00,27.7,6.7,13.6,19.9,58,0.0,0.0,0.0,0.0,0.0,0.23,28.39,36,4,478.3,,,28.39,355,4.5,1,308.0,308.0
2024-03-20 13:45:00-05:00,2024-03-20 13:45:00,26.8,3.6,8.1,19.9,275,0.0,0.0,0.0,0.0,0.0,0.23,28.4,37,3,407.3,,,28.4,10,4.7,1,308.0,308.0
2024-03-20 13:50:00-05:00,2024-03-20 13:50:00,27.3,4.5,8.3,19.9,25,0.0,0.0,0.0,0.0,0.0,0.23,28.39,37,4,440.4,,,28.39,18,4.3,1,308.0,308.0
2024-03-20 13:55:00-05:00,2024-03-20 13:55:00,26.8,1.1,7.4,19.9,75,0.0,0.0,0.0,0.0,0.0,0.23,28.39,37,3,367.0,,,28.39,59,4.5,1,308.0,308.0
2024-03-20 14:01:00-05:00,2024-03-20 14:01:00,27.0,10.1,10.1,19.9,333,0.0,0.0,0.0,0.0,0.0,0.23,28.39,36,3,402.4,,,28.39,353,4.5,1,308.0,308.0
2024-03-20 14:05:00-05:00,2024-03-20 14:05:00,27.5,6.5,6.7,19.9,344,0.0,0.0,0.0,0.0,0.0,0.23,28.39,36,4,411.1,,,28.39,19,3.8,1,308.0,308.0
2024-03-20 14:10:00-05:00,2024-03-20 14:10:00,27.1,2.5,11.2,19.9,0,0.0,0.0,0.0,0.0,0.0,0.23,28.39,35,3,325.4,,,28.39,344,4.9,1,308.0,308.0
2024-03-20 14:15:00-05:00,2024-03-20 14:15:00,27.5,2.2,9.4,19.9,18,0.0,0.0,0.0,0.0,0.0,0.23,28.38,36,3,390.2,,,28.38,344,4.7,1,308.0,308.0
2024-03-20 14:20:00-05:00,2024-03-20 14:20:00,28.6,3.8,11.9,19.9,19,0.0,0.0,0.0,0.0,0.0,0.23,28.38,36,4,499.1,,,28.38,8,4.9,1,308.0,308.0
2024-03-20 14:25:00-05:00,2024-03-20 14:25:00,28.8,4.3,7.2,19.9,106,0.0,0.0,0.0,0.0,0.0,0.23,28.38,36,5,556.6,,,28.38,344,3.8,1,308.0,308.0
2024-03-20 14:30:00-05:00,2024-03-20 14:30:00,29.5,5.6,8.5,19.9,14,0.0,0.0,0.0,0.0,0.0,0.23,28.38,34,2,285.0,,,28.38,19,3.1,1,308.0,308.0
2024-03-20 14:35:00-05:00,2024-03-20 14:35:00,28.4,2.0,10.3,19.9,38,0.0,0.0,0.0,0.0,0.0,0.23,28.37,34,3,389.0,,,28.37,19,3.8,1,308.0,308.0
2024-03-20 14:40:00-05:00,2024-03-20 14:40:00,29.7,3.4,7.6,19.9,356,0.0,0.0,0.0,0.0,0.0,0.23,28.38,34,5,567.6,,,28.38,356,4.5,1,308.0,308.0
2024-03-20 14:45:00-05:00,2024-03-20 14:45:00,30.2,4.3,6.9,19.9,40,0.0,0.0,0.0,0.0,0.0,0.23,28.38,33,1,195.7,,,28.38,55,3.1,1,308.0,308.0
2024-03-20 14:50:00-05:00,2024-03-20 14:50:00,28.4,6.5,9.8,19.9,61,0.0,0.0,0.0,0.0,0.0,0.23,28.37,34,4,484.4,,,28.37,7,4.7,1,308.0,308.0
2024-03-20 14:55:00-05:00,2024-03-20 14:55:00,29.5,4.7,9.6,19.9,281,0.0,0.0,0.0,0.0,0.0,0.23,28.36,32,4,466.1,,,28.36,43,4.9,1,308.0,308.0
2024-03-20 15:01:00-05:00,2024-03-20 15:01:00,29.5,7.4,12.3,19.9,69,0.0,0.0,0.0,0.0,0.0,0.23,28.37,33,4,419.6,,,28.37,20,4.7,1,308.0,308.0
2024-03-20 15:05:00-05:00,2024-03-20 15:05:00,29.1,4.9,10.1,19.9,55,0.0,0.0,0.0,0.0,0.0,0.23,28.37,32,4,504.0,,,28.37,19,4.7,1,308.0,308.0
2024-03-20 15:10:00-05:00,2024-03-20 15:10:00,29.1,4.0,8.7,19.9,1,0.0,0.0,0.0,0.0,0.0,0.23,28.37,33,4,507.7,,,28.37,8,4.7,1,308.0,308.0
2024-03-20 15:15:00-05:00,2024-03-20 15:15:00,30.7,8.3,12.5,19.9,326,0.0,0.0,0.0,0.0,0.0,0.23,28.37,33,4,412.2,,,28.37,322,4.7,1,308.0,308.0
2024-03-20 15:20:00-05:00,2024-03-20 15:20:00,30.4,3.4,5.6,19.9,335,0.0,0.0,0.0,0.0,0.0,0.23,28.36,33,4,486.9,,,28.36,328,4.0,1,308.0,308.0
2024-03-20 15:25:00-05:00,2024-03-20 15:25:00,30.9,2.5,12.8,19.9,343,0.0,0.0,0.0,0.0,0.0,0.23,28.36,33,4,472.2,,,28.36,328,4.3,1,308.0,308.0
2024-03-20 15:30:00-05:00,2024-03-20 15:30:00,30.2,6.3,7.8,19.9,328,0.0,0.0,0.0,0.0,0.0,0.23,28.36,32,4,466.1,,,28.36,354,4.7,1,308.0,308.0
2024-03-20 15:35:00-05:00,2024-03-20 15:35:00,30.9,6.0,6.7,19.9,14,0.0,0.0,0.0,0.0,0.0,0.23,28.36,34,4,480.7,,,28.36,6,4.9,1,308.0,308.0
2024-03-20 15:40:00-05:00,2024-03-20 15:40:00,30.6,2.0,7.8,19.9,8,0.0,0.0,0.0,0.0,0.0,0.23,28.36,32,4,458.7,,,28.36,29,4.9,1,308.0,308.0
2024-03-20 15:45:00-05:00,2024-03-20 15:45:00,30.4,6.3,10.3,19.9,64,0.0,0.0,0.0,0.0,0.0,0.23,28.35,32,4,485.6,,,28.35,33,4.9,1,308.0,308.0
2024-03-20 15:50:00-05:00,2024-03-20 15:50:00,29.8,4.5,12.1,19.9,8,0.0,0.0,0.0,0.0,0.0,0.23,28.35,33,4,450.2,,,28.35,3,4.9,1,308.0,308.0
2024-03-20 15:55:00-05:00,2024-03-20 15:55:00,30.7,5.4,6.0,19.9,72,0.0,0.0,0.0,0.0,0.0,0.23,28.36,32,4,460.0,,,28.36,23,5.1,1,308.0,308.0
2024-03-20 16:00:00-05:00,2024-03-20 16:00:00,30.4,1.3,7.4,19.9,0,0.0,0.0,0.0,0.0,0.0,0.23,28.36,32,3,369.5,,,28.36,8,5.1,1,308.0,308.0
2024-03-20 16:05:00-05:00,2024-03-20 16:05:00,29.8,4.7,11.2,19.9,24,0.0,0.0,0.0,0.0,0.0,0.23,28.37,33,2,208.0,,,28.37,0,4.7,1,308.0,308.0
2024-03-20 16:11:00-05:00,2024-03-20 16:11:00,29.5,2.9,8.3,19.9,333,0.0,0.0,0.0,0.0,0.0,0.23,28.36,32,1,156.6,,,28.36,357,4.3,1,308.0,308.0
2024-03-20 16:15:00-05:00,2024-03-20 16:15:00,30.7,3.4,4.7,19.9,35,0.0,0.0,0.0,0.0,0.0,0.23,28.36,32,3,370.6,,,28.36,26,4.3,1,308.0,308.0
2024-03-20 16:20:00-05:00,2024-03-20 16:20:00,31.3,1.3,3.1,19.9,11,0.0,0.0,0.0,0.0,0.0,0.23,28.35,33,2,298.5,,,28.35,0,3.1,1,308.0,308.0
2024-03-20 16:25:00-05:00,2024-03-20 16:25:00,30.7,4.9,7.2,19.9,43,0.0,0.0,0.0,0.0,0.0,0.23,28.36,32,4,439.1,,,28.36,63,4.3,1,308.0,308.0
2024-03-20 16:30:00-05:00,2024-03-20 16:30:00,31.8,1.8,6.7,19.9,270,0.0,0.0,0.0,0.0,0.0,0.23,28.36,31,3,376.8,,,28.36,52,3.8,1,308.0,308.0
2024-03-20 16:35:00-05:00,2024-03-20 16:35:00,31.3,5.1,11.6,19.9,82,0.0,0.0,0.0,0.0,0.0,0.23,28.35,31,4,412.2,,,28.35,24,3.4,1,308.0,308.0
2024-03-20 16:40:00-05:00,2024-03-20 16:40:00,30.0,4.5,5.6,19.9,346,0.0,0.0,0.0,0.0,0.0,0.23,28.35,31,2,288.7,,,28.35,345,4.9,1,308.0,308.0
2024-03-20 16:45:00-05:00,2024-03-20 16:45:00,30.6,2.5,4.5,19.9,357,0.0,0.0,0.0,0.0,0.0,0.23,28.34,31,2,218.9,,,28.34,353,3.6,1,308.0,308.0
2024-03-20 16:50:00-05:00,2024-03-20 16:50:00,29.7,4.5,10.3,19.9,79,0.0,0.0,0.0,0.0,0.0,0.23,28.34,31,2,203.1,,,28.34,69,3.4,1,308.0,308.0
2024-03-20 16:55:00-05:00,2024-03-20 16:55:00,29.7,3.6,5.8,19.9,30,0.0,0.0,0.0,0.0,0.0,0.23,28.35,31,1,154.1,,,28.35,7,5.1,1,308.0,308.0
2024-03-20 17:01:00-05:00,2024-03-20 17:01:00,30.2,2.7,4.3,19.9,11,0.0,0.0,0.0,0.0,0.0,0.23,28.35,32,1,182.2,,,28.35,28,3.4,1,308.0,308.0
2024-03-20 17:05:00-05:00,2024-03-20 17:05:00,30.4,5.6,5.6,19.9,352,0.0,0.0,0.0,0.0,0.0,0.23,28.36,32,1,145.5,,,28.36,37,2.5,1,308.0,308.0
2024-03-20 17:10:00-05:00,2024-03-20 17:10:00,30.7,0.0,4.7,19.9,346,0.0,0.0,0.0,0.0,0.0,0.23,28.36,32,1,152.9,,,28.36,98,2.7,1,308.0,308.0
2024-03-20 17:15:00-05:00,2024-03-20 17:15:00,30.9,2.2,3.6,19.9,26,0.0,0.0,0.0,0.0,0.0,0.23,28.35,32,1,161.5,,,28.35,98,2.5,1,308.0,308.0
2024-03-20 17:20:00-05:00,2024-03-20 17:20:00,30.0,4.7,7.2,19.9,6,0.0,0.0,0.0,0.0,0.0,0.23,28.35,32,1,126.0,,,28.35,6,2.7,1,308.0,308.0
2024-03-20 17:25:00-05:00,2024-03-20 17:25:00,29.7,3.4,5.4,19.9,87,0.0,0.0,0.0,0.0,0.0,0.23,28.36,32,0,89.3,,,28.36,0,4.0,1,308.0,308.0
2024-03-20 17:30:00-05:00,2024-03-20 17:30:00,29.5,2.0,8.3,19.9,24,0.0,0.0,0.0,0.0,0.0,0.23,28.36,34,1,118.6,,,28.36,35,4.7,1,308.0,308.0
2024-03-20 17:35:00-05:00,2024-03-20 17:35:00,29.7,6.0,10.1,19.9,315,0.0,0.0,0.0,0.0,0.0,0.23,28.36,33,1,113.7,,,28.36,26,5.1,1,308.0,308.0
2024-03-20 17:40:00-05:00,2024-03-20 17:40:00,29.8,5.4,6.9,19.9,27,0.0,0.0,0.0,0.0,0.0,0.23,28.36,33,1,100.3,,,28.36,23,4.0,1,308.0,308.0
2024-03-20 17:45:00-05:00,2024-03-20 17:45:00,29.8,2.9,7.4,19.9,72,0.0,0.0,0.0,0.0,0.0,0.23,28.36,32,0,83.2,,,28.36,358,3.1,1,308.0,308.0
2024-03-20 17:50:00-05:00,2024-03-20 17:50:00,28.9,1.3,9.4,19.9,270,0.0,0.0,0.0,0.0,0.0,0.23,28.35,33,0,53.8,,,28.35,24,2.9,1,308.0,308.0
2024-03-20 17:55:00-05:00,2024-03-20 17:55:00,28.6,2.7,14.8,19.9,60,0.0,0.0,0.0,0.0,0.0,0.23,28.35,33,0,47.7,,,28.35,28,3.4,1,308.0,308.0
2024-03-20 18:00:00-05:00,2024-03-20 18:00:00,28.9,5.4,6.9,19.9,340,0.0,0.0,0.0,0.0,0.0,0.23,28.36,34,0,62.4,,,28.36,32,4.0,1,308.0,308.0
2024-03-20 18:05:00-05:00,2024-03-20 18:05:00,28.9,2.5,5.6,19.9,12,0.0,0.0,0.0,0.0,0.0,0.23,28.36,34,0,78.3,,,28.36,32,3.6,1,308.0,308.0
2024-03-20 18:10:00-05:00,2024-03-20 18:10:00,28.9,5.1,9.4,19.9,29,0.0,0.0,0.0,0.0,0.0,0.23,28.36,34,0,57.5,,,28.36,354,5.4,1,308.0,308.0
2024-03-20 18:15:00-05:00,2024-03-20 18:15:00,28.4,3.1,10.5,19.9,25,0.0,0.0,0.0,0.0,0.0,0.23,28.35,34,0,61.2,,,28.35,70,4.9,1,308.0,308.0
2024-03-20 18:20:00-05:00,2024-03-20 18:20:00,28.0,8.7,8.7,19.9,90,0.0,0.0,0.0,0.0,0.0,0.23,28.35,35,0,22.0,,,28.35,24,4.9,1,308.0,308.0
2024-03-20 18:25:00-05:00,2024-03-20 18:25:00,27.5,6.0,8.9,19.9,23,0.0,0.0,0.0,0.0,0.0,0.23,28.35,35,0,28.1,,,28.35,76,4.9,1,308.0,308.0
2024-03-20 18:30:00-05:00,2024-03-20 18:30:00,27.7,2.5,6.3,19.9,108,0.0,0.0,0.0,0.0,0.0,0.23,28.34,35,0,22.0,,,28.34,82,4.5,1,308.0,308.0
2024-03-20 18:35:00-05:00,2024-03-20 18:35:00,27.7,5.4,7.8,19.9,30,0.0,0.0,0.0,0.0,0.0,0.23,28.35,36,0,35.4,,,28.35,81,4.0,1,308.0,308.0
2024-03-20 18:40:00-05:00,2024-03-20 18:40:00,27.5,3.8,8.1,19.9,74,0.0,0.0,0.0,0.0,0.0,0.23,28.35,36,0,45.2,,,28.35,73,4.0,1,308.0,308.0
2024-03-20 18:45:00-05:00,2024-03-20 18:45:00,27.3,5.4,7.2,19.9,20,0.0,0.0,0.0,0.0,0.0,0.23,28.35,36,0,26.9,,,28.35,14,4.5,1,308.0,308.0
2024-03-20 18:50:00-05:00,2024-03-20 18:50:00,27.1,3.4,6.5,19.9,301,0.0,0.0,0.0,0.0,0.0,0.23,28.35,37,0,24.5,,,28.35,22,4.5,1,308.0,308.0
2024-03-20 18:55:00-05:00,2024-03-20 18:55:00,27.0,6.5,7.6,19.9,358,0.0,0.0,0.0,0.0,0.0,0.23,28.35,36,0,15.9,,,28.35,30,4.3,1,308.0,308.0
2024-03-20 19:00:00-05:00,2024-03-20 19:00:00,26.6,5.1,6.9,19.9,98,0.0,0.0,0.0,0.0,0.0,0.23,28.34,36,0,4.9,,,28.34,47,4.0,1,308.0,308.0
2024-03-20 19:05:00-05:00,2024-03-20 19:05:00,26.6,6.7,9.4,19.9,43,0.0,0.0,0.0,0.0,0.0,0.23,28.36,36,0,1.2,,,28.36,49,4.5,1,308.0,308.0
2024-03-20 19:10:00-05:00,2024-03-20 19:10:00,26.2,8.5,8.5,19.9,59,0.0,0.0,0.0,0.0,0.0,0.23,28.35,36,0,3.6,,,28.35,42,4.5,1,308.0,308.0
2024-03-20 19:15:00-05:00,2024-03-20 19:15:00,26.1,5.6,5.6,19.9,56,0.0,0.0,0.0,0.0,0.0,0.23,28.35,37,0,2.5,,,28.35,41,4.3,1,308.0,308.0
2024-03-20 19:20:00-05:00,2024-03-20 19:20:00,26.2,3.6,5.4,19.9,52,0.0,0.0,0.0,0.0,0.0,0.23,28.35,36,0,1.2,,,28.35,79,3.1,1,308.0,308.0
2024-03-20 19:25:00-05:00,2024-03-20 19:25:00,26.4,4.0,4.9,19.9,96,0.0,0.0,0.0,0.0,0.0,0.23,28.35,36,0,0.0,,,28.35,80,3.1,1,308.0,308.0
2024-03-20 19:30:00-05:00,2024-03-20 19:30:00,26.1,5.4,8.7,19.9,22,0.0,0.0,0.0,0.0,0.0,0.23,28.34,37,0,0.0,,,28.34,107,3.4,1,308.0,308.0
2024-03-20 19:35:00-05:00,2024-03-20 19:35:00,25.3,3.8,6.5,19.9,332,0.0,0.0,0.0,0.0,0.0,0.23,28.35,41,0,0.0,,,28.35,55,3.8,1,308.0,308.0
2024-03-20 19:40:00-05:00,2024-03-20 19:40:00,25.3,4.5,4.7,19.9,86,0.0,0.0,0.0,0.0,0.0,0.23,28.35,43,0,0.0,,,28.35,55,3.8,1,308.0,308.0
2024-03-20 19:45:00-05:00,2024-03-20 19:45:00,25.3,3.8,8.3,19.9,45,0.0,0.0,0.0,0.0,0.0,0.23,28.35,45,0,0.0,,,28.35,21,3.1,1,308.0,308.0
2024-03-20 19:50:00-05:00,2024-03-20 19:50:00,24.4,3.1,7.8,19.9,70,0.0,0.0,0.0,0.0,0.0,0.23,28.35,50,0,0.0,,,28.35,30,4.0,1,308.0,308.0
2024-03-20 19:55:00-05:00,2024-03-20 19:55:00,24.6,2.0,3.6,19.9,53,0.0,0.0,0.0,0.0,0.0,0.23,28.35,51,0,0.0,,,28.35,30,3.1,1,308.0,308.0
2024-03-20 20:00:00-05:00,2024-03-20 20:00:00,24.6,1.6,3.4,19.9,56,0.0,0.0,0.0,0.0,0.0,0.23,28.35,51,0,0.0,,,28.35,26,1.6,1,308.0,308.0
2024-03-20 20:05:00-05:00,2024-03-20 20:05:00,24.8,1.8,3.8,19.9,12,0.0,0.0,0.0,0.0,0.0,0.23,28.34,51,0,0.0,,,28.34,4,2.0,1,308.0,308.0
2024-03-20 20:10:00-05:00,2024-03-20 20:10:00,24.6,3.6,4.9,19.9,134,0.0,0.0,0.0,0.0,0.0,0.23,28.35,51,0,0.0,,,28.35,51,2.0,1,308.0,308.0
2024-03-20 20:15:00-05:00,2024-03-20 20:15:00,24.6,2.2,4.7,19.9,86,0.0,0.0,0.0,0.0,0.0,0.23,28.35,51,0,0.0,,,28.35,60,2.0,1,308.0,308.0
2024-03-20 20:20:00-05:00,2024-03-20 20:20:00,24.6,1.8,6.0,19.9,59,0.0,0.0,0.0,0.0,0.0,0.23,28.35,51,0,0.0,,,28.35,132,2.5,1,308.0,308.0
2024-03-20 20:25:00-05:00,2024-03-20 20:25:00,25.2,3.1,4.7,19.9,49,0.0,0.0,0.0,0.0,0.0,0.23,28.35,50,0,0.0,,,28.35,84,2.5,1,308.0,308.0
2024-03-20 20:30:00-05:00,2024-03-20 20:30:00,24.4,2.0,7.4,19.9,117,0.0,0.0,0.0,0.0,0.0,0.23,28.36,49,0,0.0,,,28.36,81,2.5,1,308.0,308.0
2024-03-20 20:35:00-05:00,2024-03-20 20:35:00,24.6,2.9,5.8,19.9,90,0.0,0.0,0.0,0.0,0.0,0.23,28.35,49,0,0.0,,,28.35,104,3.8,1,308.0,308.0
2024-03-20 20:40:00-05:00,2024-03-20 20:40:00,24.8,3.4,6.7,19.9,100,0.0,0.0,0.0,0.0,0.0,0.23,28.36,47,0,0.0,,,28.36,90,3.4,1,308.0,308.0
2024-03-20 20:45:00-05:00,2024-03-20 20:45:00,25.0,4.5,4.5,19.9,68,0.0,0.0,0.0,0.0,0.0,0.23,28.36,46,0,0.0,,,28.36,99,3.1,1,308.0,308.0
2024-03-20 20:50:00-05:00,2024-03-20 20:50:00,24.6,1.3,4.0,19.9,90,0.0,0.0,0.0,0.0,0.0,0.23,28.36,47,0,0.0,,,28.36,70,3.1,1,308.0,308.0
2024-03-20 20:55:00-05:00,2024-03-20 20:55:00,24.8,5.1,6.0,19.9,139,0.0,0.0,0.0,0.0,0.0,0.23,28.36,49,0,0.0,,,28.36,102,2.9,1,308.0,308.0
2024-03-20 21:00:00-05:00,2024-03-20 21:00:00,24.6,3.6,4.7,19.9,128,0.0,0.0,0.0,0.0,0.0,0.23,28.37,49,0,0.0,,,28.37,117,3.8,1,308.0,308.0
2024-03-20 21:05:00-05:00,2024-03-20 21:05:00,24.8,2.2,4.0,19.9,68,0.0,0.0,0.0,0.0,0.0,0.23,28.37,48,0,0.0,,,28.37,125,3.6,1,308.0,308.0
2024-03-20 21:10:00-05:00,2024-03-20 21:10:00,24.6,2.5,3.4,19.9,116,0.0,0.0,0.0,0.0,0.0,0.23,28.36,49,0,0.0,,,28.36,53,2.2,1,308.0,308.0
2024-03-20 21:15:00-05:00,2024-03-20 21:15:00,24.8,2.0,3.4,19.9,41,0.0,0.0,0.0,0.0,0.0,0.23,28.37,50,0,0.0,,,28.37,49,1.6,1,308.0,308.0
2024-03-20 21:20:00-05:00,2024-03-20 21:20:00,24.6,6.0,8.9,19.9,130,0.0,0.0,0.0,0.0,0.0,0.23,28.38,50,0,0.0,,,28.38,56,2.2,1,308.0,308.0
2024-03-20 21:25:00-05:00,2024-03-20 21:25:00,24.3,3.6,3.8,19.9,117,0.0,0.0,0.0,0.0,0.0,0.23,28.38,50,0,0.0,,,28.38,61,2.5,1,308.0,308.0
2024-03-20 21:30:00-05:00,2024-03-20 21:30:00,24.3,2.0,6.3,19.9,121,0.0,0.0,0.0,0.0,0.0,0.23,28.37,51,0,0.0,,,28.37,105,3.4,1,308.0,308.0
2024-03-20 21:35:00-05:00,2024-03-20 21:35:00,24.3,3.8,4.5,19.9,15,0.0,0.0,0.0,0.0,0.0,0.23,28.38,50,0,0.0,,,28.38,114,3.4,1,308.0,308.0
2024-03-20 21:40:00-05:00,2024-03-20 21:40:00,24.3,2.5,4.5,19.9,70,0.0,0.0,0.0,0.0,0.0,0.23,28.38,53,0,0.0,,,28.38,75,2.9,1,308.0,308.0
2024-03-20 21:45:00-05:00,2024-03-20 21:45:00,23.7,6.7,6.7,19.9,62,0.0,0.0,0.0,0.0,0.0,0.23,28.38,53,0,0.0,,,28.38,79,2.9,1,308.0,308.0
2024-03-20 21:50:00-05:00,2024-03-20 21:50:00,23.5,2.5,4.3,19.9,103,0.0,0.0,0.0,0.0,0.0,0.23,28.37,54,0,0.0,,,28.37,82,2.2,1,308.0,308.0
2024-03-20 21:55:00-05:00,2024-03-20 21:55:00,23.5,0.0,5.4,19.9,74,0.0,0.0,0.0,0.0,0.0,0.23,28.38,53,0,0.0,,,28.38,93,2.5,1,308.0,308.0
2024-03-20 22:00:00-05:00,2024-03-20 22:00:00,23.5,1.8,4.5,19.9,8,0.0,0.0,0.0,0.0,0.0,0.23,28.38,54,0,0.0,,,28.38,36,2.2,1,308.0,308.0
2024-03-20 22:05:00-05:00,2024-03-20 22:05:00,23.2,0.0,6.9,19.9,356,0.0,0.0,0.0,0.0,0.0,0.23,28.38,58,0,0.0,,,28.38,60,2.2,1,308.0,308.0
2024-03-20 22:10:00-05:00,2024-03-20 22:10:00,23.2,1.8,3.8,19.9,52,0.0,0.0,0.0,0.0,0.0,0.23,28.39,58,0,0.0,,,28.39,99,1.8,1,308.0,308.0
2024-03-20 22:15:00-05:00,2024-03-20 22:15:00,23.5,3.4,5.6,19.9,48,0.0,0.0,0.0,0.0,0.0,0.23,28.39,59,0,0.0,,,28.39,79,1.8,1,308.0,308.0
2024-03-20 22:20:00-05:00,2024-03-20 22:20:00,22.6,2.5,6.0,19.9,107,0.0,0.0,0.0,0.0,0.0,0.23,28.38,62,0,0.0,,,28.38,78,2.7,1,308.0,308.0
2024-03-20 22:25:00-05:00,2024-03-20 22:25:00,22.6,2.5,3.8,19.9,111,0.0,0.0,0.0,0.0,0.0,0.23,28.38,64,0,0.0,,,28.38,79,2.5,1,308.0,308.0
2024-03-20 22:30:00-05:00,2024-03-20 22:30:00,22.8,3.1,4.3,19.9,43,0.0,0.0,0.0,0.0,0.0,0.23,28.38,63,0,0.0,,,28.38,81,2.5,1,308.0,308.0
2024-03-20 22:35:00-05:00,2024-03-20 22:35:00,21.9,5.1,6.0,19.9,57,0.0,0.0,0.0,0.0,0.0,0.23,28.37,70,0,0.0,,,28.37,39,3.1,1,308.0,308.0
2024-03-20 22:40:00-05:00,2024-03-20 22:40:00,20.8,4.3,7.6,19.9,53,0.0,0.0,0.0,0.0,0.0,0.23,28.38,77,0,0.0,,,28.38,28,3.6,1,308.0,308.0
2024-03-20 22:45:00-05:00,2024-03-20 22:45:00,20.5,2.5,6.5,19.9,69,0.0,0.0,0.0,0.0,0.0,0.23,28.38,80,0,0.0,,,28.38,73,3.6,1,308.0,308.0
2024-03-20 22:50:00-05:00,2024-03-20 22:50:00,20.7,4.3,4.7,19.9,150,0.0,0.0,0.0,0.0,0.0,0.23,28.37,82,0,0.0,,,28.37,73,3.1,1,308.0,308.0
2024-03-20 22:55:00-05:00,2024-03-20 22:55:00,20.7,1.1,4.9,19.9,340,0.0,0.0,0.0,0.0,0.0,0.23,28.37,83,0,0.0,,,28.37,74,2.7,1,308.0,308.0
2024-03-20 23:00:00-05:00,2024-03-20 23:00:00,20.8,2.0,5.6,19.9,41,0.0,0.0,0.0,0.0,0.0,0.23,28.38,82,0,0.0,,,28.38,105,2.7,1,308.0,308.0
2024-03-20 23:05:00-05:00,2024-03-20 23:05:00,21.0,0.0,2.5,19.9,103,0.0,0.0,0.0,0.0,0.0,0.23,28.38,82,0,0.0,,,28.38,119,1.8,1,308.0,308.0
2024-03-20 23:10:00-05:00,2024-03-20 23:10:00,21.0,3.4,6.0,19.9,75,0.0,0.0,0.0,0.0,0.0,0.23,28.38,82,0,0.0,,,28.38,81,2.5,1,308.0,308.0
2024-03-20 23:15:00-05:00,2024-03-20 23:15:00,20.7,2.5,5.8,19.9,66,0.0,0.0,0.0,0.0,0.0,0.23,28.38,82,0,0.0,,,28.38,81,3.6,1,308.0,308.0
2024-03-20 23:20:00-05:00,2024-03-20 23:20:00,20.5,3.8,5.6,19.9,85,0.0,0.0,0.0,0.0,0.0,0.23,28.37,81,0,0.0,,,28.37,66,3.8,1,308.0,308.0
2024-03-20 23:25:00-05:00,2024-03-20 23:25:00,21.0,2.5,5.8,19.9,76,0.0,0.0,0.0,0.0,0.0,0.23,28.38,81,0,0.0,,,28.38,72,2.5,1,308.0,308.0
2024-03-20 23:30:00-05:00,2024-03-20 23:30:00,20.8,1.8,3.4,19.9,95,0.0,0.0,0.0,0.0,0.0,0.23,28.37,80,0,0.0,,,28.37,87,2.5,1,308.0,308.0
2024-03-20 23:35:00-05:00,2024-03-20 23:35:00,20.8,3.1,6.3,19.9,80,0.0,0.0,0.0,0.0,0.0,0.23,28.37,79,0,0.0,,,28.37,107,3.6,1,308.0,308.0
2024-03-20 23:40:00-05:00,2024-03-20 23:40:00,20.8,3.4,4.9,19.9,85,0.0,0.0,0.0,0.0,0.0,0.23,28.37,77,0,0.0,,,28.37,56,2.9,1,308.0,308.0
2024-03-20 23:45:00-05:00,2024-03-20 23:45:00,20.8,6.0,6.9,19.9,80,0.0,0.0,0.0,0.0,0.0,0.23,28.37,75,0,0.0,,,28.37,83,2.5,1,308.0,308.0
2024-03-20 23:50:00-05:00,2024-03-20 23:50:00,21.2,6.0,8.3,19.9,73,0.0,0.0,0.0,0.0,0.0,0.23,28.37,73,0,0.0,,,28.37,90,3.1,1,308.0,308.0
2024-03-20 23:55:00-05:00,2024-03-20 23:55:00,21.2,3.1,5.1,19.9,71,0.0,0.0,0.0,0.0,0.0,0.23,28.37,73,0,0.0,,,28.37,99,3.1,1,308.0,308.0
2024-03-21 00:00:00-05:00,2024-03-21 00:00:00,21.4,4.0,11.6,19.9,160,0.0,0.0,0.0,0.0,0.0,0.23,28.37,72,0,0.0,,,28.37,103,3.1,1,308.0,308.0
2024-03-21 00:05:00-05:00,2024-03-21 00:05:00,21.2,4.7,7.8,11.6,139,0.0,0.0,0.0,0.0,0.0,0.23,28.37,72,0,0.0,,,28.37,108,3.6,1,308.0,308.0
2024-03-21 00:10:00-05:00,2024-03-21 00:10:00,21.6,1.6,6.0,11.6,176,0.0,0.0,0.0,0.0,0.0,0.23,28.37,72,0,0.0,,,28.37,109,3.1,1,308.0,308.0
2024-03-21 00:15:00-05:00,2024-03-21 00:15:00,21.4,6.3,7.8,11.6,106,0.0,0.0,0.0,0.0,0.0,0.23,28.36,71,0,0.0,,,28.36,93,2.7,1,308.0,308.0
2024-03-21 00:20:00-05:00,2024-03-21 00:20:00,21.4,2.7,6.0,11.6,188,0.0,0.0,0.0,0.0,0.0,0.23,28.37,71,0,0.0,,,28.37,93,4.0,1,308.0,308.0
2024-03-21 00:25:00-05:00,2024-03-21 00:25:00,21.4,6.3,8.5,11.6,131,0.0,0.0,0.0,0.0,0.0,0.23,28.37,70,0,0.0,,,28.37,94,4.0,1,308.0,308.0
2024-03-21 00:30:00-05:00,2024-03-21 00:30:00,21.6,3.1,4.7,11.6,159,0.0,0.0,0.0,0.0,0.0,0.23,28.37,70,0,0.0,,,28.37,95,3.6,1,308.0,308.0
2024-03-21 00:35:00-05:00,2024-03-21 00:35:00,21.4,5.4,5.4,11.6,32,0.0,0.0,0.0,0.0,0.0,0.23,28.37,70,0,0.0,,,28.37,69,3.6,1,308.0,308.0
2024-03-21 00:40:00-05:00,2024-03-21 00:40:00,21.6,2.2,6.5,11.6,101,0.0,0.0,0.0,0.0,0.0,0.23,28.37,70,0,0.0,,,28.37,103,3.1,1,308.0,308.0
2024-03-21 00:45:00-05:00,2024-03-21 00:45:00,21.4,3.4,6.0,11.6,98,0.0,0.0,0.0,0.0,0.0,0.23,28.36,71,0,0.0,,,28.36,104,3.8,1,308.0,308.0
2024-03-21 00:50:00-05:00,2024-03-21 00:50:00,21.6,7.6,11.2,11.6,108,0.0,0.0,0.0,0.0,0.0,0.23,28.36,70,0,0.0,,,28.36,110,4.0,1,308.0,308.0
2024-03-21 00:55:00-05:00,2024-03-21 00:55:00,21.7,5.8,7.4,11.6,77,0.0,0.0,0.0,0.0,0.0,0.23,28.37,68,0,0.0,,,28.37,95,3.6,1,308.0,308.0
2024-03-21 01:00:00-05:00,2024-03-21 01:00:00,21.4,5.6,6.9,11.6,119,0.0,0.0,0.0,0.0,0.0,0.23,28.36,67,0,0.0,,,28.36,97,3.4,1,308.0,308.0
2024-03-21 01:05:00-05:00,2024-03-21 01:05:00,21.7,1.3,8.9,11.6,212,0.0,0.0,0.0,0.0,0.0,0.23,28.36,66,0,0.0,,,28.36,92,4.3,1,308.0,308.0
2024-03-21 01:10:00-05:00,2024-03-21 01:10:00,21.7,4.9,10.1,11.6,90,0.0,0.0,0.0,0.0,0.0,0.23,28.36,63,0,0.0,,,28.36,97,4.5,1,308.0,308.0
2024-03-21 01:15:00-05:00,2024-03-21 01:15:00,21.9,2.9,6.0,11.6,78,0.0,0.0,0.0,0.0,0.0,0.23,28.36,62,0,0.0,,,28.36,90,3.8,1,308.0,308.0
2024-03-21 01:20:00-05:00,2024-03-21 01:20:00,22.1,3.4,7.2,11.6,134,0.0,0.0,0.0,0.0,0.0,0.23,28.36,62,0,0.0,,,28.36,93,3.1,1,308.0,308.0
2024-03-21 01:25:00-05:00,2024-03-21 01:25:00,21.9,5.4,8.5,11.6,113,0.0,0.0,0.0,0.0,0.0,0.23,28.36,61,0,0.0,,,28.36,120,3.4,1,308.0,308.0
2024-03-21 01:30:00-05:00,2024-03-21 01:30:00,22.1,5.4,7.6,11.6,95,0.0,0.0,0.0,0.0,0.0,0.23,28.36,61,0,0.0,,,28.36,101,3.4,1,308.0,308.0
2024-03-21 01:35:00-05:00,2024-03-21 01:35:00,21.7,4.5,9.2,11.6,126,0.0,0.0,0.0,0.0,0.0,0.23,28.36,60,0,0.0,,,28.36,93,4.7,1,308.0,308.0
2024-03-21 01:40:00-05:00,2024-03-21 01:40:00,21.7,5.6,11.9,11.9,101,0.0,0.0,0.0,0.0,0.0,0.23,28.35,58,0,0.0,,,28.35,92,5.4,1,308.0,308.0
2024-03-21 01:45:00-05:00,2024-03-21 01:45:00,21.9,5.6,7.4,11.9,101,0.0,0.0,0.0,0.0,0.0,0.23,28.36,58,0,0.0,,,28.36,111,4.9,1,308.0,308.0
2024-03-21 01:50:00-05:00,2024-03-21 01:50:00,22.3,4.7,7.2,11.9,129,0.0,0.0,0.0,0.0,0.0,0.23,28.35,57,0,0.0,,,28.35,110,5.4,1,308.0,308.0
2024-03-21 01:55:00-05:00,2024-03-21 01:55:00,22.1,4.7,7.4,11.9,106,0.0,0.0,0.0,0.0,0.0,0.23,28.36,55,0,0.0,,,28.36,110,4.9,1,308.0,308.0
2024-03-21 02:00:00-05:00,2024-03-21 02:00:00,22.3,3.8,10.1,11.9,92,0.0,0.0,0.0,0.0,0.0,0.23,28.36,54,0,0.0,,,28.36,125,4.5,1,308.0,308.0
2024-03-21 02:05:00-05:00,2024-03-21 02:05:00,22.1,3.6,7.2,11.9,95,0.0,0.0,0.0,0.0,0.0,0.23,28.36,54,0,0.0,,,28.36,111,4.0,1,308.0,308.0
2024-03-21 02:10:00-05:00,2024-03-21 02:10:00,22.1,3.8,10.7,11.9,72,0.0,0.0,0.0,0.0,0.0,0.23,28.37,54,0,0.0,,,28.37,113,4.5,1,308.0,308.0
2024-03-21 02:15:00-05:00,2024-03-21 02:15:00,22.3,1.8,4.7,11.9,139,0.0,0.0,0.0,0.0,0.0,0.23,28.36,55,0,0.0,,,28.36,76,4.3,1,308.0,308.0
2024-03-21 02:20:00-05:00,2024-03-21 02:20:00,22.3,2.5,4.5,11.9,101,0.0,0.0,0.0,0.0,0.0,0.23,28.36,54,0,0.0,,,28.36,112,3.8,1,308.0,308.0
2024-03-21 02:25:00-05:00,2024-03-21 02:25:00,22.3,3.4,7.8,11.9,97,0.0,0.0,0.0,0.0,0.0,0.23,28.37,54,0,0.0,,,28.37,105,3.4,1,308.0,308.0
2024-03-21 02:30:00-05:00,2024-03-21 02:30:00,21.9,6.3,12.1,12.1,87,0.0,0.0,0.0,0.0,0.0,0.23,28.37,54,0,0.0,,,28.37,97,4.7,1,308.0,308.0
2024-03-21 02:35:00-05:00,2024-03-21 02:35:00,21.9,3.4,7.8,12.1,126,0.0,0.0,0.0,0.0,0.0,0.23,28.36,54,0,0.0,,,28.36,98,6.0,1,308.0,308.0
2024-03-21 02:40:00-05:00,2024-03-21 02:40:00,22.3,4.5,8.3,12.1,124,0.0,0.0,0.0,0.0,0.0,0.23,28.36,53,0,0.0,,,28.36,106,4.7,1,308.0,308.0
2024-03-21 02:45:00-05:00,2024-03-21 02:45:00,22.5,1.8,5.6,12.1,61,0.0,0.0,0.0,0.0,0.0,0.23,28.37,53,0,0.0,,,28.37,113,3.4,1,308.0,308.0
2024-03-21 02:50:00-05:00,2024-03-21 02:50:00,22.3,3.4,6.0,12.1,41,0.0,0.0,0.0,0.0,0.0,0.23,28.37,52,0,0.0,,,28.37,85,3.4,1,308.0,308.0
2024-03-21 02:55:00-05:00,2024-03-21 02:55:00,22.1,3.8,4.5,12.1,112,0.0,0.0,0.0,0.0,0.0,0.23,28.37,52,0,0.0,,,28.37,85,3.4,1,308.0,308.0
2024-03-21 03:00:00-05:00,2024-03-21 03:00:00,22.3,4.0,11.9,12.1,109,0.0,0.0,0.0,0.0,0.0,0.23,28.37,50,0,0.0,,,28.37,129,2.9,1,308.0,308.0
2024-03-21 03:05:00-05:00,2024-03-21 03:05:00,22.1,2.2,6.3,12.1,127,0.0,0.0,0.0,0.0,0.0,0.23,28.37,49,0,0.0,,,28.37,66,2.7,1,308.0,308.0
2024-03-21 03:10:00-05:00,2024-03-21 03:10:00,21.9,6.9,10.3,12.1,90,0.0,0.0,0.0,0.0,0.0,0.23,28.37,49,0,0.0,,,28.37,104,3.8,1,308.0,308.0
2024-03-21 03:15:00-05:00,2024-03-21 03:15:00,21.7,2.7,11.2,13.6,169,0.0,0.0,0.0,0.0,0.0,0.23,28.38,50,0,0.0,,,28.38,110,4.3,1,308.0,308.0
2024-03-21 03:20:00-05:00,2024-03-21 03:20:00,22.5,2.9,6.3,13.6,81,0.0,0.0,0.0,0.0,0.0,0.23,28.37,50,0,0.0,,,28.37,114,3.1,1,308.0,308.0
2024-03-21 03:25:00-05:00,2024-03-21 03:25:00,21.7,5.1,6.5,14.3,79,0.0,0.0,0.0,0.0,0.0,0.23,28.37,50,0,0.0,,,28.37,114,3.4,1,308.0,308.0
2024-03-21 03:30:00-05:00,2024-03-21 03:30:00,21.6,2.9,8.3,14.3,84,0.0,0.0,0.0,0.0,0.0,0.23,28.37,50,0,0.0,,,28.37,109,4.7,1,308.0,308.0
2024-03-21 03:35:00-05:00,2024-03-21 03:35:00,21.6,4.3,8.7,14.3,121,0.0,0.0,0.0,0.0,0.0,0.23,28.36,51,0,0.0,,,28.36,102,4.5,1,308.0,308.0
2024-03-21 03:40:00-05:00,2024-03-21 03:40:00,21.7,4.0,8.9,14.3,54,0.0,0.0,0.0,0.0,0.0,0.23,28.36,51,0,0.0,,,28.36,102,4.3,1,308.0,308.0
2024-03-21 03:45:00-05:00,2024-03-21 03:45:00,21.4,3.8,9.4,14.3,90,0.0,0.0,0.0,0.0,0.0,0.23,28.36,50,0,0.0,,,28.36,90,5.1,1,308.0,308.0
2024-03-21 03:50:00-05:00,2024-03-21 03:50:00,21.7,3.8,10.1,14.3,72,0.0,0.0,0.0,0.0,0.0,0.23,28.36,50,0,0.0,,,28.36,90,4.7,1,308.0,308.0
2024-03-21 03:55:00-05:00,2024-03-21 03:55:00,21.6,5.4,13.9,14.3,90,0.0,0.0,0.0,0.0,0.0,0.23,28.36,51,0,0.0,,,28.36,112,4.5,1,308.0,308.0
2024-03-21 04:00:00-05:00,2024-03-21 04:00:00,21.6,3.6,8.5,14.3,55,0.0,0.0,0.0,0.0,0.0,0.23,28.37,51,0,0.0,,,28.37,111,4.5,1,308.0,308.0
2024-03-21 04:05:00-05:00,2024-03-21 04:05:00,21.4,4.0,16.3,16.3,88,0.0,0.0,0.0,0.0,0.0,0.23,28.36,51,0,0.0,,,28.36,101,4.0,1,308.0,308.0
2024-03-21 04:10:00-05:00,2024-03-21 04:10:00,21.2,7.8,12.3,16.3,104,0.0,0.0,0.0,0.0,0.0,0.23,28.36,50,0,0.0,,,28.36,93,4.9,1,308.0,308.0
2024-03-21 04:15:00-05:00,2024-03-21 04:15:00,21.6,3.6,5.8,16.3,37,0.0,0.0,0.0,0.0,0.0,0.23,28.37,51,0,0.0,,,28.37,95,4.3,1,308.0,308.0
2024-03-21 04:20:00-05:00,2024-03-21 04:20:00,21.6,2.9,11.0,16.3,66,0.0,0.0,0.0,0.0,0.0,0.23,28.36,50,0,0.0,,,28.36,108,4.3,1,308.0,308.0
2024-03-21 04:25:00-05:00,2024-03-21 04:25:00,21.7,3.8,6.5,16.3,90,0.0,0.0,0.0,0.0,0.0,0.23,28.36,50,0,0.0,,,28.36,117,3.6,1,308.0,308.0
2024-03-21 04:30:00-05:00,2024-03-21 04:30:00,21.4,7.4,8.3,16.3,95,0.0,0.0,0.0,0.0,0.0,0.23,28.36,51,0,0.0,,,28.36,110,2.9,1,308.0,308.0
2024-03-21 04:35:00-05:00,2024-03-21 04:35:00,21.2,6.9,9.8,16.3,102,0.0,0.0,0.0,0.0,0.0,0.23,28.36,50,0,0.0,,,28.36,110,4.5,1,308.0,308.0
2024-03-21 04:40:00-05:00,2024-03-21 04:40:00,21.2,6.5,9.4,16.3,100,0.0,0.0,0.0,0.0,0.0,0.23,28.35,49,0,0.0,,,28.35,94,4.5,1,308.0,308.0
2024-03-21 04:45:00-05:00,2024-03-21 04:45:00,21.4,5.8,10.1,16.3,109,0.0,0.0,0.0,0.0,0.0,0.23,28.35,49,0,0.0,,,28.35,105,4.5,1,308.0,308.0
2024-03-21 04:50:00-05:00,2024-03-21 04:50:00,21.2,2.5,8.3,16.3,119,0.0,0.0,0.0,0.0,0.0,0.23,28.35,49,0,0.0,,,28.35,98,4.3,1,308.0,308.0
2024-03-21 04:55:00-05:00,2024-03-21 04:55:00,21.2,2.9,9.4,16.3,62,0.0,0.0,0.0,0.0,0.0,0.23,28.35,49,0,0.0,,,28.35,99,4.7,1,308.0,308.0
2024-03-21 05:00:00-05:00,2024-03-21 05:00:00,21.0,5.4,8.5,16.3,84,0.0,0.0,0.0,0.0,0.0,0.23,28.36,50,0,0.0,,,28.36,99,4.3,1,308.0,308.0
2024-03-21 05:05:00-05:00,2024-03-21 05:05:00,21.0,0.0,10.3,16.3,74,0.0,0.0,0.0,0.0,0.0,0.23,28.37,51,0,0.0,,,28.37,90,4.3,1,308.0,308.0
2024-03-21 05:10:00-05:00,2024-03-21 05:10:00,20.8,5.4,12.5,16.3,69,0.0,0.0,0.0,0.0,0.0,0.23,28.36,51,0,0.0,,,28.36,97,4.7,1,308.0,308.0
2024-03-21 05:15:00-05:00,2024-03-21 05:15:00,20.5,4.9,10.3,16.3,61,0.0,0.0,0.0,0.0,0.0,0.23,28.36,51,0,0.0,,,28.36,69,4.7,1,308.0,308.0
2024-03-21 05:20:00-05:00,2024-03-21 05:20:00,20.5,1.3,16.6,16.6,18,0.0,0.0,0.0,0.0,0.0,0.23,28.36,51,0,0.0,,,28.36,69,5.6,1,308.0,308.0
2024-03-21 05:25:00-05:00,2024-03-21 05:25:00,20.7,2.9,11.6,16.6,113,0.0,0.0,0.0,0.0,0.0,0.23,28.36,52,0,0.0,,,28.36,103,4.9,1,308.0,308.0
2024-03-21 05:30:00-05:00,2024-03-21 05:30:00,20.7,2.2,8.9,16.6,90,0.0,0.0,0.0,0.0,0.0,0.23,28.36,52,0,0.0,,,28.36,85,4.9,1,308.0,308.0
2024-03-21 05:35:00-05:00,2024-03-21 05:35:00,20.5,3.6,7.6,16.6,95,0.0,0.0,0.0,0.0,0.0,0.23,28.36,52,0,0.0,,,28.36,106,4.9,1,308.0,308.0
2024-03-21 05:40:00-05:00,2024-03-21 05:40:00,20.5,4.9,8.3,16.6,138,0.0,0.0,0.0,0.0,0.0,0.23,28.37,53,0,0.0,,,28.37,110,4.7,1,308.0,308.0
2024-03-21 05:45:00-05:00,2024-03-21 05:45:00,20.7,4.9,6.0,16.6,342,0.0,0.0,0.0,0.0,0.0,0.23,28.37,53,0,0.0,,,28.37,180,3.6,1,308.0,308.0
2024-03-21 05:50:00-05:00,2024-03-21 05:50:00,21.0,5.1,9.6,16.6,67,0.0,0.0,0.0,0.0,0.0,0.23,28.37,53,0,0.0,,,28.37,120,3.4,1,308.0,308.0
2024-03-21 05:55:00-05:00,2024-03-21 05:55:00,20.5,2.0,8.5,16.6,112,0.0,0.0,0.0,0.0,0.0,0.23,28.36,53,0,0.0,,,28.36,108,3.8,1,308.0,308.0
2024-03-21 06:00:00-05:00,2024-03-21 06:00:00,20.7,2.9,10.1,16.6,96,0.0,0.0,0.0,0.0,0.0,0.23,28.36,53,0,0.0,,,28.36,108,4.7,1,308.0,308.0
2024-03-21 06:05:00-05:00,2024-03-21 06:05:00,20.5,4.0,11.9,16.6,75,0.0,0.0,0.0,0.0,0.0,0.23,28.37,53,0,0.0,,,28.37,106,3.6,1,308.0,308.0
2024-03-21 06:10:00-05:00,2024-03-21 06:10:00,20.1,5.1,12.3,16.6,98,0.0,0.0,0.0,0.0,0.0,0.23,28.36,53,0,0.0,,,28.36,90,4.3,1,308.0,308.0
2024-03-21 06:15:00-05:00,2024-03-21 06:15:00,19.9,1.8,12.5,16.6,146,0.0,0.0,0.0,0.0,0.0,0.23,28.36,53,0,0.0,,,28.36,92,5.1,1,308.0,308.0
2024-03-21 06:20:00-05:00,2024-03-21 06:20:00,20.1,3.4,13.6,16.6,39,0.0,0.0,0.0,0.0,0.0,0.23,28.36,54,0,0.0,,,28.36,110,4.5,1,308.0,308.0
2024-03-21 06:25:00-05:00,2024-03-21 06:25:00,19.9,2.5,12.3,16.6,111,0.0,0.0,0.0,0.0,0.0,0.23,28.35,54,0,0.0,,,28.35,105,4.7,1,308.0,308.0
2024-03-21 06:30:00-05:00,2024-03-21 06:30:00,20.1,2.5,7.4,16.6,114,0.0,0.0,0.0,0.0,0.0,0.23,28.35,55,0,0.0,,,28.35,105,4.7,1,308.0,308.0
2024-03-21 06:35:00-05:00,2024-03-21 06:35:00,20.1,2.9,12.5,16.6,160,0.0,0.0,0.0,0.0,0.0,0.23,28.36,54,0,0.0,,,28.36,100,4.9,1,308.0,308.0
2024-03-21 06:40:00-05:00,2024-03-21 06:40:00,20.3,4.7,13.6,16.6,110,0.0,0.0,0.0,0.0,0.0,0.23,28.36,54,0,0.0,,,28.36,94,4.9,1,308.0,308.0
2024-03-21 06:45:00-05:00,2024-03-21 06:45:00,19.9,2.5,13.0,16.6,120,0.0,0.0,0.0,0.0,0.0,0.23,28.36,54,0,0.0,,,28.36,71,4.9,1,308.0,308.0
2024-03-21 06:50:00-05:00,2024-03-21 06:50:00,20.5,8.1,9.8,16.6,113,0.0,0.0,0.0,0.0,0.0,0.23,28.37,54,0,0.0,,,28.37,105,4.9,1,308.0,308.0
2024-03-21 06:55:00-05:00,2024-03-21 06:55:00,20.7,3.6,5.6,16.6,27,0.0,0.0,0.0,0.0,0.0,0.23,28.37,53,0,0.0,,,28.37,112,4.0,1,308.0,308.0
2024-03-21 07:00:00-05:00,2024-03-21 07:00:00,20.5,1.3,10.1,16.6,90,0.0,0.0,0.0,0.0,0.0,0.23,28.36,53,0,0.0,,,28.36,111,4.3,1,308.0,308.0
2024-03-21 07:05:00-05:00,2024-03-21 07:05:00,20.5,3.8,9.2,16.6,79,0.0,0.0,0.0,0.0,0.0,0.23,28.37,52,0,0.0,,,28.37,102,4.5,1,308.0,308.0
2024-03-21 07:10:00-05:00,2024-03-21 07:10:00,20.3,4.0,7.4,16.6,86,0.0,0.0,0.0,0.0,0.0,0.23,28.36,52,0,0.0,,,28.36,105,4.3,1,308.0,308.0
2024-03-21 07:15:00-05:00,2024-03-21 07:15:00,20.5,2.0,8.3,16.6,86,0.0,0.0,0.0,0.0,0.0,0.23,28.36,52,0,0.0,,,28.36,110,4.0,1,308.0,308.0
2024-03-21 07:20:00-05:00,2024-03-21 07:20:00,20.5,4.9,8.9,16.6,116,0.0,0.0,0.0,0.0,0.0,0.23,28.36,53,0,0.0,,,28.36,90,4.5,1,308.0,308.0
2024-03-21 07:25:00-05:00,2024-03-21 07:25:00,20.5,1.8,6.7,16.6,115,0.0,0.0,0.0,0.0,0.0,0.23,28.36,54,0,0.0,,,28.36,95,4.7,1,308.0,308.0
2024-03-21 07:30:00-05:00,2024-03-21 07:30:00,20.5,3.6,8.9,16.6,132,0.0,0.0,0.0,0.0,0.0,0.23,28.36,54,0,0.0,,,28.36,103,4.9,1,308.0,308.0
2024-03-21 07:35:00-05:00,2024-03-21 07:35:00,20.5,3.8,7.4,16.6,33,0.0,0.0,0.0,0.0,0.0,0.23,28.37,54,0,1.2,,,28.37,87,4.5,1,308.0,308.0
2024-03-21 07:40:00-05:00,2024-03-21 07:40:00,20.3,3.8,11.0,16.6,105,0.0,0.0,0.0,0.0,0.0,0.23,28.36,54,0,2.5,,,28.36,98,4.3,1,308.0,308.0
2024-03-21 07:45:00-05:00,2024-03-21 07:45:00,20.3,3.8,6.7,16.6,68,0.0,0.0,0.0,0.0,0.0,0.23,28.36,55,0,3.6,,,28.36,87,4.5,1,308.0,308.0
2024-03-21 07:50:00-05:00,2024-03-21 07:50:00,20.7,2.7,6.7,16.6,25,0.0,0.0,0.0,0.0,0.0,0.23,28.37,55,0,7.3,,,28.37,114,3.6,1,308.0,308.0
2024-03-21 07:55:00-05:00,2024-03-21 07:55:00,20.7,0.0,8.7,16.6,75,0.0,0.0,0.0,0.0,0.0,0.23,28.37,55,0,8.5,,,28.37,105,3.4,1,308.0,308.0
2024-03-21 08:00:00-05:00,2024-03-21 08:00:00,20.5,3.6,9.2,16.6,99,0.0,0.0,0.0,0.0,0.0,0.23,28.38,55,0,11.0,,,28.38,105,3.6,1,308.0,308.0
2024-03-21 08:05:00-05:00,2024-03-21 08:05:00,20.5,3.8,14.3,16.6,119,0.0,0.0,0.0,0.0,0.0,0.23,28.37,54,0,12.2,,,28.37,127,4.0,1,308.0,308.0
2024-03-21 08:10:00-05:00,2024-03-21 08:10:00,20.7,4.3,8.3,16.6,92,0.0,0.0,0.0,0.0,0.0,0.23,28.38,55,0,14.7,,,28.38,110,5.4,1,308.0,308.0
2024-03-21 08:15:00-05:00,2024-03-21 08:15:00,20.5,6.7,13.6,16.6,117,0.0,0.0,0.0,0.0,0.0,0.23,28.39,55,0,18.3,,,28.39,108,4.9,1,308.0,308.0
2024-03-21 08:20:00-05:00,2024-03-21 08:20:00,21.0,5.1,6.7,16.6,79,0.0,0.0,0.0,0.0,0.0,0.23,28.39,54,0,22.0,,,28.39,102,5.1,1,308.0,308.0
2024-03-21 08:25:00-05:00,2024-03-21 08:25:00,20.8,5.1,16.6,16.6,95,0.0,0.0,0.0,0.0,0.0,0.23,28.38,54,0,25.6,,,28.38,96,5.4,1,308.0,308.0
2024-03-21 08:30:00-05:00,2024-03-21 08:30:00,21.0,5.8,9.6,16.6,130,0.0,0.0,0.0,0.0,0.0,0.23,28.37,54,0,28.1,,,28.37,111,4.9,1,308.0,308.0
2024-03-21 08:35:00-05:00,2024-03-21 08:35:00,21.2,6.7,16.6,16.6,80,0.0,0.0,0.0,0.0,0.0,0.23,28.37,52,0,34.3,,,28.37,126,4.5,1,308.0,308.0
2024-03-21 08:40:00-05:00,2024-03-21 08:40:00,21.2,3.4,12.5,16.6,85,0.0,0.0,0.0,0.0,0.0,0.23,28.38,51,0,37.9,,,28.38,108,4.7,1,308.0,308.0
2024-03-21 08:45:00-05:00,2024-03-21 08:45:00,21.6,5.1,7.4,16.6,101,0.0,0.0,0.0,0.0,0.0,0.23,28.37,51,0,37.9,,,28.37,104,4.3,1,308.0,308.0
2024-03-21 08:50:00-05:00,2024-03-21 08:50:00,21.4,6.0,15.9,16.6,97,0.0,0.0,0.0,0.0,0.0,0.23,28.37,49,0,40.3,,,28.37,92,6.3,1,308.0,308.0
2024-03-21 08:55:00-05:00,2024-03-21 08:55:00,21.2,11.2,15.9,16.6,97,0.0,0.0,0.0,0.0,0.0,0.23,28.37,48,0,50.1,,,28.37,96,6.3,1,308.0,308.0
2024-03-21 09:00:00-05:00,2024-03-21 09:00:00,21.6,5.6,8.5,16.6,139,0.0,0.0,0.0,0.0,0.0,0.23,28.37,49,0,39.1,,,28.37,109,6.0,1,308.0,308.0
2024-03-21 09:05:00-05:00,2024-03-21 09:05:00,21.7,1.8,12.3,16.6,128,0.0,0.0,0.0,0.0,0.0,0.23,28.37,48,0,44.0,,,28.37,111,6.3,1,308.0,308.0
2024-03-21 09:10:00-05:00,2024-03-21 09:10:00,21.9,10.5,12.3,16.6,131,0.0,0.0,0.0,0.0,0.0,0.23,28.37,47,0,52.6,,,28.37,111,6.5,1,308.0,308.0
2024-03-21 09:15:00-05:00,2024-03-21 09:15:00,21.7,4.3,13.9,16.6,66,0.0,0.0,0.0,0.0,0.0,0.23,28.37,47,0,51.4,,,28.37,106,6.3,1,308.0,308.0
2024-03-21 09:20:00-05:00,2024-03-21 09:20:00,21.7,6.9,16.1,16.6,88,0.0,0.0,0.0,0.0,0.0,0.23,28.37,48,0,75.8,,,28.37,128,6.9,1,308.0,308.0
2024-03-21 09:25:00-05:00,2024-03-21 09:25:00,21.7,6.9,15.4,16.6,141,0.0,0.0,0.0,0.0,0.0,0.23,28.37,48,0,80.7,,,28.37,128,7.8,1,308.0,308.0
2024-03-21 09:30:00-05:00,2024-03-21 09:30:00,22.5,3.6,10.7,16.6,105,0.0,0.0,0.0,0.0,0.0,0.23,28.37,47,0,75.8,,,28.37,115,7.2,1,308.0,308.0
2024-03-21 09:35:00-05:00,2024-03-21 09:35:00,22.3,6.0,11.6,16.6,134,0.0,0.0,0.0,0.0,0.0,0.23,28.37,48,0,77.0,,,28.37,123,6.0,1,308.0,308.0
2024-03-21 09:40:00-05:00,2024-03-21 09:40:00,22.6,7.6,13.9,16.6,136,0.0,0.0,0.0,0.0,0.0,0.23,28.37,47,0,81.9,,,28.37,113,6.3,1,308.0,308.0
2024-03-21 09:45:00-05:00,2024-03-21 09:45:00,22.6,1.6,11.0,16.6,80,0.0,0.0,0.0,0.0,0.0,0.23,28.37,48,0,84.4,,,28.37,133,6.9,1,308.0,308.0
2024-03-21 09:50:00-05:00,2024-03-21 09:50:00,22.8,6.0,15.0,16.6,128,0.0,0.0,0.0,0.0,0.0,0.23,28.37,47,0,93.0,,,28.37,107,5.4,1,308.0,308.0
2024-03-21 09:55:00-05:00,2024-03-21 09:55:00,22.8,4.3,9.6,16.6,92,0.0,0.0,0.0,0.0,0.0,0.23,28.36,47,1,101.5,,,28.36,106,5.4,1,308.0,308.0
2024-03-21 10:00:00-05:00,2024-03-21 10:00:00,23.2,4.0,9.8,16.6,116,0.0,0.0,0.0,0.0,0.0,0.23,28.37,48,1,113.7,,,28.37,106,5.8,1,308.0,308.0
2024-03-21 10:05:00-05:00,2024-03-21 10:05:00,23.2,4.3,11.9,16.6,115,0.0,0.0,0.0,0.0,0.0,0.23,28.36,47,1,134.6,,,28.36,96,5.4,1,308.0,308.0
2024-03-21 10:10:00-05:00,2024-03-21 10:10:00,23.4,15.4,19.0,19.0,119,0.0,0.0,0.0,0.0,0.0,0.23,28.37,47,1,127.2,,,28.37,113,8.1,1,308.0,308.0
2024-03-21 10:15:00-05:00,2024-03-21 10:15:00,23.5,5.1,16.8,19.0,108,0.0,0.0,0.0,0.0,0.0,0.23,28.36,46,1,124.8,,,28.36,100,8.3,1,308.0,308.0
2024-03-21 10:20:00-05:00,2024-03-21 10:20:00,23.5,8.5,25.9,25.9,99,0.0,0.0,0.0,0.0,0.0,0.23,28.36,45,1,99.0,,,28.36,129,8.7,1,308.0,308.0
2024-03-21 10:25:00-05:00,2024-03-21 10:25:00,23.7,9.2,15.4,25.9,102,0.0,0.0,0.0,0.0,0.0,0.23,28.36,45,1,143.1,,,28.36,123,7.8,1,308.0,308.0
2024-03-21 10:30:00-05:00,2024-03-21 10:30:00,24.1,3.8,14.3,25.9,45,0.0,0.0,0.0,0.0,0.0,0.23,28.36,45,1,148.0,,,28.36,117,7.8,1,308.0,308.0
2024-03-21 10:35:00-05:00,2024-03-21 10:35:00,24.3,8.7,16.1,25.9,129,0.0,0.0,0.0,0.0,0.0,0.23,28.36,45,1,152.9,,,28.36,93,8.1,1,308.0,308.0
2024-03-21 10:40:00-05:00,2024-03-21 10:40:00,24.3,10.5,17.7,25.9,119,0.0,0.0,0.0,0.0,0.0,0.23,28.37,44,1,144.4,,,28.37,110,7.6,1,308.0,308.0
2024-03-21 10:45:00-05:00,2024-03-21 10:45:00,24.8,5.6,13.9,25.9,64,0.0,0.0,0.0,0.0,0.0,0.23,28.36,43,1,163.9,,,28.36,125,6.7,1,308.0,308.0
2024-03-21 10:50:00-05:00,2024-03-21 10:50:00,25.0,6.3,11.6,25.9,105,0.0,0.0,0.0,0.0,0.0,0.23,28.36,43,1,178.6,,,28.36,71,6.5,1,308.0,308.0
2024-03-21 10:55:00-05:00,2024-03-21 10:55:00,25.3,12.3,16.1,25.9,154,0.0,0.0,0.0,0.0,0.0,0.23,28.36,42,1,194.5,,,28.36,112,7.8,1,308.0,308.0
2024-03-21 11:00:00-05:00,2024-03-21 11:00:00,25.3,8.3,13.2,25.9,75,0.0,0.0,0.0,0.0,0.0,0.23,28.36,42,2,226.3,,,28.36,100,6.9,1,308.0,308.0
2024-03-21 11:05:00-05:00,2024-03-21 11:05:00,26.1,6.3,11.2,25.9,107,0.0,0.0,0.0,0.0,0.0,0.23,28.36,42,2,222.7,,,28.36,103,6.7,1,308.0,308.0
2024-03-21 11:10:00-05:00,2024-03-21 11:10:00,25.9,13.0,20.8,25.9,97,0.0,0.0,0.0,0.0,0.0,0.23,28.36,42,2,223.8,,,28.36,127,8.1,1,308.0,308.0
2024-03-21 11:15:00-05:00,2024-03-21 11:15:00,26.2,6.3,15.4,25.9,97,0.0,0.0,0.0,0.0,0.0,0.23,28.35,42,2,217.8,,,28.35,135,6.9,1,308.0,308.0
2024-03-21 11:20:00-05:00,2024-03-21 11:20:00,26.4,7.8,16.6,25.9,144,0.0,0.0,0.0,0.0,0.0,0.23,28.36,41,2,225.1,,,28.36,97,6.9,1,308.0,308.0
2024-03-21 11:25:00-05:00,2024-03-21 11:25:00,26.2,16.3,16.8,25.9,98,0.0,0.0,0.0,0.0,0.0,0.23,28.35,41,2,210.4,,,28.35,123,9.2,1,308.0,308.0
2024-03-21 11:30:00-05:00,2024-03-21 11:30:00,26.6,8.7,13.9,25.9,129,0.0,0.0,0.0,0.0,0.0,0.23,28.35,41,2,266.7,,,28.35,120,10.3,1,308.0,308.0
2024-03-21 11:35:00-05:00,2024-03-21 11:35:00,27.1,5.1,12.3,25.9,105,0.0,0.0,0.0,0.0,0.0,0.23,28.35,41,2,277.7,,,28.35,135,9.4,1,308.0,308.0
2024-03-21 11:40:00-05:00,2024-03-21 11:40:00,27.3,13.4,16.3,25.9,119,0.0,0.0,0.0,0.0,0.0,0.23,28.35,40,2,252.0,,,28.35,113,9.2,1,308.0,308.0
2024-03-21 11:45:00-05:00,2024-03-21 11:45:00,27.1,8.5,17.7,25.9,130,0.0,0.0,0.0,0.0,0.0,0.23,28.35,40,2,234.9,,,28.35,130,9.2,1,308.0,308.0
2024-03-21 11:50:00-05:00,2024-03-21 11:50:00,27.9,0.0,13.2,25.9,90,0.0,0.0,0.0,0.0,0.0,0.23,28.35,40,2,253.2,,,28.35,126,8.9,1,308.0,308.0
2024-03-21 11:55:00-05:00,2024-03-21 11:55:00,27.5,4.0,18.6,25.9,94,0.0,0.0,0.0,0.0,0.0,0.23,28.34,39,2,222.7,,,28.34,126,8.1,1,308.0,308.0
2024-03-21 12:00:00-05:00,2024-03-21 12:00:00,27.7,11.2,24.2,25.9,98,0.0,0.0,0.0,0.0,0.0,0.23,28.35,39,1,193.3,,,28.35,108,8.1,1,308.0,308.0
2024-03-21 12:05:00-05:00,2024-03-21 12:05:00,28.6,6.3,11.4,25.9,128,0.0,0.0,0.0,0.0,0.0,0.23,28.34,38,3,313.2,,,28.34,93,6.9,1,308.0,308.0
2024-03-21 12:10:00-05:00,2024-03-21 12:10:00,29.1,13.9,13.9,25.9,127,0.0,0.0,0.0,0.0,0.0,0.23,28.34,38,2,280.1,,,28.34,133,6.7,1,308.0,308.0
2024-03-21 12:15:00-05:00,2024-03-21 12:15:00,29.1,6.0,17.2,25.9,98,0.0,0.0,0.0,0.0,0.0,0.23,28.34,37,1,193.3,,,28.34,130,8.1,1,308.0,308.0
2024-03-21 12:20:00-05:00,2024-03-21 12:20:00,28.0,13.0,19.0,25.9,123,0.0,0.0,0.0,0.0,0.0,0.23,28.34,37,1,183.5,,,28.34,111,9.2,1,308.0,308.0
2024-03-21 12:25:00-05:00,2024-03-21 12:25:00,28.9,9.6,12.1,25.9,131,0.0,0.0,0.0,0.0,0.0,0.23,28.34,37,2,245.9,,,28.34,118,6.7,1,308.0,308.0
2024-03-21 12:30:00-05:00,2024-03-21 12:30:00,28.9,11.4,21.7,25.9,116,0.0,0.0,0.0,0.0,0.0,0.23,28.34,37,2,253.2,,,28.34,129,6.9,1,308.0,308.0
2024-03-21 12:35:00-05:00,2024-03-21 12:35:00,29.7,9.4,18.1,25.9,131,0.0,0.0,0.0,0.0,0.0,0.23,28.33,36,3,315.6,,,28.33,103,8.1,1,308.0,308.0
2024-03-21 12:40:00-05:00,2024-03-21 12:40:00,29.5,13.4,19.9,25.9,114,0.0,0.0,0.0,0.0,0.0,0.23,28.33,36,2,243.4,,,28.33,127,10.3,1,308.0,308.0
2024-03-21 12:45:00-05:00,2024-03-21 12:45:00,29.5,6.3,16.1,25.9,146,0.0,0.0,0.0,0.0,0.0,0.23,28.33,36,2,210.4,,,28.33,121,10.5,1,308.0,308.0
2024-03-21 12:50:00-05:00,2024-03-21 12:50:00,29.5,14.1,19.5,25.9,127,0.0,0.0,0.0,0.0,0.0,0.23,28.32,35,2,226.3,,,28.32,94,10.3,1,308.0,308.0
2024-03-21 12:55:00-05:00,2024-03-21 12:55:00,29.8,8.9,17.7,25.9,138,0.0,0.0,0.0,0.0,0.0,0.23,28.32,35,2,289.9,,,28.32,105,10.1,1,308.0,308.0
2024-03-21 13:00:00-05:00,2024-03-21 13:00:00,30.6,7.8,16.6,25.9,122,0.0,0.0,0.0,0.0,0.0,0.23,28.33,35,3,352.3,,,28.33,142,9.4,1,308.0,308.0
2024-03-21 13:05:00-05:00,2024-03-21 13:05:00,30.9,6.5,19.5,25.9,101,0.0,0.0,0.0,0.0,0.0,0.23,28.32,34,4,422.0,,,28.32,135,8.9,1,308.0,308.0
2024-03-21 13:10:00-05:00,2024-03-21 13:10:00,32.0,9.6,19.9,25.9,113,0.0,0.0,0.0,0.0,0.0,0.23,28.31,34,4,469.8,,,28.31,131,8.1,1,308.0,308.0
2024-03-21 13:15:00-05:00,2024-03-21 13:15:00,31.5,13.2,15.0,25.9,111,0.0,0.0,0.0,0.0,0.0,0.23,28.32,34,3,343.7,,,28.32,130,8.9,1,308.0,308.0
2024-03-21 13:20:00-05:00,2024-03-21 13:20:00,30.6,14.1,17.7,25.9,129,0.0,0.0,0.0,0.0,0.0,0.23,28.3,35,2,239.8,,,28.3,110,10.7,1,308.0,308.0
2024-03-21 13:25:00-05:00,2024-03-21 13:25:00,31.3,11.4,17.9,25.9,98,0.0,0.0,0.0,0.0,0.0,0.23,28.31,34,1,189.6,,,28.31,115,11.4,1,308.0,308.0
2024-03-21 13:31:00-05:00,2024-03-21 13:31:00,30.7,10.1,19.2,25.9,134,0.0,0.0,0.0,0.0,0.0,0.23,28.3,34,1,195.7,,,28.3,110,10.1,1,308.0,308.0
2024-03-21 13:35:00-05:00,2024-03-21 13:35:00,31.5,7.4,15.0,25.9,124,0.0,0.0,0.0,0.0,0.0,0.23,28.3,34,2,212.9,,,28.3,121,10.1,1,308.0,308.0
2024-03-21 13:40:00-05:00,2024-03-21 13:40:00,31.8,13.4,18.1,25.9,101,0.0,0.0,0.0,0.0,0.0,0.23,28.3,33,3,349.9,,,28.3,110,9.6,1,308.0,308.0
2024-03-21 13:45:00-05:00,2024-03-21 13:45:00,31.6,7.4,22.8,25.9,126,0.0,0.0,0.0,0.0,0.0,0.23,28.29,33,2,275.2,,,28.29,113,10.7,1,308.0,308.0
2024-03-21 13:50:00-05:00,2024-03-21 13:50:00,32.2,12.5,18.3,25.9,123,0.0,0.0,0.0,0.0,0.0,0.23,28.29,33,2,220.2,,,28.29,108,10.7,1,308.0,308.0
2024-03-21 13:55:00-05:00,2024-03-21 13:55:00,32.4,8.5,15.7,25.9,111,0.0,0.0,0.0,0.0,0.0,0.23,28.29,33,1,195.7,,,28.29,125,8.7,1,308.0,308.0
2024-03-21 14:00:00-05:00,2024-03-21 14:00:00,31.6,13.0,20.4,25.9,100,0.0,0.0,0.0,0.0,0.0,0.23,28.29,33,1,167.6,,,28.29,126,7.2,1,308.0,308.0
2024-03-21 14:05:00-05:00,2024-03-21 14:05:00,32.2,8.1,19.7,25.9,132,0.0,0.0,0.0,0.0,0.0,0.23,28.28,33,1,160.2,,,28.28,123,8.1,1,308.0,308.0
2024-03-21 14:10:00-05:00,2024-03-21 14:10:00,32.4,3.8,13.6,25.9,124,0.0,0.0,0.0,0.0,0.0,0.23,28.28,34,1,138.2,,,28.28,138,8.3,1,308.0,308.0
2024-03-21 14:15:00-05:00,2024-03-21 14:15:00,32.0,8.1,19.0,25.9,134,0.0,0.0,0.0,0.0,0.0,0.23,28.26,35,2,233.6,,,28.26,142,9.8,1,308.0,308.0
2024-03-21 14:20:00-05:00,2024-03-21 14:20:00,32.5,5.4,11.0,25.9,79,0.0,0.0,0.0,0.0,0.0,0.23,28.26,35,1,173.7,,,28.26,146,9.8,1,308.0,308.0
2024-03-21 14:25:00-05:00,2024-03-21 14:25:00,32.2,11.4,17.2,25.9,128,0.0,0.0,0.0,0.0,0.0,0.23,28.27,34,1,174.9,,,28.27,107,8.1,1,308.0,308.0
2024-03-21 14:30:00-05:00,2024-03-21 14:30:00,32.2,12.1,13.9,25.9,147,0.0,0.0,0.0,0.0,0.0,0.23,28.27,35,1,156.6,,,28.27,121,7.6,1,308.0,308.0
2024-03-21 14:35:00-05:00,2024-03-21 14:35:00,32.2,5.1,14.8,25.9,122,0.0,0.0,0.0,0.0,0.0,0.23,28.26,36,1,172.4,,,28.26,137,9.4,1,308.0,308.0
2024-03-21 14:40:00-05:00,2024-03-21 14:40:00,32.4,10.5,21.5,25.9,152,0.0,0.0,0.0,0.0,0.0,0.23,28.26,38,2,203.1,,,28.26,124,10.1,1,308.0,308.0
2024-03-21 14:45:00-05:00,2024-03-21 14:45:00,32.4,13.4,17.4,25.9,120,0.0,0.0,0.0,0.0,0.0,0.23,28.26,38,1,195.7,,,28.26,133,10.1,1,308.0,308.0
2024-03-21 14:50:00-05:00,2024-03-21 14:50:00,32.0,4.5,18.6,25.9,141,0.0,0.0,0.0,0.0,0.0,0.23,28.25,37,2,203.1,,,28.25,135,10.1,1,308.0,308.0
2024-03-21 14:55:00-05:00,2024-03-21 14:55:00,31.8,6.7,14.8,25.9,131,0.0,0.0,0.0,0.0,0.0,0.23,28.25,39,1,154.1,,,28.25,130,10.1,1,308.0,308.0
2024-03-21 15:00:00-05:00,2024-03-21 15:00:00,32.2,10.7,17.7,25.9,129,0.0,0.0,0.0,0.0,0.0,0.23,28.25,39,1,183.5,,,28.25,106,8.7,1,308.0,308.0
2024-03-21 15:05:00-05:00,2024-03-21 15:05:00,32.4,9.4,16.1,25.9,130,0.0,0.0,0.0,0.0,0.0,0.23,28.24,39,1,170.0,,,28.24,125,8.7,1,308.0,308.0
2024-03-21 15:10:00-05:00,2024-03-21 15:10:00,33.1,4.0,13.2,25.9,177,0.0,0.0,0.0,0.0,0.0,0.23,28.24,38,1,157.8,,,28.24,130,8.3,1,308.0,308.0
2024-03-21 15:15:00-05:00,2024-03-21 15:15:00,32.5,13.4,15.9,25.9,102,0.0,0.0,0.0,0.0,0.0,0.23,28.24,39,1,160.2,,,28.24,126,8.3,1,308.0,308.0
2024-03-21 15:20:00-05:00,2024-03-21 15:20:00,32.4,11.4,17.4,25.9,137,0.0,0.0,0.0,0.0,0.0,0.23,28.24,39,1,170.0,,,28.24,129,9.6,1,308.0,308.0
2024-03-21 15:25:00-05:00,2024-03-21 15:25:00,32.9,12.8,14.1,25.9,135,0.0,0.0,0.0,0.0,0.0,0.23,28.24,41,1,179.8,,,28.24,137,8.5,1,308.0,308.0
2024-03-21 15:30:00-05:00,2024-03-21 15:30:00,32.5,10.1,14.5,25.9,160,0.0,0.0,0.0,0.0,0.0,0.23,28.23,41,1,162.7,,,28.23,134,7.6,1,308.0,308.0
2024-03-21 15:35:00-05:00,2024-03-21 15:35:00,32.4,11.4,14.1,25.9,108,0.0,0.0,0.0,0.0,0.0,0.23,28.22,42,1,194.5,,,28.22,127,9.2,1,308.0,308.0
2024-03-21 15:40:00-05:00,2024-03-21 15:40:00,33.6,11.2,17.7,25.9,136,0.0,0.0,0.0,0.0,0.0,0.23,28.22,41,2,217.8,,,28.22,112,9.2,1,308.0,308.0
2024-03-21 15:45:00-05:00,2024-03-21 15:45:00,32.9,8.7,15.7,25.9,94,0.0,0.0,0.0,0.0,0.0,0.23,28.22,42,2,210.4,,,28.22,112,9.6,1,308.0,308.0
2024-03-21 15:50:00-05:00,2024-03-21 15:50:00,33.1,11.2,15.2,25.9,127,0.0,0.0,0.0,0.0,0.0,0.23,28.22,43,2,205.5,,,28.22,111,9.2,1,308.0,308.0
2024-03-21 15:55:00-05:00,2024-03-21 15:55:00,32.7,6.3,15.7,25.9,103,0.0,0.0,0.0,0.0,0.0,0.23,28.21,44,1,201.8,,,28.21,94,8.5,1,308.0,308.0
2024-03-21 16:00:00-05:00,2024-03-21 16:00:00,32.9,10.1,17.2,25.9,118,0.0,0.0,0.0,0.0,0.0,0.23,28.21,43,1,172.4,,,28.21,94,9.4,1,308.0,308.0
2024-03-21 16:05:00-05:00,2024-03-21 16:05:00,33.6,4.0,13.2,25.9,68,0.0,0.0,0.0,0.0,0.0,0.23,28.21,44,1,156.6,,,28.21,116,6.7,1,308.0,308.0
2024-03-21 16:10:00-05:00,2024-03-21 16:10:00,33.1,3.4,13.6,25.9,52,0.0,0.0,0.0,0.0,0.0,0.23,28.21,43,1,149.3,,,28.21,121,6.3,1,308.0,308.0
2024-03-21 16:15:00-05:00,2024-03-21 16:15:00,33.3,13.2,13.2,25.9,120,0.0,0.0,0.0,0.0,0.0,0.23,28.21,44,1,189.6,,,28.21,93,7.6,1,308.0,308.0
2024-03-21 16:20:00-05:00,2024-03-21 16:20:00,32.9,9.6,17.9,25.9,125,0.0,0.0,0.0,0.0,0.0,0.23,28.21,45,1,198.2,,,28.21,87,9.6,1,308.0,308.0
2024-03-21 16:25:00-05:00,2024-03-21 16:25:00,33.3,5.1,21.0,25.9,83,0.0,0.0,0.0,0.0,0.0,0.23,28.2,44,1,188.4,,,28.2,101,10.1,1,308.0,308.0
2024-03-21 16:30:00-05:00,2024-03-21 16:30:00,33.6,9.4,13.6,25.9,133,0.0,0.0,0.0,0.0,0.0,0.23,28.2,45,1,171.3,,,28.2,105,8.7,1,308.0,308.0
2024-03-21 16:35:00-05:00,2024-03-21 16:35:00,33.6,8.5,16.3,25.9,95,0.0,0.0,0.0,0.0,0.0,0.23,28.2,43,2,211.6,,,28.2,75,8.7,1,308.0,308.0
2024-03-21 16:40:00-05:00,2024-03-21 16:40:00,33.6,5.8,20.6,25.9,138,0.0,0.0,0.0,0.0,0.0,0.23,28.19,44,2,211.6,,,28.19,117,9.6,1,308.0,308.0
2024-03-21 16:45:00-05:00,2024-03-21 16:45:00,34.2,11.4,15.4,25.9,79,0.0,0.0,0.0,0.0,0.0,0.23,28.19,44,2,206.7,,,28.19,91,8.5,1,308.0,308.0
2024-03-21 16:50:00-05:00,2024-03-21 16:50:00,33.6,11.6,17.9,25.9,116,0.0,0.0,0.0,0.0,0.0,0.23,28.18,45,1,161.5,,,28.18,79,8.5,1,308.0,308.0
2024-03-21 16:55:00-05:00,2024-03-21 16:55:00,33.8,10.1,14.5,25.9,120,0.0,0.0,0.0,0.0,0.0,0.23,28.19,45,1,151.7,,,28.19,129,9.2,1,308.0,308.0
2024-03-21 17:00:00-05:00,2024-03-21 17:00:00,33.8,8.1,13.9,25.9,105,0.0,0.0,0.0,0.0,0.0,0.23,28.19,45,1,145.5,,,28.19,128,9.2,1,308.0,308.0
2024-03-21 17:05:00-05:00,2024-03-21 17:05:00,33.8,11.6,17.4,25.9,104,0.0,0.0,0.0,0.0,0.0,0.23,28.19,43,1,124.8,,,28.19,105,8.3,1,308.0,308.0
2024-03-21 17:10:00-05:00,2024-03-21 17:10:00,34.0,6.0,10.3,25.9,72,0.0,0.0,0.0,0.0,0.0,0.23,28.19,43,1,105.2,,,28.19,114,8.3,1,308.0,308.0
2024-03-21 17:15:00-05:00,2024-03-21 17:15:00,33.6,10.1,11.4,25.9,132,0.0,0.0,0.0,0.0,0.0,0.23,28.19,43,0,86.8,,,28.19,117,6.9,1,308.0,308.0
2024-03-21 17:20:00-05:00,2024-03-21 17:20:00,33.3,3.8,15.2,25.9,135,0.0,0.0,0.0,0.0,0.0,0.23,28.18,43,0,68.5,,,28.18,112,6.9,1,308.0,308.0
2024-03-21 17:25:00-05:00,2024-03-21 17:25:00,33.1,4.5,15.2,25.9,92,0.0,0.0,0.0,0.0,0.0,0.23,28.18,44,0,63.6,,,28.18,129,8.1,1,308.0,308.0
2024-03-21 17:30:00-05:00,2024-03-21 17:30:00,33.1,7.4,10.7,25.9,128,0.0,0.0,0.0,0.0,0.0,0.23,28.19,44,0,62.4,,,28.19,146,7.2,1,308.0,308.0
2024-03-21 17:35:00-05:00,2024-03-21 17:35:00,32.9,4.9,14.8,25.9,61,0.0,0.0,0.0,0.0,0.0,0.23,28.19,44,0,56.3,,,28.19,109,7.2,1,308.0,308.0
2024-03-21 17:40:00-05:00,2024-03-21 17:40:00,33.1,6.7,15.9,25.9,116,0.0,0.0,0.0,0.0,0.0,0.23,28.18,44,0,55.0,,,28.18,102,6.9,1,308.0,308.0
2024-03-21 17:45:00-05:00,2024-03-21 17:45:00,32.9,6.5,14.3,25.9,92,0.0,0.0,0.0,0.0,0.0,0.23,28.18,45,0,64.8,,,28.18,117,6.3,1,308.0,308.0
2024-03-21 17:50:00-05:00,2024-03-21 17:50:00,33.1,4.9,10.7,25.9,90,0.0,0.0,0.0,0.0,0.0,0.23,28.19,45,0,63.6,,,28.19,112,6.7,1,308.0,308.0
2024-03-21 17:55:00-05:00,2024-03-21 17:55:00,33.3,4.9,13.9,25.9,64,0.0,0.0,0.0,0.0,0.0,0.23,28.18,45,0,71.0,,,28.18,106,6.5,1,308.0,308.0
2024-03-21 18:00:00-05:00,2024-03-21 18:00:00,33.4,16.6,16.6,25.9,112,0.0,0.0,0.0,0.0,0.0,0.23,28.18,44,0,81.9,,,28.18,123,6.3,1,308.0,308.0
2024-03-21 18:05:00-05:00,2024-03-21 18:05:00,33.1,4.7,15.9,25.9,107,0.0,0.0,0.0,0.0,0.0,0.23,28.18,43,0,58.7,,,28.18,104,8.5,1,308.0,308.0
2024-03-21 18:10:00-05:00,2024-03-21 18:10:00,32.9,2.7,16.6,25.9,186,0.0,0.0,0.0,0.0,0.0,0.23,28.18,43,0,48.9,,,28.18,127,8.5,1,308.0,308.0
2024-03-21 18:15:00-05:00,2024-03-21 18:15:00,32.7,5.4,11.6,25.9,99,0.0,0.0,0.0,0.0,0.0,0.23,28.18,42,0,42.8,,,28.18,126,8.1,1,308.0,308.0
2024-03-21 18:20:00-05:00,2024-03-21 18:20:00,32.9,7.4,15.7,25.9,103,0.0,0.0,0.0,0.0,0.0,0.23,28.17,42,0,50.1,,,28.17,119,8.9,1,308.0,308.0
2024-03-21 18:25:00-05:00,2024-03-21 18:25:00,32.9,9.2,15.7,25.9,111,0.0,0.0,0.0,0.0,0.0,0.23,28.18,43,0,44.0,,,28.18,118,7.8,1,308.0,308.0
2024-03-21 18:30:00-05:00,2024-03-21 18:30:00,32.5,7.4,16.6,25.9,101,0.0,0.0,0.0,0.0,0.0,0.23,28.18,44,0,40.3,,,28.18,135,7.8,1,308.0,308.0
2024-03-21 18:35:00-05:00,2024-03-21 18:35:00,32.4,10.5,19.0,25.9,116,0.0,0.0,0.0,0.0,0.0,0.23,28.18,44,0,24.5,,,28.18,111,9.2,1,308.0,308.0
2024-03-21 18:40:00-05:00,2024-03-21 18:40:00,32.4,6.5,16.6,25.9,87,0.0,0.0,0.0,0.0,0.0,0.23,28.18,45,0,22.0,,,28.18,102,9.2,1,308.0,308.0
2024-03-21 18:45:00-05:00,2024-03-21 18:45:00,32.0,12.3,13.0,25.9,107,0.0,0.0,0.0,0.0,0.0,0.23,28.18,46,0,26.9,,,28.18,97,8.9,1,308.0,308.0
2024-03-21 18:50:00-05:00,2024-03-21 18:50:00,31.8,10.1,21.9,25.9,102,0.0,0.0,0.0,0.0,0.0,0.23,28.18,47,0,25.6,,,28.18,83,8.5,1,308.0,308.0
2024-03-21 18:56:00-05:00,2024-03-21 18:56:00,31.6,6.7,16.8,25.9,130,0.0,0.0,0.0,0.0,0.0,0.23,28.18,48,0,18.3,,,28.18,118,8.7,1,308.0,308.0
2024-03-21 19:00:00-05:00,2024-03-21 19:00:00,31.8,9.8,13.4,25.9,90,0.0,0.0,0.0,0.0,0.0,0.23,28.19,48,0,14.7,,,28.19,93,7.2,1,308.0,308.0
2024-03-21 19:05:00-05:00,2024-03-21 19:05:00,31.5,0.0,15.4,25.9,116,0.0,0.0,0.0,0.0,0.0,0.23,28.19,49,0,8.5,,,28.19,92,7.2,1,308.0,308.0
2024-03-21 19:10:00-05:00,2024-03-21 19:10:00,31.3,1.6,13.9,25.9,190,0.0,0.0,0.0,0.0,0.0,0.23,28.18,49,0,6.1,,,28.18,90,7.2,1,308.0,308.0
2024-03-21 19:15:00-05:00,2024-03-21 19:15:00,31.1,11.4,17.4,25.9,104,0.0,0.0,0.0,0.0,0.0,0.23,28.19,48,0,2.5,,,28.19,96,7.4,1,308.0,308.0
2024-03-21 19:20:00-05:00,2024-03-21 19:20:00,31.1,8.1,15.0,25.9,95,0.0,0.0,0.0,0.0,0.0,0.23,28.18,49,0,0.0,,,28.18,80,9.4,1,308.0,308.0
2024-03-21 19:25:00-05:00,2024-03-21 19:25:00,31.3,4.9,8.3,25.9,42,0.0,0.0,0.0,0.0,0.0,0.23,28.19,49,0,0.0,,,28.19,103,9.4,1,308.0,308.0
2024-03-21 19:30:00-05:00,2024-03-21 19:30:00,31.1,5.6,15.4,25.9,92,0.0,0.0,0.0,0.0,0.0,0.23,28.18,49,0,0.0,,,28.18,103,8.7,1,308.0,308.0
2024-03-21 19:35:00-05:00,2024-03-21 19:35:00,31.1,5.6,11.4,25.9,132,0.0,0.0,0.0,0.0,0.0,0.23,28.19,47,0,0.0,,,28.19,72,6.5,1,308.0,308.0
2024-03-21 19:40:00-05:00,2024-03-21 19:40:00,30.9,5.4,12.8,25.9,100,0.0,0.0,0.0,0.0,0.0,0.23,28.19,47,0,0.0,,,28.19,94,6.3,1,308.0,308.0
2024-03-21 19:45:00-05:00,2024-03-21 19:45:00,31.1,5.4,10.7,25.9,94,0.0,0.0,0.0,0.0,0.0,0.23,28.2,47,0,0.0,,,28.2,110,6.7,1,308.0,308.0
2024-03-21 19:50:00-05:00,2024-03-21 19:50:00,30.9,6.9,15.2,25.9,64,0.0,0.0,0.0,0.0,0.0,0.23,28.19,47,0,0.0,,,28.19,99,6.0,1,308.0,308.0
2024-03-21 19:55:00-05:00,2024-03-21 19:55:00,30.9,4.5,9.8,25.9,88,0.0,0.0,0.0,0.0,0.0,0.23,28.2,48,0,0.0,,,28.2,112,6.0,1,308.0,308.0
2024-03-21 20:00:00-05:00,2024-03-21 20:00:00,31.1,7.2,17.7,25.9,90,0.0,0.0,0.0,0.0,0.0,0.23,28.2,47,0,0.0,,,28.2,120,5.4,1,308.0,308.0
2024-03-21 20:05:00-05:00,2024-03-21 20:05:00,30.9,5.6,7.8,25.9,72,0.0,0.0,0.0,0.0,0.0,0.23,28.2,47,0,0.0,,,28.2,93,5.4,1,308.0,308.0
2024-03-21 20:10:00-05:00,2024-03-21 20:10:00,30.6,8.3,15.2,25.9,55,0.0,0.0,0.0,0.0,0.0,0.23,28.2,47,0,0.0,,,28.2,95,6.9,1,308.0,308.0
2024-03-21 20:15:00-05:00,2024-03-21 20:15:00,30.6,12.3,13.4,25.9,107,0.0,0.0,0.0,0.0,0.0,0.23,28.19,48,0,0.0,,,28.19,90,8.1,1,308.0,308.0
2024-03-21 20:20:00-05:00,2024-03-21 20:20:00,30.4,3.1,15.9,25.9,211,0.0,0.0,0.0,0.0,0.0,0.23,28.2,49,0,0.0,,,28.2,101,8.3,1,308.0,308.0
2024-03-21 20:25:00-05:00,2024-03-21 20:25:00,30.4,6.5,10.7,25.9,103,0.0,0.0,0.0,0.0,0.0,0.23,28.2,50,0,0.0,,,28.2,99,7.8,1,308.0,308.0
2024-03-21 20:30:00-05:00,2024-03-21 20:30:00,30.2,4.0,9.4,25.9,88,0.0,0.0,0.0,0.0,0.0,0.23,28.19,51,0,0.0,,,28.19,87,5.1,1,308.0,308.0
2024-03-21 20:35:00-05:00,2024-03-21 20:35:00,30.2,2.5,16.6,25.9,61,0.0,0.0,0.0,0.0,0.0,0.23,28.2,51,0,0.0,,,28.2,87,5.1,1,308.0,308.0
2024-03-21 20:40:00-05:00,2024-03-21 20:40:00,30.0,13.2,16.6,25.9,92,0.0,0.0,0.0,0.0,0.0,0.23,28.2,51,0,0.0,,,28.2,60,6.7,1,308.0,308.0
2024-03-21 20:45:00-05:00,2024-03-21 20:45:00,30.0,3.1,12.5,25.9,93,0.0,0.0,0.0,0.0,0.0,0.23,28.2,51,0,0.0,,,28.2,95,8.3,1,308.0,308.0
2024-03-21 20:50:00-05:00,2024-03-21 20:50:00,30.0,4.5,13.9,25.9,86,0.0,0.0,0.0,0.0,0.0,0.23,28.2,52,0,0.0,,,28.2,100,8.1,1,308.0,308.0
2024-03-21 20:55:00-05:00,2024-03-21 20:55:00,30.0,5.8,13.4,25.9,65,0.0,0.0,0.0,0.0,0.0,0.23,28.2,52,0,0.0,,,28.2,92,6.3,1,308.0,308.0
2024-03-21 21:00:00-05:00,2024-03-21 21:00:00,29.8,14.5,16.8,25.9,138,0.0,0.0,0.0,0.0,0.0,0.23,28.2,52,0,0.0,,,28.2,92,6.9,1,308.0,308.0
2024-03-21 21:05:00-05:00,2024-03-21 21:05:00,29.8,9.4,9.4,25.9,115,0.0,0.0,0.0,0.0,0.0,0.23,28.2,51,0,0.0,,,28.2,79,6.9,1,308.0,308.0
2024-03-21 21:10:00-05:00,2024-03-21 21:10:00,29.7,6.0,15.7,25.9,63,0.0,0.0,0.0,0.0,0.0,0.23,28.2,51,0,0.0,,,28.2,77,7.2,1,308.0,308.0
2024-03-21 21:15:00-05:00,2024-03-21 21:15:00,29.5,4.3,12.3,25.9,37,0.0,0.0,0.0,0.0,0.0,0.23,28.21,52,0,0.0,,,28.21,87,7.4,1,308.0,308.0
2024-03-21 21:20:00-05:00,2024-03-21 21:20:00,29.5,6.9,11.0,25.9,92,0.0,0.0,0.0,0.0,0.0,0.23,28.22,53,0,0.0,,,28.22,109,6.7,1,308.0,308.0
2024-03-21 21:25:00-05:00,2024-03-21 21:25:00,29.5,4.7,13.0,25.9,121,0.0,0.0,0.0,0.0,0.0,0.23,28.21,52,0,0.0,,,28.21,73,6.7,1,308.0,308.0
2024-03-21 21:30:00-05:00,2024-03-21 21:30:00,29.3,5.6,10.3,25.9,79,0.0,0.0,0.0,0.0,0.0,0.23,28.21,52,0,0.0,,,28.21,88,6.3,1,308.0,308.0
2024-03-21 21:35:00-05:00,2024-03-21 21:35:00,29.3,5.4,14.5,25.9,70,0.0,0.0,0.0,0.0,0.0,0.23,28.21,53,0,0.0,,,28.21,57,6.3,1,308.0,308.0
2024-03-21 21:40:00-05:00,2024-03-21 21:40:00,29.1,9.6,15.2,25.9,51,0.0,0.0,0.0,0.0,0.0,0.23,28.22,53,0,0.0,,,28.22,76,6.7,1,308.0,308.0
2024-03-21 21:45:00-05:00,2024-03-21 21:45:00,29.1,8.9,17.2,25.9,48,0.0,0.0,0.0,0.0,0.0,0.23,28.21,53,0,0.0,,,28.21,81,6.0,1,308.0,308.0
2024-03-21 21:50:00-05:00,2024-03-21 21:50:00,28.9,6.5,13.0,25.9,106,0.0,0.0,0.0,0.0,0.0,0.23,28.22,53,0,0.0,,,28.22,70,6.5,1,308.0,308.0
2024-03-21 21:55:00-05:00,2024-03-21 21:55:00,28.9,4.0,8.5,25.9,41,0.0,0.0,0.0,0.0,0.0,0.23,28.22,54,0,0.0,,,28.22,104,6.7,1,308.0,308.0
2024-03-21 22:00:00-05:00,2024-03-21 22:00:00,28.9,6.0,13.4,25.9,84,0.0,0.0,0.0,0.0,0.0,0.23,28.22,54,0,0.0,,,28.22,104,9.2,1,308.0,308.0
2024-03-21 22:05:00-05:00,2024-03-21 22:05:00,28.8,5.4,11.0,25.9,87,0.0,0.0,0.0,0.0,0.0,0.23,28.23,54,0,0.0,,,28.23,77,7.2,1,308.0,308.0
2024-03-21 22:10:00-05:00,2024-03-21 22:10:00,28.8,5.4,12.8,25.9,63,0.0,0.0,0.0,0.0,0.0,0.23,28.22,54,0,0.0,,,28.22,92,6.3,1,308.0,308.0
2024-03-21 22:15:00-05:00,2024-03-21 22:15:00,28.8,5.6,13.9,25.9,64,0.0,0.0,0.0,0.0,0.0,0.23,28.23,55,0,0.0,,,28.23,56,8.1,1,308.0,308.0
2024-03-21 22:20:00-05:00,2024-03-21 22:20:00,28.6,5.8,8.1,25.9,62,0.0,0.0,0.0,0.0,0.0,0.23,28.22,55,0,0.0,,,28.22,70,5.6,1,308.0,308.0
2024-03-21 22:25:00-05:00,2024-03-21 22:25:00,28.6,4.7,10.1,25.9,86,0.0,0.0,0.0,0.0,0.0,0.23,28.22,56,0,0.0,,,28.22,70,5.6,1,308.0,308.0
2024-03-21 22:30:00-05:00,2024-03-21 22:30:00,28.6,4.9,17.2,25.9,95,0.0,0.0,0.0,0.0,0.0,0.23,28.23,56,0,0.0,,,28.23,74,6.7,1,308.0,308.0
2024-03-21 22:35:00-05:00,2024-03-21 22:35:00,28.6,8.3,13.0,25.9,91,0.0,0.0,0.0,0.0,0.0,0.23,28.23,56,0,0.0,,,28.23,47,6.0,1,308.0,308.0
2024-03-21 22:40:00-05:00,2024-03-21 22:40:00,28.6,7.4,15.9,25.9,79,0.0,0.0,0.0,0.0,0.0,0.23,28.23,56,0,0.0,,,28.23,86,5.6,1,308.0,308.0
2024-03-21 22:45:00-05:00,2024-03-21 22:45:00,28.6,2.9,13.2,25.9,111,0.0,0.0,0.0,0.0,0.0,0.23,28.22,56,0,0.0,,,28.22,86,4.9,1,308.0,308.0
2024-03-21 22:50:00-05:00,2024-03-21 22:50:00,28.4,9.8,17.4,25.9,65,0.0,0.0,0.0,0.0,0.0,0.23,28.23,55,0,0.0,,,28.23,90,5.8,1,308.0,308.0
2024-03-21 22:55:00-05:00,2024-03-21 22:55:00,28.2,7.4,14.5,25.9,66,0.0,0.0,0.0,0.0,0.0,0.23,28.23,56,0,0.0,,,28.23,81,6.0,1,308.0,308.0
2024-03-21 23:00:00-05:00,2024-03-21 23:00:00,28.2,5.6,16.8,25.9,69,0.0,0.0,0.0,0.0,0.0,0.23,28.22,57,0,0.0,,,28.22,81,6.0,1,308.0,308.0
2024-03-21 23:05:00-05:00,2024-03-21 23:05:00,28.2,6.5,10.7,25.9,86,0.0,0.0,0.0,0.0,0.0,0.23,28.23,57,0,0.0,,,28.23,92,6.5,1,308.0,308.0
2024-03-21 23:10:00-05:00,2024-03-21 23:10:00,28.2,6.3,8.5,25.9,62,0.0,0.0,0.0,0.0,0.0,0.23,28.24,58,0,0.0,,,28.24,62,5.4,1,308.0,308.0
2024-03-21 23:15:00-05:00,2024-03-21 23:15:00,27.3,1.3,10.3,25.9,90,0.0,0.0,0.0,0.0,0.0,0.23,28.24,64,0,0.0,,,28.24,49,5.4,1,308.0,308.0
2024-03-21 23:20:00-05:00,2024-03-21 23:20:00,27.1,4.5,7.2,25.9,33,0.0,0.0,0.0,0.0,0.0,0.23,28.25,66,0,0.0,,,28.25,354,4.0,1,308.0,308.0
2024-03-21 23:25:00-05:00,2024-03-21 23:25:00,27.0,3.8,12.5,25.9,87,0.0,0.0,0.0,0.0,0.0,0.23,28.26,68,0,0.0,,,28.26,38,4.3,1,308.0,308.0
2024-03-21 23:30:00-05:00,2024-03-21 23:30:00,26.8,5.1,7.4,25.9,52,0.0,0.0,0.0,0.0,0.0,0.23,28.26,68,0,0.0,,,28.26,61,4.5,1,308.0,308.0
2024-03-21 23:35:00-05:00,2024-03-21 23:35:00,26.8,5.6,5.8,25.9,102,0.0,0.0,0.0,0.0,0.0,0.23,28.25,69,0,0.0,,,28.25,47,4.5,1,308.0,308.0
2024-03-21 23:40:00-05:00,2024-03-21 23:40:00,26.6,3.1,11.0,25.9,50,0.0,0.0,0.0,0.0,0.0,0.23,28.25,70,0,0.0,,,28.25,70,4.3,1,308.0,308.0
2024-03-21 23:45:00-05:00,2024-03-21 23:45:00,26.4,6.0,11.6,25.9,35,0.0,0.0,0.0,0.0,0.0,0.23,28.25,71,0,0.0,,,28.25,70,4.5,1,308.0,308.0
2024-03-21 23:50:00-05:00,2024-03-21 23:50:00,26.4,0.0,10.7,25.9,27,0.0,0.0,0.0,0.0,0.0,0.23,28.26,70,0,0.0,,,28.26,120,5.6,1,308.0,308.0
2024-03-21 23:55:00-05:00,2024-03-21 23:55:00,26.4,4.9,10.7,25.9,80,0.0,0.0,0.0,0.0,0.0,0.23,28.26,70,0,0.0,,,28.26,60,5.4,1,308.0,308.0
2024-03-22 00:00:00-05:00,2024-03-22 00:00:00,26.4,6.5,11.6,25.9,69,0.0,0.0,0.0,0.0,0.0,0.23,28.26,70,0,0.0,,,28.26,85,5.1,1,308.0,308.0
2024-03-22 00:05:00-05:00,2024-03-22 00:05:00,26.1,2.9,13.2,13.9,59,0.0,0.0,0.0,0.0,0.0,0.23,28.25,72,0,0.0,,,28.25,80,6.3,1,308.0,308.0
2024-03-22 00:10:00-05:00,2024-03-22 00:10:00,25.9,4.0,8.9,13.9,66,0.0,0.0,0.0,0.0,0.0,0.23,28.25,75,0,0.0,,,28.25,62,6.3,1,308.0,308.0
2024-03-22 00:15:00-05:00,2024-03-22 00:15:00,25.5,4.7,11.9,15.2,92,0.0,0.0,0.0,0.0,0.0,0.23,28.25,78,0,0.0,,,28.25,59,5.6,1,308.0,308.0
2024-03-22 00:20:00-05:00,2024-03-22 00:20:00,25.3,7.2,9.8,15.2,97,0.0,0.0,0.0,0.0,0.0,0.23,28.25,79,0,0.0,,,28.25,94,5.6,1,308.0,308.0
2024-03-22 00:25:00-05:00,2024-03-22 00:25:00,25.2,5.4,10.7,15.2,121,0.0,0.0,0.0,0.0,0.0,0.23,28.26,80,0,0.0,,,28.26,83,5.4,1,308.0,308.0
2024-03-22 00:30:00-05:00,2024-03-22 00:30:00,25.3,4.7,6.5,15.2,120,0.0,0.0,0.0,0.0,0.0,0.23,28.25,81,0,0.0,,,28.25,121,4.7,1,308.0,308.0
2024-03-22 00:35:00-05:00,2024-03-22 00:35:00,25.0,6.5,10.5,15.2,73,0.0,0.0,0.0,0.0,0.0,0.23,28.26,81,0,0.0,,,28.26,115,6.0,1,308.0,308.0
2024-03-22 00:40:00-05:00,2024-03-22 00:40:00,25.0,5.8,11.2,15.2,102,0.0,0.0,0.0,0.0,0.0,0.23,28.26,82,0,0.0,,,28.26,114,6.3,1,308.0,308.0
2024-03-22 00:45:00-05:00,2024-03-22 00:45:00,25.0,2.7,7.2,15.2,60,0.0,0.0,0.0,0.0,0.0,0.23,28.25,83,0,0.0,,,28.25,87,4.7,1,308.0,308.0
2024-03-22 00:50:00-05:00,2024-03-22 00:50:00,24.8,5.1,10.5,15.2,90,0.0,0.0,0.0,0.0,0.0,0.23,28.25,84,0,0.0,,,28.25,95,4.3,1,308.0,308.0
2024-03-22 00:55:00-05:00,2024-03-22 00:55:00,24.4,4.7,11.9,15.2,117,0.0,0.0,0.0,0.0,0.0,0.23,28.25,85,0,0.0,,,28.25,117,5.8,1,308.0,308.0
2024-03-22 01:00:00-05:00,2024-03-22 01:00:00,24.6,2.0,7.2,15.2,129,0.0,0.0,0.0,0.0,0.0,0.23,28.26,85,0,0.0,,,28.26,93,5.8,1,308.0,308.0
2024-03-22 01:05:00-05:00,2024-03-22 01:05:00,24.8,3.1,5.1,15.2,109,0.0,0.0,0.0,0.0,0.0,0.23,28.27,85,0,0.0,,,28.27,119,4.5,1,308.0,308.0
2024-03-22 01:10:00-05:00,2024-03-22 01:10:00,24.6,8.1,8.5,15.2,99,0.0,0.0,0.0,0.0,0.0,0.23,28.27,85,0,0.0,,,28.27,122,6.0,1,308.0,308.0
2024-03-22 01:15:00-05:00,2024-03-22 01:15:00,24.4,4.0,8.7,15.2,110,0.0,0.0,0.0,0.0,0.0,0.23,28.26,85,0,0.0,,,28.26,118,5.1,1,308.0,308.0
2024-03-22 01:20:00-05:00,2024-03-22 01:20:00,24.6,3.6,8.1,15.2,71,0.0,0.0,0.0,0.0,0.0,0.23,28.26,85,0,0.0,,,28.26,110,3.6,1,308.0,308.0
2024-03-22 01:25:00-05:00,2024-03-22 01:25:00,24.6,6.5,9.4,15.2,95,0.0,0.0,0.0,0.0,0.0,0.23,28.26,85,0,0.0,,,28.26,72,4.7,1,308.0,308.0
2024-03-22 01:30:00-05:00,2024-03-22 01:30:00,24.4,4.3,13.0,15.2,104,0.0,0.0,0.0,0.0,0.0,0.23,28.25,85,0,0.0,,,28.25,106,5.4,1,308.0,308.0
2024-03-22 01:35:00-05:00,2024-03-22 01:35:00,24.4,8.3,13.2,15.2,118,0.0,0.0,0.0,0.0,0.0,0.23,28.24,84,0,0.0,,,28.24,94,4.9,1,308.0,308.0
2024-03-22 01:40:00-05:00,2024-03-22 01:40:00,24.6,1.6,9.4,15.2,101,0.0,0.0,0.0,0.0,0.0,0.23,28.24,84,0,0.0,,,28.24,94,4.9,1,308.0,308.0
2024-03-22 01:45:00-05:00,2024-03-22 01:45:00,24.4,3.1,13.4,15.2,49,0.0,0.0,0.0,0.0,0.0,0.23,28.24,83,0,0.0,,,28.24,119,5.8,1,308.0,308.0
2024-03-22 01:50:00-05:00,2024-03-22 01:50:00,24.4,4.3,7.6,15.2,70,0.0,0.0,0.0,0.0,0.0,0.23,28.25,83,0,0.0,,,28.25,76,5.4,1,308.0,308.0
2024-03-22 01:55:00-05:00,2024-03-22 01:55:00,24.4,5.4,10.1,17.7,140,0.0,0.0,0.0,0.0,0.0,0.23,28.25,83,0,0.0,,,28.25,90,4.3,1,308.0,308.0
2024-03-22 02:00:00-05:00,2024-03-22 02:00:00,24.3,6.3,14.5,17.7,81,0.0,0.0,0.0,0.0,0.0,0.23,28.24,82,0,0.0,,,28.24,96,4.9,1,308.0,308.0
2024-03-22 02:05:00-05:00,2024-03-22 02:05:00,24.6,6.3,9.8,17.7,72,0.0,0.0,0.0,0.0,0.0,0.23,28.25,82,0,0.0,,,28.25,65,4.7,1,308.0,308.0
2024-03-22 02:10:00-05:00,2024-03-22 02:10:00,24.4,3.8,9.2,17.7,103,0.0,0.0,0.0,0.0,0.0,0.23,28.25,82,0,0.0,,,28.25,48,4.3,1,308.0,308.0
2024-03-22 02:15:00-05:00,2024-03-22 02:15:00,24.4,8.5,9.2,17.7,85,0.0,0.0,0.0,0.0,0.0,0.23,28.25,82,0,0.0,,,28.25,102,4.9,1,308.0,308.0
2024-03-22 02:20:00-05:00,2024-03-22 02:20:00,24.6,3.6,10.1,17.7,75,0.0,0.0,0.0,0.0,0.0,0.23,28.25,82,0,0.0,,,28.25,78,4.7,1,308.0,308.0
2024-03-22 02:25:00-05:00,2024-03-22 02:25:00,24.3,7.8,9.8,17.7,63,0.0,0.0,0.0,0.0,0.0,0.23,28.25,83,0,0.0,,,28.25,105,4.7,1,308.0,308.0
2024-03-22 02:30:00-05:00,2024-03-22 02:30:00,24.3,3.6,4.3,17.7,87,0.0,0.0,0.0,0.0,0.0,0.23,28.25,83,0,0.0,,,28.25,105,4.3,1,308.0,308.0
2024-03-22 02:35:00-05:00,2024-03-22 02:35:00,24.6,2.9,5.4,17.7,62,0.0,0.0,0.0,0.0,0.0,0.23,28.25,83,0,0.0,,,28.25,86,2.7,1,308.0,308.0
2024-03-22 02:40:00-05:00,2024-03-22 02:40:00,24.3,4.0,8.1,17.7,55,0.0,0.0,0.0,0.0,0.0,0.23,28.26,84,0,0.0,,,28.26,81,3.4,1,308.0,308.0
2024-03-22 02:45:00-05:00,2024-03-22 02:45:00,24.1,2.9,7.6,17.7,72,0.0,0.0,0.0,0.0,0.0,0.23,28.26,85,0,0.0,,,28.26,81,4.5,1,308.0,308.0
2024-03-22 02:50:00-05:00,2024-03-22 02:50:00,24.1,4.0,8.1,17.7,132,0.0,0.0,0.0,0.0,0.0,0.23,28.26,85,0,0.0,,,28.26,180,2.9,1,308.0,308.0
2024-03-22 02:55:00-05:00,2024-03-22 02:55:00,24.1,5.4,8.5,17.7,83,0.0,0.0,0.0,0.0,0.0,0.23,28.27,85,0,0.0,,,28.27,36,2.9,1,308.0,308.0
2024-03-22 03:00:00-05:00,2024-03-22 03:00:00,24.1,1.6,6.5,17.7,19,0.0,0.0,0.0,0.0,0.0,0.23,28.27,85,0,0.0,,,28.27,45,3.4,1,308.0,308.0
2024-03-22 03:05:00-05:00,2024-03-22 03:05:00,24.1,3.1,5.4,17.7,68,0.0,0.0,0.0,0.0,0.0,0.23,28.27,85,0,0.0,,,28.27,90,3.6,1,308.0,308.0
2024-03-22 03:10:00-05:00,2024-03-22 03:10:00,24.3,0.0,5.8,17.7,156,0.0,0.0,0.0,0.0,0.0,0.23,28.28,85,0,0.0,,,28.28,90,2.7,1,308.0,308.0
2024-03-22 03:15:00-05:00,2024-03-22 03:15:00,24.3,4.3,8.7,17.7,78,0.0,0.0,0.0,0.0,0.0,0.23,28.28,84,0,0.0,,,28.28,81,3.1,1,308.0,308.0
2024-03-22 03:20:00-05:00,2024-03-22 03:20:00,24.4,3.8,3.8,17.7,19,0.0,0.0,0.0,0.0,0.0,0.23,28.27,85,0,0.0,,,28.27,77,2.2,1,308.0,308.0
2024-03-22 03:25:00-05:00,2024-03-22 03:25:00,24.3,1.6,6.3,17.7,53,0.0,0.0,0.0,0.0,0.0,0.23,28.28,85,0,0.0,,,28.28,83,2.7,1,308.0,308.0
2024-03-22 03:30:00-05:00,2024-03-22 03:30:00,24.4,4.5,4.9,17.7,53,0.0,0.0,0.0,0.0,0.0,0.23,28.27,85,0,0.0,,,28.27,83,2.9,1,308.0,308.0
2024-03-22 03:35:00-05:00,2024-03-22 03:35:00,24.4,2.7,4.5,17.7,84,0.0,0.0,0.0,0.0,0.0,0.23,28.28,85,0,0.0,,,28.28,85,3.1,1,308.0,308.0
2024-03-22 03:40:00-05:00,2024-03-22 03:40:00,24.3,2.2,8.7,17.7,14,0.0,0.0,0.0,0.0,0.0,0.23,28.28,85,0,0.0,,,28.28,78,3.8,1,308.0,308.0
2024-03-22 03:45:00-05:00,2024-03-22 03:45:00,24.3,2.5,6.0,17.7,69,0.0,0.0,0.0,0.0,0.0,0.23,28.27,85,0,0.0,,,28.27,86,3.8,1,308.0,308.0
2024-03-22 03:50:00-05:00,2024-03-22 03:50:00,24.4,1.1,6.9,17.7,157,0.0,0.0,0.0,0.0,0.0,0.23,28.27,85,0,0.0,,,28.27,84,3.8,1,308.0,308.0
2024-03-22 03:55:00-05:00,2024-03-22 03:55:00,24.4,1.3,4.9,17.7,96,0.0,0.0,0.0,0.0,0.0,0.23,28.27,85,0,0.0,,,28.27,77,2.9,1,308.0,308.0
2024-03-22 04:00:00-05:00,2024-03-22 04:00:00,24.3,1.3,6.0,17.7,185,0.0,0.0,0.0,0.0,0.0,0.23,28.26,85,0,0.0,,,28.26,90,2.9,1,308.0,308.0
2024-03-22 04:05:00-05:00,2024-03-22 04:05:00,24.3,4.9,9.4,17.7,98,0.0,0.0,0.0,0.0,0.0,0.23,28.26,85,0,0.0,,,28.26,90,3.4,1,308.0,308.0
2024-03-22 04:10:00-05:00,2024-03-22 04:10:00,24.3,5.1,5.1,17.7,123,0.0,0.0,0.0,0.0,0.0,0.23,28.27,85,0,0.0,,,28.27,110,4.3,1,308.0,308.0
2024-03-22 04:15:00-05:00,2024-03-22 04:15:00,24.4,2.7,2.9,17.7,334,0.0,0.0,0.0,0.0,0.0,0.23,28.28,85,0,0.0,,,28.28,55,3.1,1,308.0,308.0
2024-03-22 04:20:00-05:00,2024-03-22 04:20:00,24.3,1.8,6.3,17.7,30,0.0,0.0,0.0,0.0,0.0,0.23,28.28,85,0,0.0,,,28.28,49,2.7,1,308.0,308.0
2024-03-22 04:25:00-05:00,2024-03-22 04:25:00,24.1,0.0,6.9,17.7,50,0.0,0.0,0.0,0.0,0.0,0.23,28.27,86,0,0.0,,,28.27,50,3.6,1,308.0,308.0
2024-03-22 04:30:00-05:00,2024-03-22 04:30:00,24.1,4.3,6.3,17.7,37,0.0,0.0,0.0,0.0,0.0,0.23,28.27,86,0,0.0,,,28.27,59,3.6,1,308.0,308.0
2024-03-22 04:35:00-05:00,2024-03-22 04:35:00,24.3,4.3,6.9,17.7,125,0.0,0.0,0.0,0.0,0.0,0.23,28.28,86,0,0.0,,,28.28,87,3.4,1,308.0,308.0
2024-03-22 04:40:00-05:00,2024-03-22 04:40:00,24.3,3.4,4.7,17.7,63,0.0,0.0,0.0,0.0,0.0,0.23,28.28,86,0,0.0,,,28.28,84,2.5,1,308.0,308.0
2024-03-22 04:45:00-05:00,2024-03-22 04:45:00,23.9,5.8,8.3,17.7,34,0.0,0.0,0.0,0.0,0.0,0.23,28.28,86,0,0.0,,,28.28,35,3.4,1,308.0,308.0
2024-03-22 04:50:00-05:00,2024-03-22 04:50:00,23.9,3.1,4.9,17.7,82,0.0,0.0,0.0,0.0,0.0,0.23,28.28,87,0,0.0,,,28.28,65,3.8,1,308.0,308.0
2024-03-22 04:55:00-05:00,2024-03-22 04:55:00,23.9,3.4,6.0,17.7,32,0.0,0.0,0.0,0.0,0.0,0.23,28.28,87,0,0.0,,,28.28,94,3.1,1,308.0,308.0
2024-03-22 05:00:00-05:00,2024-03-22 05:00:00,24.1,5.4,9.8,17.7,30,0.0,0.0,0.0,0.0,0.0,0.23,28.29,86,0,0.0,,,28.29,33,3.4,1,308.0,308.0
2024-03-22 05:05:00-05:00,2024-03-22 05:05:00,23.9,3.4,11.9,17.7,32,0.0,0.0,0.0,0.0,0.0,0.23,28.28,87,0,0.0,,,28.28,53,3.8,1,308.0,308.0
2024-03-22 05:10:00-05:00,2024-03-22 05:10:00,23.9,4.3,6.0,17.7,51,0.0,0.0,0.0,0.0,0.0,0.23,28.28,88,0,0.0,,,28.28,74,3.8,1,308.0,308.0
2024-03-22 05:15:00-05:00,2024-03-22 05:15:00,23.7,5.1,8.9,17.7,346,0.0,0.0,0.0,0.0,0.0,0.23,28.29,88,0,0.0,,,28.29,81,4.0,1,308.0,308.0
2024-03-22 05:20:00-05:00,2024-03-22 05:20:00,23.7,2.9,6.5,17.7,63,0.0,0.0,0.0,0.0,0.0,0.23,28.29,88,0,0.0,,,28.29,51,4.7,1,308.0,308.0
2024-03-22 05:25:00-05:00,2024-03-22 05:25:00,23.5,4.5,7.6,17.7,49,0.0,0.0,0.0,0.0,0.0,0.23,28.29,88,0,0.0,,,28.29,36,4.3,1,308.0,308.0
2024-03-22 05:30:00-05:00,2024-03-22 05:30:00,23.7,2.2,6.3,17.7,332,0.0,0.0,0.0,0.0,0.0,0.23,28.29,88,0,0.0,,,28.29,68,2.7,1,308.0,308.0
2024-03-22 05:35:00-05:00,2024-03-22 05:35:00,23.7,4.9,8.1,17.7,71,0.0,0.0,0.0,0.0,0.0,0.23,28.29,88,0,0.0,,,28.29,68,2.5,1,308.0,308.0
2024-03-22 05:40:00-05:00,2024-03-22 05:40:00,23.5,1.6,8.3,17.7,315,0.0,0.0,0.0,0.0,0.0,0.23,28.3,89,0,0.0,,,28.3,27,4.0,1,308.0,308.0
2024-03-22 05:45:00-05:00,2024-03-22 05:45:00,23.9,4.5,4.5,17.7,0,0.0,0.0,0.0,0.0,0.0,0.23,28.3,89,0,0.0,,,28.3,51,2.9,1,308.0,308.0
2024-03-22 05:50:00-05:00,2024-03-22 05:50:00,23.7,5.8,9.8,17.7,60,0.0,0.0,0.0,0.0,0.0,0.23,28.3,89,0,0.0,,,28.3,60,2.0,1,308.0,308.0
2024-03-22 05:55:00-05:00,2024-03-22 05:55:00,23.4,4.7,8.5,17.7,41,0.0,0.0,0.0,0.0,0.0,0.23,28.31,89,0,0.0,,,28.31,26,3.8,1,308.0,308.0
2024-03-22 06:00:00-05:00,2024-03-22 06:00:00,23.5,0.0,6.0,17.7,48,0.0,0.0,0.0,0.0,0.0,0.23,28.31,89,0,0.0,,,28.31,26,3.8,1,308.0,308.0
2024-03-22 06:05:00-05:00,2024-03-22 06:05:00,23.9,1.1,4.7,17.7,49,0.0,0.0,0.0,0.0,0.0,0.23,28.31,89,0,0.0,,,28.31,37,2.0,1,308.0,308.0
2024-03-22 06:10:00-05:00,2024-03-22 06:10:00,23.5,6.0,9.4,17.7,71,0.0,0.0,0.0,0.0,0.0,0.23,28.31,89,0,0.0,,,28.31,62,2.2,1,308.0,308.0
2024-03-22 06:15:00-05:00,2024-03-22 06:15:00,23.5,1.3,8.3,17.7,18,0.0,0.0,0.0,0.0,0.0,0.23,28.31,89,0,0.0,,,28.31,57,3.1,1,308.0,308.0
2024-03-22 06:20:00-05:00,2024-03-22 06:20:00,23.7,4.3,5.4,17.7,56,0.0,0.0,0.0,0.0,0.0,0.23,28.32,89,0,0.0,,,28.32,40,2.7,1,308.0,308.0
2024-03-22 06:25:00-05:00,2024-03-22 06:25:00,23.7,1.8,8.5,17.7,323,0.0,0.0,0.0,0.0,0.0,0.23,28.31,88,0,0.0,,,28.31,59,2.7,1,308.0,308.0
2024-03-22 06:30:00-05:00,2024-03-22 06:30:00,23.5,2.5,8.7,17.7,90,0.0,0.0,0.0,0.0,0.0,0.23,28.31,88,0,0.0,,,28.31,53,3.6,1,308.0,308.0
2024-03-22 06:35:00-05:00,2024-03-22 06:35:00,23.9,0.0,5.4,17.7,339,0.0,0.0,0.0,0.0,0.0,0.23,28.32,88,0,0.0,,,28.32,7,3.4,1,308.0,308.0
2024-03-22 06:40:00-05:00,2024-03-22 06:40:00,23.9,4.0,6.0,17.7,14,0.0,0.0,0.0,0.0,0.0,0.23,28.32,88,0,0.0,,,28.32,77,2.5,1,308.0,308.0
2024-03-22 06:45:00-05:00,2024-03-22 06:45:00,23.7,8.3,8.3,17.7,58,0.0,0.0,0.0,0.0,0.0,0.23,28.32,87,0,0.0,,,28.32,8,3.4,1,308.0,308.0
2024-03-22 06:50:00-05:00,2024-03-22 06:50:00,23.5,5.8,6.0,17.7,90,0.0,0.0,0.0,0.0,0.0,0.23,28.33,88,0,0.0,,,28.33,8,3.8,1,308.0,308.0
2024-03-22 06:55:00-05:00,2024-03-22 06:55:00,23.9,1.3,5.8,17.7,49,0.0,0.0,0.0,0.0,0.0,0.23,28.33,88,0,0.0,,,28.33,11,2.9,1,308.0,308.0
2024-03-22 07:00:00-05:00,2024-03-22 07:00:00,23.7,6.9,8.5,17.7,335,0.0,0.0,0.0,0.0,0.0,0.23,28.34,87,0,0.0,,,28.34,29,3.1,1,308.0,308.0
2024-03-22 07:05:00-05:00,2024-03-22 07:05:00,23.7,4.7,6.3,17.7,60,0.0,0.0,0.0,0.0,0.0,0.23,28.34,88,0,0.0,,,28.34,27,3.1,1,308.0,308.0
2024-03-22 07:10:00-05:00,2024-03-22 07:10:00,23.5,2.7,7.2,17.7,71,0.0,0.0,0.0,0.0,0.0,0.23,28.34,88,0,0.0,,,28.34,32,2.9,1,308.0,308.0
2024-03-22 07:15:00-05:00,2024-03-22 07:15:00,23.7,3.1,5.8,17.7,35,0.0,0.0,0.0,0.0,0.0,0.23,28.34,88,0,0.0,,,28.34,39,2.7,1,308.0,308.0
2024-03-22 07:20:00-05:00,2024-03-22 07:20:00,23.9,4.3,5.4,17.7,338,0.0,0.0,0.0,0.0,0.0,0.23,28.34,88,0,0.0,,,28.34,0,2.7,1,308.0,308.0
2024-03-22 07:25:00-05:00,2024-03-22 07:25:00,23.7,1.6,3.8,17.7,70,0.0,0.0,0.0,0.0,0.0,0.23,28.35,88,0,0.0,,,28.35,350,2.7,1,308.0,308.0
2024-03-22 07:30:00-05:00,2024-03-22 07:30:00,23.7,2.9,6.9,17.7,42,0.0,0.0,0.0,0.0,0.0,0.23,28.35,88,0,0.0,,,28.35,353,2.9,1,308.0,308.0
2024-03-22 07:35:00-05:00,2024-03-22 07:35:00,23.7,3.6,9.6,17.7,327,0.0,0.0,0.0,0.0,0.0,0.23,28.34,88,0,0.0,,,28.34,335,2.9,1,308.0,308.0
2024-03-22 07:40:00-05:00,2024-03-22 07:40:00,23.5,2.5,5.6,17.7,354,0.0,0.0,0.0,0.0,0.0,0.23,28.36,89,0,0.0,,,28.36,349,3.4,1,308.0,308.0
2024-03-22 07:45:00-05:00,2024-03-22 07:45:00,23.7,2.0,5.1,17.7,322,0.0,0.0,0.0,0.0,0.0,0.23,28.36,88,0,0.0,,,28.36,345,3.1,1,308.0,308.0
2024-03-22 07:50:00-05:00,2024-03-22 07:50:00,23.7,6.5,7.6,17.7,9,0.0,0.0,0.0,0.0,0.0,0.23,28.35,88,0,0.0,,,28.35,60,2.9,1,308.0,308.0
2024-03-22 07:55:00-05:00,2024-03-22 07:55:00,23.5,4.9,9.4,17.7,6,0.0,0.0,0.0,0.0,0.0,0.23,28.36,88,0,1.2,,,28.36,6,4.3,1,308.0,308.0
2024-03-22 08:00:00-05:00,2024-03-22 08:00:00,23.4,4.0,9.4,17.7,32,0.0,0.0,0.0,0.0,0.0,0.23,28.37,89,0,1.2,,,28.37,6,4.7,1,308.0,308.0
2024-03-22 08:05:00-05:00,2024-03-22 08:05:00,23.4,3.8,8.3,17.7,307,0.0,0.0,0.0,0.0,0.0,0.23,28.36,89,0,2.5,,,28.36,349,3.8,1,308.0,308.0
2024-03-22 08:10:00-05:00,2024-03-22 08:10:00,23.4,1.6,5.6,17.7,327,0.0,0.0,0.0,0.0,0.0,0.23,28.36,89,0,3.6,,,28.36,25,3.8,1,308.0,308.0
2024-03-22 08:15:00-05:00,2024-03-22 08:15:00,22.8,5.1,9.4,17.7,9,0.0,0.0,0.0,0.0,0.0,0.23,28.36,89,0,11.0,,,28.36,352,4.5,1,308.0,308.0
2024-03-22 08:20:00-05:00,2024-03-22 08:20:00,22.8,1.6,6.5,17.7,26,0.0,0.0,0.0,0.0,0.0,0.23,28.37,90,0,7.3,,,28.37,352,4.0,1,308.0,308.0
2024-03-22 08:25:00-05:00,2024-03-22 08:25:00,22.6,4.7,6.0,17.7,352,0.0,0.0,0.0,0.0,0.0,0.23,28.37,90,0,6.1,,,28.37,352,3.8,1,308.0,308.0
2024-03-22 08:30:00-05:00,2024-03-22 08:30:00,22.8,2.7,7.8,17.7,338,0.0,0.0,0.0,0.0,0.0,0.23,28.37,91,0,7.3,,,28.37,23,3.8,1,308.0,308.0
2024-03-22 08:35:00-05:00,2024-03-22 08:35:00,23.0,4.5,5.8,17.7,43,0.0,0.0,0.0,0.0,0.0,0.23,28.37,91,0,7.3,,,28.37,325,2.9,1,308.0,308.0
2024-03-22 08:41:00-05:00,2024-03-22 08:41:00,22.8,0.0,6.3,17.7,7,0.0,0.0,0.0,0.0,0.0,0.23,28.37,91,0,7.3,,,28.37,342,1.8,1,308.0,308.0
2024-03-22 08:45:00-05:00,2024-03-22 08:45:00,22.6,3.1,9.6,17.7,32,0.0,0.0,0.0,0.0,0.0,0.23,28.38,90,0,13.4,,,28.38,4,2.2,1,308.0,308.0
2024-03-22 08:50:00-05:00,2024-03-22 08:50:00,22.6,2.9,5.4,17.7,32,0.0,0.0,0.0,0.0,0.0,0.23,28.38,90,0,17.1,,,28.38,331,3.1,1,308.0,308.0
2024-03-22 08:55:00-05:00,2024-03-22 08:55:00,23.0,0.0,3.1,17.7,322,0.0,0.0,0.0,0.0,0.0,0.23,28.38,90,0,24.5,,,28.38,0,2.7,1,308.0,308.0
2024-03-22 09:00:00-05:00,2024-03-22 09:00:00,22.8,2.2,6.0,17.7,343,0.0,0.0,0.0,0.0,0.0,0.23,28.38,89,0,28.1,,,28.38,355,2.2,1,308.0,308.0
2024-03-22 09:05:00-05:00,2024-03-22 09:05:00,23.0,2.5,4.0,17.7,6,0.0,0.0,0.0,0.0,0.0,0.23,28.39,89,0,29.4,,,28.39,0,3.4,1,308.0,308.0
2024-03-22 09:10:00-05:00,2024-03-22 09:10:00,23.0,3.4,4.7,17.7,43,0.0,0.0,0.0,0.0,0.0,0.23,28.39,89,0,29.4,,,28.39,47,3.6,1,308.0,308.0
2024-03-22 09:15:00-05:00,2024-03-22 09:15:00,23.0,5.6,7.2,17.7,8,0.0,0.0,0.0,0.0,0.0,0.23,28.39,89,0,31.8,,,28.39,359,4.3,1,308.0,308.0
2024-03-22 09:20:00-05:00,2024-03-22 09:20:00,23.0,5.1,6.9,17.7,353,0.0,0.0,0.0,0.0,0.0,0.23,28.39,89,0,31.8,,,28.39,337,4.3,1,308.0,308.0
2024-03-22 09:25:00-05:00,2024-03-22 09:25:00,23.2,1.8,7.4,17.7,22,0.0,0.0,0.0,0.0,0.0,0.23,28.39,89,0,34.3,,,28.39,22,3.4,1,308.0,308.0
2024-03-22 09:30:00-05:00,2024-03-22 09:30:00,23.4,2.2,5.6,17.7,75,0.0,0.0,0.0,0.0,0.0,0.23,28.4,88,0,45.2,,,28.4,336,3.1,1,308.0,308.0
2024-03-22 09:35:00-05:00,2024-03-22 09:35:00,23.2,3.4,9.4,17.7,14,0.0,0.0,0.0,0.0,0.0,0.23,28.4,87,0,45.2,,,28.4,8,3.8,1,308.0,308.0
2024-03-22 09:40:00-05:00,2024-03-22 09:40:00,23.4,3.1,10.1,17.7,12,0.0,0.0,0.0,0.0,0.0,0.23,28.39,86,0,50.1,,,28.39,347,4.0,1,308.0,308.0
2024-03-22 09:45:00-05:00,2024-03-22 09:45:00,23.5,5.4,6.7,17.7,105,0.0,0.0,0.0,0.0,0.0,0.23,28.4,86,0,55.0,,,28.4,347,4.9,1,308.0,308.0
2024-03-22 09:50:00-05:00,2024-03-22 09:50:00,23.7,1.8,8.1,17.7,18,0.0,0.0,0.0,0.0,0.0,0.23,28.41,85,0,56.3,,,28.41,21,4.9,1,308.0,308.0
2024-03-22 09:55:00-05:00,2024-03-22 09:55:00,23.7,5.6,10.7,17.7,21,0.0,0.0,0.0,0.0,0.0,0.23,28.4,84,0,55.0,,,28.4,21,5.6,1,308.0,308.0
2024-03-22 10:00:00-05:00,2024-03-22 10:00:00,23.7,10.3,13.6,17.7,3,0.0,0.0,0.0,0.0,0.0,0.23,28.41,84,0,75.8,,,28.41,23,5.6,1,308.0,308.0
2024-03-22 10:05:00-05:00,2024-03-22 10:05:00,23.7,2.0,7.2,17.7,341,0.0,0.0,0.0,0.0,0.0,0.23,28.41,83,0,81.9,,,28.41,0,4.7,1,308.0,308.0
2024-03-22 10:11:00-05:00,2024-03-22 10:11:00,24.3,3.1,7.4,17.7,90,0.0,0.0,0.0,0.0,0.0,0.23,28.41,82,0,63.6,,,28.41,0,4.7,1,308.0,308.0
2024-03-22 10:15:00-05:00,2024-03-22 10:15:00,23.9,7.2,13.0,17.7,12,0.0,0.0,0.0,0.0,0.0,0.23,28.41,81,0,77.0,,,28.41,4,4.5,1,308.0,308.0
2024-03-22 10:20:00-05:00,2024-03-22 10:20:00,23.9,3.8,9.2,17.7,359,0.0,0.0,0.0,0.0,0.0,0.23,28.41,81,0,85.6,,,28.41,6,5.4,1,308.0,308.0
2024-03-22 10:26:00-05:00,2024-03-22 10:26:00,24.3,4.0,9.4,17.7,5,0.0,0.0,0.0,0.0,0.0,0.23,28.41,80,0,77.0,,,28.41,6,4.7,1,308.0,308.0
2024-03-22 10:30:00-05:00,2024-03-22 10:30:00,23.7,2.0,10.7,17.7,349,0.0,0.0,0.0,0.0,0.0,0.23,28.42,80,0,89.3,,,28.42,6,4.5,1,308.0,308.0
2024-03-22 10:35:00-05:00,2024-03-22 10:35:00,23.9,2.5,13.4,17.7,344,0.0,0.0,0.0,0.0,0.0,0.23,28.42,79,0,97.9,,,28.42,359,5.4,1,308.0,308.0
2024-03-22 10:40:00-05:00,2024-03-22 10:40:00,23.9,3.6,6.3,17.7,15,0.0,0.0,0.0,0.0,0.0,0.23,28.42,78,0,97.9,,,28.42,145,5.4,1,308.0,308.0
2024-03-22 10:45:00-05:00,2024-03-22 10:45:00,24.4,5.4,7.8,17.7,55,0.0,0.0,0.0,0.0,0.0,0.23,28.42,78,0,93.0,,,28.42,5,4.5,1,308.0,308.0
2024-03-22 10:50:00-05:00,2024-03-22 10:50:00,24.3,6.3,11.6,17.7,11,0.0,0.0,0.0,0.0,0.0,0.23,28.42,79,1,123.5,,,28.42,356,4.9,1,308.0,308.0
2024-03-22 10:55:00-05:00,2024-03-22 10:55:00,24.4,7.8,10.7,17.7,341,0.0,0.0,0.0,0.0,0.0,0.23,28.42,78,1,115.0,,,28.42,41,5.1,1,308.0,308.0
2024-03-22 11:00:00-05:00,2024-03-22 11:00:00,24.8,4.3,10.5,17.7,9,0.0,0.0,0.0,0.0,0.0,0.23,28.42,78,1,181.1,,,28.42,14,5.1,1,308.0,308.0
2024-03-22 11:05:00-05:00,2024-03-22 11:05:00,25.0,1.1,8.3,17.7,12,0.0,0.0,0.0,0.0,0.0,0.23,28.42,77,1,111.3,,,28.42,19,5.8,1,308.0,308.0
2024-03-22 11:10:00-05:00,2024-03-22 11:10:00,24.8,7.8,12.3,17.7,356,0.0,0.0,0.0,0.0,0.0,0.23,28.43,76,1,133.3,,,28.43,344,4.9,1,308.0,308.0
2024-03-22 11:15:00-05:00,2024-03-22 11:15:00,25.5,6.5,8.3,17.7,69,0.0,0.0,0.0,0.0,0.0,0.23,28.42,74,1,172.4,,,28.42,2,4.0,1,308.0,308.0
2024-03-22 11:20:00-05:00,2024-03-22 11:20:00,25.7,5.8,13.2,17.7,17,0.0,0.0,0.0,0.0,0.0,0.23,28.42,73,1,170.0,,,28.42,1,4.0,1,308.0,308.0
2024-03-22 11:25:00-05:00,2024-03-22 11:25:00,25.0,4.0,13.2,17.7,331,0.0,0.0,0.0,0.0,0.0,0.23,28.42,74,1,122.3,,,28.42,1,4.9,1,308.0,308.0
2024-03-22 11:30:00-05:00,2024-03-22 11:30:00,25.5,4.0,14.8,17.7,359,0.0,0.0,0.0,0.0,0.0,0.23,28.43,73,1,148.0,,,28.43,2,5.4,1,308.0,308.0
2024-03-22 11:35:00-05:00,2024-03-22 11:35:00,26.2,4.3,10.1,17.7,305,0.0,0.0,0.0,0.0,0.0,0.23,28.43,73,1,162.7,,,28.43,2,5.6,1,308.0,308.0
2024-03-22 11:40:00-05:00,2024-03-22 11:40:00,26.2,4.3,9.8,17.7,13,0.0,0.0,0.0,0.0,0.0,0.23,28.43,72,1,143.1,,,28.43,25,5.4,1,308.0,308.0
2024-03-22 11:45:00-05:00,2024-03-22 11:45:00,25.9,6.5,13.0,17.7,12,0.0,0.0,0.0,0.0,0.0,0.23,28.43,71,2,212.9,,,28.43,20,5.4,1,308.0,308.0
2024-03-22 11:50:00-05:00,2024-03-22 11:50:00,26.2,3.6,8.5,17.7,0,0.0,0.0,0.0,0.0,0.0,0.23,28.43,72,1,135.8,,,28.43,346,4.7,1,308.0,308.0
2024-03-22 11:55:00-05:00,2024-03-22 11:55:00,26.1,6.3,13.2,17.7,5,0.0,0.0,0.0,0.0,0.0,0.23,28.44,72,1,115.0,,,28.44,17,6.0,1,308.0,308.0
2024-03-22 12:00:00-05:00,2024-03-22 12:00:00,25.3,4.9,13.6,17.7,4,0.0,0.0,0.0,0.0,0.0,0.23,28.43,74,1,134.6,,,28.43,17,6.0,1,308.0,308.0
2024-03-22 12:05:00-05:00,2024-03-22 12:05:00,25.3,7.8,12.5,17.7,338,0.0,0.0,0.0,0.0,0.0,0.23,28.44,73,6,627.5,,,28.44,1,6.0,1,308.0,308.0
2024-03-22 12:10:00-05:00,2024-03-22 12:10:00,27.3,4.7,10.3,17.7,25,0.0,0.0,0.0,0.0,0.0,0.23,28.43,72,2,227.6,,,28.43,1,6.0,1,308.0,308.0
2024-03-22 12:15:00-05:00,2024-03-22 12:15:00,27.1,6.9,13.2,17.7,15,0.0,0.0,0.0,0.0,0.0,0.23,28.43,70,2,205.5,,,28.43,23,5.6,1,308.0,308.0
2024-03-22 12:20:00-05:00,2024-03-22 12:20:00,26.4,4.0,12.8,17.7,332,0.0,0.0,0.0,0.0,0.0,0.23,28.43,71,1,139.5,,,28.43,347,5.8,1,308.0,308.0
2024-03-22 12:25:00-05:00,2024-03-22 12:25:00,25.3,7.6,9.6,19.0,353,0.0,0.0,0.0,0.0,0.0,0.23,28.44,72,7,726.7,,,28.44,353,6.3,1,308.0,308.0
2024-03-22 12:30:00-05:00,2024-03-22 12:30:00,25.9,2.2,11.0,19.0,302,0.0,0.0,0.0,0.0,0.0,0.23,28.44,71,2,253.2,,,28.44,353,6.5,1,308.0,308.0
2024-03-22 12:35:00-05:00,2024-03-22 12:35:00,26.2,3.4,7.2,19.0,356,0.0,0.0,0.0,0.0,0.0,0.23,28.44,72,1,199.4,,,28.44,10,5.4,1,308.0,308.0
2024-03-22 12:40:00-05:00,2024-03-22 12:40:00,26.4,6.3,11.2,19.0,357,0.0,0.0,0.0,0.0,0.0,0.23,28.44,70,1,172.4,,,28.44,348,5.8,1,308.0,308.0
2024-03-22 12:45:00-05:00,2024-03-22 12:45:00,25.3,5.1,14.5,19.0,315,0.0,0.0,0.0,0.0,0.0,0.23,28.44,73,1,182.2,,,28.44,5,6.0,1,308.0,308.0
2024-03-22 12:50:00-05:00,2024-03-22 12:50:00,26.6,4.0,6.0,19.0,14,0.0,0.0,0.0,0.0,0.0,0.23,28.44,72,1,159.0,,,28.44,8,5.4,1,308.0,308.0
2024-03-22 12:55:00-05:00,2024-03-22 12:55:00,26.1,9.8,17.0,19.0,351,0.0,0.0,0.0,0.0,0.0,0.23,28.45,69,1,161.5,,,28.45,351,4.5,1,308.0,308.0
2024-03-22 13:00:00-05:00,2024-03-22 13:00:00,25.9,9.8,11.9,19.0,23,0.0,0.0,0.0,0.0,0.0,0.23,28.45,71,1,117.4,,,28.45,351,5.1,1,308.0,308.0
2024-03-22 13:05:00-05:00,2024-03-22 13:05:00,25.5,9.6,9.8,19.0,31,0.0,0.0,0.0,0.0,0.0,0.23,28.44,73,1,113.7,,,28.44,46,5.4,1,308.0,308.0
2024-03-22 13:10:00-05:00,2024-03-22 13:10:00,25.2,4.0,8.7,19.0,314,0.0,0.0,0.0,0.0,0.0,0.23,28.44,73,1,122.3,,,28.44,17,5.4,1,308.0,308.0
2024-03-22 13:15:00-05:00,2024-03-22 13:15:00,25.2,8.7,12.1,19.0,356,0.0,0.0,0.0,0.0,0.0,0.23,28.44,74,1,149.3,,,28.44,345,5.8,1,308.0,308.0
2024-03-22 13:20:00-05:00,2024-03-22 13:20:00,25.2,6.5,6.9,19.0,338,0.0,0.0,0.0,0.0,0.0,0.23,28.44,72,1,196.9,,,28.44,352,4.5,1,308.0,308.0
2024-03-22 13:25:00-05:00,2024-03-22 13:25:00,26.6,6.0,8.5,19.0,339,0.0,0.0,0.0,0.0,0.0,0.23,28.45,68,2,212.9,,,28.45,0,4.0,1,308.0,308.0
2024-03-22 13:30:00-05:00,2024-03-22 13:30:00,25.9,3.8,8.3,19.0,0,0.0,0.0,0.0,0.0,0.0,0.23,28.45,68,1,122.3,,,28.45,356,4.5,1,308.0,308.0
2024-03-22 13:35:00-05:00,2024-03-22 13:35:00,26.6,4.5,6.0,19.0,43,0.0,0.0,0.0,0.0,0.0,0.23,28.45,69,1,179.8,,,28.45,358,4.5,1,308.0,308.0
2024-03-22 13:40:00-05:00,2024-03-22 13:40:00,26.2,4.5,9.4,19.0,59,0.0,0.0,0.0,0.0,0.0,0.23,28.45,66,1,159.0,,,28.45,28,3.8,1,308.0,308.0
2024-03-22 13:45:00-05:00,2024-03-22 13:45:00,25.9,1.8,9.6,19.0,192,0.0,0.0,0.0,0.0,0.0,0.23,28.46,68,1,115.0,,,28.46,344,5.4,1,308.0,308.0
2024-03-22 13:50:00-05:00,2024-03-22 13:50:00,25.5,6.5,12.3,19.0,22,0.0,0.0,0.0,0.0,0.0,0.23,28.46,68,1,124.8,,,28.46,345,5.4,1,308.0,308.0
2024-03-22 13:55:00-05:00,2024-03-22 13:55:00,25.9,5.6,12.3,19.0,355,0.0,0.0,0.0,0.0,0.0,0.23,28.45,68,1,145.5,,,28.45,350,5.4,1,308.0,308.0
2024-03-22 14:00:00-05:00,2024-03-22 14:00:00,26.6,5.8,7.4,19.0,14,0.0,0.0,0.0,0.0,0.0,0.23,28.45,68,1,162.7,,,28.45,348,5.4,1,308.0,308.0
2024-03-22 14:05:00-05:00,2024-03-22 14:05:00,26.8,3.4,8.7,19.0,7,0.0,0.0,0.0,0.0,0.0,0.23,28.45,67,1,185.9,,,28.45,14,4.5,1,308.0,308.0
2024-03-22 14:10:00-05:00,2024-03-22 14:10:00,26.4,6.0,6.0,19.0,25,0.0,0.0,0.0,0.0,0.0,0.23,28.45,68,1,148.0,,,28.45,318,4.5,1,308.0,308.0
2024-03-22 14:15:00-05:00,2024-03-22 14:15:00,26.2,4.0,10.5,19.0,32,0.0,0.0,0.0,0.0,0.0,0.23,28.44,68,1,200.6,,,28.44,330,4.9,1,308.0,308.0
2024-03-22 14:20:00-05:00,2024-03-22 14:20:00,26.1,5.8,13.2,19.0,29,0.0,0.0,0.0,0.0,0.0,0.23,28.44,68,2,208.0,,,28.44,19,6.0,1,308.0,308.0
2024-03-22 14:25:00-05:00,2024-03-22 14:25:00,26.2,4.9,10.1,19.0,354,0.0,0.0,0.0,0.0,0.0,0.23,28.44,66,2,265.4,,,28.44,4,6.3,1,308.0,308.0
2024-03-22 14:30:00-05:00,2024-03-22 14:30:00,27.0,2.2,9.6,19.0,346,0.0,0.0,0.0,0.0,0.0,0.23,28.45,64,3,395.1,,,28.45,5,5.4,1,308.0,308.0
2024-03-22 14:35:00-05:00,2024-03-22 14:35:00,26.6,8.9,15.2,19.0,351,0.0,0.0,0.0,0.0,0.0,0.23,28.44,66,2,204.3,,,28.44,356,5.4,1,308.0,308.0
2024-03-22 14:40:00-05:00,2024-03-22 14:40:00,26.2,3.6,10.3,19.0,76,0.0,0.0,0.0,0.0,0.0,0.23,28.44,66,2,278.9,,,28.44,15,5.4,1,308.0,308.0
2024-03-22 14:45:00-05:00,2024-03-22 14:45:00,26.8,2.7,9.8,19.0,29,0.0,0.0,0.0,0.0,0.0,0.23,28.44,64,2,241.0,,,28.44,16,4.9,1,308.0,308.0
2024-03-22 14:50:00-05:00,2024-03-22 14:50:00,27.1,5.1,8.9,19.0,328,0.0,0.0,0.0,0.0,0.0,0.23,28.44,64,2,241.0,,,28.44,23,5.4,1,308.0,308.0
2024-03-22 14:55:00-05:00,2024-03-22 14:55:00,28.4,4.7,10.1,19.0,33,0.0,0.0,0.0,0.0,0.0,0.23,28.44,62,2,231.2,,,28.44,0,5.4,1,308.0,308.0
2024-03-22 15:00:00-05:00,2024-03-22 15:00:00,27.3,4.3,7.2,19.0,309,0.0,0.0,0.0,0.0,0.0,0.23,28.44,62,1,143.1,,,28.44,346,5.4,1,308.0,308.0
2024-03-22 15:05:00-05:00,2024-03-22 15:05:00,27.1,4.9,11.9,19.0,349,0.0,0.0,0.0,0.0,0.0,0.23,28.44,62,6,674.0,,,28.44,7,5.8,1,308.0,308.0
2024-03-22 15:10:00-05:00,2024-03-22 15:10:00,28.8,4.9,11.6,19.0,352,0.0,0.0,0.0,0.0,0.0,0.23,28.43,59,2,217.8,,,28.43,10,5.8,1,308.0,308.0
2024-03-22 15:15:00-05:00,2024-03-22 15:15:00,28.8,11.4,11.4,19.0,348,0.0,0.0,0.0,0.0,0.0,0.23,28.43,59,2,203.1,,,28.43,6,5.4,1,308.0,308.0
2024-03-22 15:20:00-05:00,2024-03-22 15:20:00,28.4,4.0,7.6,19.0,283,0.0,0.0,0.0,0.0,0.0,0.23,28.44,58,3,376.8,,,28.44,8,5.1,1,308.0,308.0
2024-03-22 15:25:00-05:00,2024-03-22 15:25:00,29.1,4.3,12.1,19.0,0,0.0,0.0,0.0,0.0,0.0,0.23,28.43,58,2,237.3,,,28.43,353,5.1,1,308.0,308.0
2024-03-22 15:30:00-05:00,2024-03-22 15:30:00,30.0,2.0,11.9,19.0,0,0.0,0.0,0.0,0.0,0.0,0.23,28.44,57,6,649.6,,,28.44,21,5.1,1,308.0,308.0
2024-03-22 15:35:00-05:00,2024-03-22 15:35:00,28.9,7.2,11.9,19.0,47,0.0,0.0,0.0,0.0,0.0,0.23,28.44,59,1,174.9,,,28.44,21,6.3,1,308.0,308.0
2024-03-22 15:40:00-05:00,2024-03-22 15:40:00,28.0,11.0,13.2,19.0,5,0.0,0.0,0.0,0.0,0.0,0.23,28.44,58,2,289.9,,,28.44,32,6.5,1,308.0,308.0
2024-03-22 15:45:00-05:00,2024-03-22 15:45:00,29.1,9.8,13.0,19.0,349,0.0,0.0,0.0,0.0,0.0,0.23,28.44,54,5,587.2,,,28.44,26,6.9,1,308.0,308.0
2024-03-22 15:50:00-05:00,2024-03-22 15:50:00,30.4,8.5,11.0,19.0,77,0.0,0.0,0.0,0.0,0.0,0.23,28.43,55,1,172.4,,,28.43,27,5.1,1,308.0,308.0
2024-03-22 15:55:00-05:00,2024-03-22 15:55:00,28.8,8.3,8.3,19.0,348,0.0,0.0,0.0,0.0,0.0,0.23,28.43,56,3,349.9,,,28.43,36,4.9,1,308.0,308.0
2024-03-22 16:00:00-05:00,2024-03-22 16:00:00,30.7,3.6,11.9,19.0,8,0.0,0.0,0.0,0.0,0.0,0.23,28.43,53,3,335.2,,,28.43,355,5.4,1,308.0,308.0
2024-03-22 16:05:00-05:00,2024-03-22 16:05:00,29.7,6.7,12.5,19.0,17,0.0,0.0,0.0,0.0,0.0,0.23,28.44,54,1,154.1,,,28.44,1,4.3,1,308.0,308.0
2024-03-22 16:10:00-05:00,2024-03-22 16:10:00,28.9,3.1,8.5,19.0,0,0.0,0.0,0.0,0.0,0.0,0.23,28.43,54,5,532.1,,,28.43,353,4.3,1,308.0,308.0
2024-03-22 16:15:00-05:00,2024-03-22 16:15:00,29.7,7.2,16.3,19.0,331,0.0,0.0,0.0,0.0,0.0,0.23,28.44,54,1,173.7,,,28.44,355,5.4,1,308.0,308.0
2024-03-22 16:20:00-05:00,2024-03-22 16:20:00,29.8,2.7,6.9,19.0,334,0.0,0.0,0.0,0.0,0.0,0.23,28.43,55,3,342.5,,,28.43,342,6.3,1,308.0,308.0
2024-03-22 16:25:00-05:00,2024-03-22 16:25:00,29.8,4.9,12.1,19.0,0,0.0,0.0,0.0,0.0,0.0,0.23,28.44,51,4,420.8,,,28.44,348,5.4,1,308.0,308.0
2024-03-22 16:30:00-05:00,2024-03-22 16:30:00,30.7,9.2,9.2,19.0,339,0.0,0.0,0.0,0.0,0.0,0.23,28.43,51,4,458.7,,,28.43,312,4.3,1,308.0,308.0
2024-03-22 16:35:00-05:00,2024-03-22 16:35:00,29.1,5.6,16.1,19.0,28,0.0,0.0,0.0,0.0,0.0,0.23,28.44,53,3,396.4,,,28.44,358,5.1,1,308.0,308.0
2024-03-22 16:40:00-05:00,2024-03-22 16:40:00,29.7,7.4,12.8,19.0,340,0.0,0.0,0.0,0.0,0.0,0.23,28.44,53,1,105.2,,,28.44,0,6.5,1,308.0,308.0
2024-03-22 16:45:00-05:00,2024-03-22 16:45:00,29.7,3.4,9.4,19.0,26,0.0,0.0,0.0,0.0,0.0,0.23,28.43,54,4,423.3,,,28.43,3,6.0,1,308.0,308.0
2024-03-22 16:50:00-05:00,2024-03-22 16:50:00,30.7,2.2,11.0,19.0,98,0.0,0.0,0.0,0.0,0.0,0.23,28.43,51,3,374.4,,,28.43,22,5.4,1,308.0,308.0
2024-03-22 16:55:00-05:00,2024-03-22 16:55:00,30.7,7.4,8.7,19.0,16,0.0,0.0,0.0,0.0,0.0,0.23,28.43,50,3,335.2,,,28.43,8,4.9,1,308.0,308.0
2024-03-22 17:00:00-05:00,2024-03-22 17:00:00,30.0,5.8,10.5,19.0,45,0.0,0.0,0.0,0.0,0.0,0.23,28.43,50,3,349.9,,,28.43,9,5.1,1,308.0,308.0
2024-03-22 17:05:00-05:00,2024-03-22 17:05:00,30.0,9.8,16.3,19.0,8,0.0,0.0,0.0,0.0,0.0,0.23,28.43,49,3,353.5,,,28.43,358,6.3,1,308.0,308.0
2024-03-22 17:10:00-05:00,2024-03-22 17:10:00,30.6,4.0,8.1,19.0,0,0.0,0.0,0.0,0.0,0.0,0.23,28.43,48,2,299.7,,,28.43,9,5.6,1,308.0,308.0
2024-03-22 17:15:00-05:00,2024-03-22 17:15:00,30.9,11.6,13.0,19.0,15,0.0,0.0,0.0,0.0,0.0,0.23,28.43,48,2,265.4,,,28.43,358,4.7,1,308.0,308.0
2024-03-22 17:20:00-05:00,2024-03-22 17:20:00,30.0,2.9,12.5,19.0,264,0.0,0.0,0.0,0.0,0.0,0.23,28.43,49,2,296.1,,,28.43,356,4.9,1,308.0,308.0
2024-03-22 17:25:00-05:00,2024-03-22 17:25:00,30.7,7.4,16.3,19.0,350,0.0,0.0,0.0,0.0,0.0,0.23,28.43,48,2,278.9,,,28.43,355,4.5,1,308.0,308.0
2024-03-22 17:30:00-05:00,2024-03-22 17:30:00,29.8,4.9,9.6,19.0,284,0.0,0.0,0.0,0.0,0.0,0.23,28.43,49,2,265.4,,,28.43,12,4.7,1,308.0,308.0
2024-03-22 17:35:00-05:00,2024-03-22 17:35:00,30.2,6.0,12.1,19.0,3,0.0,0.0,0.0,0.0,0.0,0.23,28.43,48,2,261.8,,,28.43,18,5.4,1,308.0,308.0
2024-03-22 17:40:00-05:00,2024-03-22 17:40:00,29.8,7.8,12.8,19.0,11,0.0,0.0,0.0,0.0,0.0,0.23,28.44,49,2,233.6,,,28.44,350,5.1,1,308.0,308.0
2024-03-22 17:46:00-05:00,2024-03-22 17:46:00,30.2,9.2,15.0,19.0,319,0.0,0.0,0.0,0.0,0.0,0.23,28.43,48,2,220.2,,,28.43,356,4.3,1,308.0,308.0
2024-03-22 17:50:00-05:00,2024-03-22 17:50:00,30.0,4.5,10.1,19.0,340,0.0,0.0,0.0,0.0,0.0,0.23,28.44,49,2,210.4,,,28.44,1,4.7,1,308.0,308.0
2024-03-22 17:55:00-05:00,2024-03-22 17:55:00,29.5,7.2,10.5,19.0,2,0.0,0.0,0.0,0.0,0.0,0.23,28.44,50,1,187.1,,,28.44,354,4.9,1,308.0,308.0
2024-03-22 18:00:00-05:00,2024-03-22 18:00:00,29.1,3.6,13.2,19.0,124,0.0,0.0,0.0,0.0,0.0,0.23,28.44,50,1,185.9,,,28.44,358,8.5,1,308.0,308.0
2024-03-22 18:05:00-05:00,2024-03-22 18:05:00,29.3,2.0,9.6,19.0,357,0.0,0.0,0.0,0.0,0.0,0.23,28.43,49,1,182.2,,,28.43,349,8.5,1,308.0,308.0
2024-03-22 18:10:00-05:00,2024-03-22 18:10:00,29.7,4.0,13.6,19.0,0,0.0,0.0,0.0,0.0,0.0,0.23,28.44,48,1,176.2,,,28.44,341,5.1,1,308.0,308.0
2024-03-22 18:15:00-05:00,2024-03-22 18:15:00,29.1,7.4,14.8,19.0,338,0.0,0.0,0.0,0.0,0.0,0.23,28.45,49,1,163.9,,,28.45,331,4.9,1,308.0,308.0
2024-03-22 18:20:00-05:00,2024-03-22 18:20:00,29.5,4.5,9.6,19.0,339,0.0,0.0,0.0,0.0,0.0,0.23,28.45,49,1,145.5,,,28.45,321,5.6,1,308.0,308.0
2024-03-22 18:25:00-05:00,2024-03-22 18:25:00,29.3,7.4,9.8,19.0,347,0.0,0.0,0.0,0.0,0.0,0.23,28.44,48,1,126.0,,,28.44,13,5.6,1,308.0,308.0
2024-03-22 18:30:00-05:00,2024-03-22 18:30:00,29.7,3.1,5.1,19.0,13,0.0,0.0,0.0,0.0,0.0,0.23,28.46,47,1,108.8,,,28.46,13,4.9,1,308.0,308.0
2024-03-22 18:35:00-05:00,2024-03-22 18:35:00,28.6,7.4,13.4,19.0,347,0.0,0.0,0.0,0.0,0.0,0.23,28.45,47,0,97.9,,,28.45,57,5.1,1,308.0,308.0
2024-03-22 18:40:00-05:00,2024-03-22 18:40:00,28.8,3.4,11.4,19.0,349,0.0,0.0,0.0,0.0,0.0,0.23,28.45,48,0,86.8,,,28.45,19,5.8,1,308.0,308.0
2024-03-22 18:45:00-05:00,2024-03-22 18:45:00,28.6,2.2,11.4,19.0,353,0.0,0.0,0.0,0.0,0.0,0.23,28.45,48,0,77.0,,,28.45,10,5.8,1,308.0,308.0
2024-03-22 18:50:00-05:00,2024-03-22 18:50:00,28.6,5.4,10.7,19.0,356,0.0,0.0,0.0,0.0,0.0,0.23,28.45,48,0,63.6,,,28.45,1,4.9,1,308.0,308.0
2024-03-22 18:55:00-05:00,2024-03-22 18:55:00,27.7,4.0,7.4,19.0,19,0.0,0.0,0.0,0.0,0.0,0.23,28.46,50,0,34.3,,,28.46,349,4.9,1,308.0,308.0
2024-03-22 19:00:00-05:00,2024-03-22 19:00:00,27.7,1.8,7.4,19.0,37,0.0,0.0,0.0,0.0,0.0,0.23,28.46,50,0,28.1,,,28.46,344,4.0,1,308.0,308.0
2024-03-22 19:05:00-05:00,2024-03-22 19:05:00,27.1,4.5,9.4,19.0,40,0.0,0.0,0.0,0.0,0.0,0.23,28.46,50,0,20.8,,,28.46,348,3.8,1,308.0,308.0
2024-03-22 19:10:00-05:00,2024-03-22 19:10:00,27.1,2.7,9.6,19.0,60,0.0,0.0,0.0,0.0,0.0,0.23,28.46,50,0,18.3,,,28.46,1,4.7,1,308.0,308.0
2024-03-22 19:15:00-05:00,2024-03-22 19:15:00,26.6,2.9,7.8,19.0,27,0.0,0.0,0.0,0.0,0.0,0.23,28.45,51,0,14.7,,,28.45,355,4.7,1,308.0,308.0
2024-03-22 19:20:00-05:00,2024-03-22 19:20:00,26.6,3.4,4.7,19.0,35,0.0,0.0,0.0,0.0,0.0,0.23,28.46,51,0,11.0,,,28.46,344,3.4,1,308.0,308.0
2024-03-22 19:25:00-05:00,2024-03-22 19:25:00,26.4,2.5,6.3,19.0,331,0.0,0.0,0.0,0.0,0.0,0.23,28.46,52,0,8.5,,,28.46,8,2.9,1,308.0,308.0
2024-03-22 19:30:00-05:00,2024-03-22 19:30:00,26.1,1.1,7.2,19.0,29,0.0,0.0,0.0,0.0,0.0,0.23,28.46,52,0,6.1,,,28.46,15,3.6,1,308.0,308.0
2024-03-22 19:35:00-05:00,2024-03-22 19:35:00,25.9,4.3,5.4,19.0,27,0.0,0.0,0.0,0.0,0.0,0.23,28.46,52,0,3.6,,,28.46,20,3.4,1,308.0,308.0
2024-03-22 19:40:00-05:00,2024-03-22 19:40:00,25.7,0.0,6.3,19.0,352,0.0,0.0,0.0,0.0,0.0,0.23,28.46,52,0,1.2,,,28.46,12,2.5,1,308.0,308.0
2024-03-22 19:45:00-05:00,2024-03-22 19:45:00,25.3,3.8,7.6,19.0,27,0.0,0.0,0.0,0.0,0.0,0.23,28.46,52,0,0.0,,,28.46,344,2.7,1,308.0,308.0
2024-03-22 19:50:00-05:00,2024-03-22 19:50:00,25.0,1.8,6.5,19.0,14,0.0,0.0,0.0,0.0,0.0,0.23,28.46,53,0,0.0,,,28.46,21,3.4,1,308.0,308.0
2024-03-22 19:55:00-05:00,2024-03-22 19:55:00,25.0,2.0,5.8,19.0,349,0.0,0.0,0.0,0.0,0.0,0.23,28.46,53,0,0.0,,,28.46,21,2.5,1,308.0,308.0
2024-03-22 20:00:00-05:00,2024-03-22 20:00:00,24.8,2.7,5.4,19.0,74,0.0,0.0,0.0,0.0,0.0,0.23,28.46,53,0,0.0,,,28.46,30,2.7,1,308.0,308.0
2024-03-22 20:05:00-05:00,2024-03-22 20:05:00,24.4,2.2,6.3,19.0,63,0.0,0.0,0.0,0.0,0.0,0.23,28.46,53,0,0.0,,,28.46,24,3.6,1,308.0,308.0
2024-03-22 20:10:00-05:00,2024-03-22 20:10:00,24.3,4.5,4.5,19.0,340,0.0,0.0,0.0,0.0,0.0,0.23,28.46,54,0,0.0,,,28.46,15,3.4,1,308.0,308.0
2024-03-22 20:15:00-05:00,2024-03-22 20:15:00,24.1,2.0,4.7,19.0,82,0.0,0.0,0.0,0.0,0.0,0.23,28.46,54,0,0.0,,,28.46,42,2.2,1,308.0,308.0
2024-03-22 20:21:00-05:00,2024-03-22 20:21:00,23.7,1.1,4.5,19.0,77,0.0,0.0,0.0,0.0,0.0,0.23,28.46,55,0,0.0,,,28.46,29,2.2,1,308.0,308.0
2024-03-22 20:25:00-05:00,2024-03-22 20:25:00,23.5,4.0,4.0,19.0,90,0.0,0.0,0.0,0.0,0.0,0.23,28.47,56,0,0.0,,,28.47,66,1.6,1,308.0,308.0
2024-03-22 20:31:00-05:00,2024-03-22 20:31:00,23.4,0.0,3.1,19.0,0,0.0,0.0,0.0,0.0,0.0,0.23,28.47,57,0,0.0,,,28.47,339,1.6,1,308.0,308.0
2024-03-22 20:35:00-05:00,2024-03-22 20:35:00,23.0,2.2,4.7,19.0,66,0.0,0.0,0.0,0.0,0.0,0.23,28.46,58,0,0.0,,,28.46,49,1.6,1,308.0,308.0
2024-03-22 20:40:00-05:00,2024-03-22 20:40:00,22.8,1.3,3.4,19.0,107,0.0,0.0,0.0,0.0,0.0,0.23,28.47,58,0,0.0,,,28.47,107,1.3,1,308.0,308.0
2024-03-22 20:46:00-05:00,2024-03-22 20:46:00,23.0,2.0,2.9,19.0,48,0.0,0.0,0.0,0.0,0.0,0.23,28.46,58,0,0.0,,,28.46,112,0.0,1,308.0,308.0
2024-03-22 20:50:00-05:00,2024-03-22 20:50:00,22.8,0.0,2.7,19.0,123,0.0,0.0,0.0,0.0,0.0,0.23,28.48,59,0,0.0,,,28.48,87,1.3,1,308.0,308.0
2024-03-22 20:55:00-05:00,2024-03-22 20:55:00,22.5,0.0,3.4,19.0,102,0.0,0.0,0.0,0.0,0.0,0.23,28.48,60,0,0.0,,,28.48,93,1.3,1,308.0,308.0
2024-03-22 21:00:00-05:00,2024-03-22 21:00:00,22.5,0.0,3.4,19.0,349,0.0,0.0,0.0,0.0,0.0,0.23,28.48,60,0,0.0,,,28.48,143,1.3,1,308.0,308.0
2024-03-22 21:05:00-05:00,2024-03-22 21:05:00,22.1,1.8,4.0,19.0,8,0.0,0.0,0.0,0.0,0.0,0.23,28.48,61,0,0.0,,,28.48,61,1.8,1,308.0,308.0
2024-03-22 21:10:00-05:00,2024-03-22 21:10:00,22.1,0.0,1.6,19.0,117,0.0,0.0,0.0,0.0,0.0,0.23,28.48,61,0,0.0,,,28.48,41,1.1,1,308.0,308.0
2024-03-22 21:15:00-05:00,2024-03-22 21:15:00,21.9,1.8,3.4,19.0,99,0.0,0.0,0.0,0.0,0.0,0.23,28.48,62,0,0.0,,,28.48,41,1.1,1,308.0,308.0
2024-03-22 21:20:00-05:00,2024-03-22 21:20:00,21.9,0.0,2.9,19.0,95,0.0,0.0,0.0,0.0,0.0,0.23,28.48,62,0,0.0,,,28.48,130,1.6,1,308.0,308.0
2024-03-22 21:25:00-05:00,2024-03-22 21:25:00,21.6,4.3,4.5,19.0,78,0.0,0.0,0.0,0.0,0.0,0.23,28.48,63,0,0.0,,,28.48,78,1.3,1,308.0,308.0
2024-03-22 21:30:00-05:00,2024-03-22 21:30:00,21.6,1.3,3.4,19.0,35,0.0,0.0,0.0,0.0,0.0,0.23,28.48,63,0,0.0,,,28.48,78,1.3,1,308.0,308.0
2024-03-22 21:35:00-05:00,2024-03-22 21:35:00,21.6,0.0,2.7,19.0,250,0.0,0.0,0.0,0.0,0.0,0.23,28.48,63,0,0.0,,,28.48,120,1.6,1,308.0,308.0
2024-03-22 21:40:00-05:00,2024-03-22 21:40:00,21.2,2.7,2.7,19.0,56,0.0,0.0,0.0,0.0,0.0,0.23,28.48,63,0,0.0,,,28.48,98,2.0,1,308.0,308.0
2024-03-22 21:45:00-05:00,2024-03-22 21:45:00,21.0,2.2,3.6,19.0,163,0.0,0.0,0.0,0.0,0.0,0.23,28.48,64,0,0.0,,,28.48,56,2.7,1,308.0,308.0
2024-03-22 21:50:00-05:00,2024-03-22 21:50:00,21.6,1.1,3.8,19.0,157,0.0,0.0,0.0,0.0,0.0,0.23,28.49,63,0,0.0,,,28.49,56,2.7,1,308.0,308.0
2024-03-22 21:55:00-05:00,2024-03-22 21:55:00,21.2,1.8,3.4,19.0,72,0.0,0.0,0.0,0.0,0.0,0.23,28.48,64,0,0.0,,,28.48,157,1.6,1,308.0,308.0
2024-03-22 22:00:00-05:00,2024-03-22 22:00:00,21.0,2.0,2.2,19.0,159,0.0,0.0,0.0,0.0,0.0,0.23,28.49,64,0,0.0,,,28.49,105,2.0,1,308.0,308.0
2024-03-22 22:05:00-05:00,2024-03-22 22:05:00,21.2,1.3,3.4,19.0,102,0.0,0.0,0.0,0.0,0.0,0.23,28.49,64,0,0.0,,,28.49,132,2.0,1,308.0,308.0
2024-03-22 22:10:00-05:00,2024-03-22 22:10:00,21.0,0.0,2.2,19.0,66,0.0,0.0,0.0,0.0,0.0,0.23,28.48,65,0,0.0,,,28.48,132,1.8,1,308.0,308.0
2024-03-22 22:15:00-05:00,2024-03-22 22:15:00,20.8,2.2,2.2,19.0,162,0.0,0.0,0.0,0.0,0.0,0.23,28.49,65,0,0.0,,,28.49,90,0.0,1,308.0,308.0
2024-03-22 22:20:00-05:00,2024-03-22 22:20:00,21.0,0.0,2.7,19.0,149,0.0,0.0,0.0,0.0,0.0,0.23,28.49,65,0,0.0,,,28.49,161,1.1,1,308.0,308.0
2024-03-22 22:25:00-05:00,2024-03-22 22:25:00,21.0,0.0,2.0,19.0,162,0.0,0.0,0.0,0.0,0.0,0.23,28.49,65,0,0.0,,,28.49,154,1.6,1,308.0,308.0
2024-03-22 22:30:00-05:00,2024-03-22 22:30:00,20.8,2.5,3.6,19.0,161,0.0,0.0,0.0,0.0,0.0,0.23,28.49,65,0,0.0,,,28.49,124,1.6,1,308.0,308.0
2024-03-22 22:35:00-05:00,2024-03-22 22:35:00,21.0,2.7,2.7,19.0,162,0.0,0.0,0.0,0.0,0.0,0.23,28.5,65,0,0.0,,,28.5,165,2.0,1,308.0,308.0
2024-03-22 22:40:00-05:00,2024-03-22 22:40:00,21.4,1.3,2.9,19.0,154,0.0,0.0,0.0,0.0,0.0,0.23,28.5,64,0,0.0,,,28.5,161,2.0,1,308.0,308.0
2024-03-22 22:45:00-05:00,2024-03-22 22:45:00,21.0,1.6,2.9,19.0,144,0.0,0.0,0.0,0.0,0.0,0.23,28.5,65,0,0.0,,,28.5,161,1.8,1,308.0,308.0
2024-03-22 22:50:00-05:00,2024-03-22 22:50:00,20.8,2.9,4.3,19.0,166,0.0,0.0,0.0,0.0,0.0,0.23,28.5,66,0,0.0,,,28.5,161,1.6,1,308.0,308.0
2024-03-22 22:55:00-05:00,2024-03-22 22:55:00,20.8,1.8,3.6,19.0,172,0.0,0.0,0.0,0.0,0.0,0.23,28.49,66,0,0.0,,,28.49,145,1.8,1,308.0,308.0
2024-03-22 23:00:00-05:00,2024-03-22 23:00:00,21.2,1.3,2.9,19.0,196,0.0,0.0,0.0,0.0,0.0,0.23,28.49,66,0,0.0,,,28.49,168,2.0,1,308.0,308.0
2024-03-22 23:05:00-05:00,2024-03-22 23:05:00,20.8,0.0,2.0,19.0,200,0.0,0.0,0.0,0.0,0.0,0.23,28.5,67,0,0.0,,,28.5,187,0.0,1,308.0,308.0
2024-03-22 23:10:00-05:00,2024-03-22 23:10:00,20.3,0.0,2.9,19.0,194,0.0,0.0,0.0,0.0,0.0,0.23,28.5,68,0,0.0,,,28.5,194,1.3,1,308.0,308.0
2024-03-22 23:15:00-05:00,2024-03-22 23:15:00,20.3,2.2,4.0,19.0,198,0.0,0.0,0.0,0.0,0.0,0.23,28.5,68,0,0.0,,,28.5,194,2.0,1,308.0,308.0
2024-03-22 23:20:00-05:00,2024-03-22 23:20:00,20.1,2.0,3.4,19.0,180,0.0,0.0,0.0,0.0,0.0,0.23,28.5,68,0,0.0,,,28.5,188,1.8,1,308.0,308.0
2024-03-22 23:25:00-05:00,2024-03-22 23:25:00,19.6,2.2,3.4,19.0,151,0.0,0.0,0.0,0.0,0.0,0.23,28.5,69,0,0.0,,,28.5,189,1.6,1,308.0,308.0
2024-03-22 23:30:00-05:00,2024-03-22 23:30:00,19.8,2.7,3.6,19.0,178,0.0,0.0,0.0,0.0,0.0,0.23,28.5,69,0,0.0,,,28.5,189,2.0,1,308.0,308.0
2024-03-22 23:35:00-05:00,2024-03-22 23:35:00,19.8,1.8,2.7,19.0,192,0.0,0.0,0.0,0.0,0.0,0.23,28.5,68,0,0.0,,,28.5,183,2.2,1,308.0,308.0
2024-03-22 23:40:00-05:00,2024-03-22 23:40:00,19.4,2.0,2.0,19.0,187,0.0,0.0,0.0,0.0,0.0,0.23,28.5,69,0,0.0,,,28.5,180,1.1,1,308.0,308.0
2024-03-22 23:45:00-05:00,2024-03-22 23:45:00,19.2,0.0,3.8,19.0,203,0.0,0.0,0.0,0.0,0.0,0.23,28.5,70,0,0.0,,,28.5,185,1.3,1,308.0,308.0
2024-03-22 23:50:00-05:00,2024-03-22 23:50:00,19.2,2.2,2.9,19.0,159,0.0,0.0,0.0,0.0,0.0,0.23,28.5,70,0,0.0,,,28.5,185,2.0,1,308.0,308.0
2024-03-22 23:55:00-05:00,2024-03-22 23:55:00,19.4,0.0,1.8,19.0,148,0.0,0.0,0.0,0.0,0.0,0.23,28.49,69,0,0.0,,,28.49,132,1.3,1,308.0,308.0
2024-03-23 00:00:00-05:00,2024-03-23 00:00:00,18.9,1.3,2.5,19.0,169,0.0,0.0,0.0,0.0,0.0,0.23,28.5,70,0,0.0,,,28.5,148,1.6,1,308.0,308.0
2024-03-23 00:05:00-05:00,2024-03-23 00:05:00,19.0,1.6,3.8,3.8,180,0.0,0.0,0.0,0.0,0.0,0.23,28.5,70,0,0.0,,,28.5,195,1.3,1,308.0,308.0
2024-03-23 00:10:00-05:00,2024-03-23 00:10:00,19.0,0.0,2.0,3.8,240,0.0,0.0,0.0,0.0,0.0,0.23,28.5,70,0,0.0,,,28.5,180,1.3,1,308.0,308.0
2024-03-23 00:15:00-05:00,2024-03-23 00:15:00,18.9,1.3,2.2,3.8,154,0.0,0.0,0.0,0.0,0.0,0.23,28.5,71,0,0.0,,,28.5,172,1.3,1,308.0,308.0
2024-03-23 00:20:00-05:00,2024-03-23 00:20:00,18.9,1.1,3.4,3.8,98,0.0,0.0,0.0,0.0,0.0,0.23,28.5,71,0,0.0,,,28.5,196,1.1,1,308.0,308.0
2024-03-23 00:25:00-05:00,2024-03-23 00:25:00,19.0,1.6,2.9,3.8,339,0.0,0.0,0.0,0.0,0.0,0.23,28.5,71,0,0.0,,,28.5,188,0.0,1,308.0,308.0
2024-03-23 00:30:00-05:00,2024-03-23 00:30:00,19.2,0.0,2.2,3.8,176,0.0,0.0,0.0,0.0,0.0,0.23,28.5,71,0,0.0,,,28.5,176,0.0,1,308.0,308.0
2024-03-23 00:35:00-05:00,2024-03-23 00:35:00,19.4,1.6,3.4,3.8,180,0.0,0.0,0.0,0.0,0.0,0.23,28.5,71,0,0.0,,,28.5,180,1.1,1,308.0,308.0
2024-03-23 00:40:00-05:00,2024-03-23 00:40:00,19.6,2.0,2.5,3.8,127,0.0,0.0,0.0,0.0,0.0,0.23,28.5,71,0,0.0,,,28.5,180,1.6,1,308.0,308.0
2024-03-23 00:45:00-05:00,2024-03-23 00:45:00,19.4,0.0,5.1,5.1,206,0.0,0.0,0.0,0.0,0.0,0.23,28.5,71,0,0.0,,,28.5,176,1.1,1,308.0,308.0
2024-03-23 00:50:00-05:00,2024-03-23 00:50:00,19.4,2.2,2.2,5.1,162,0.0,0.0,0.0,0.0,0.0,0.23,28.49,71,0,0.0,,,28.49,154,1.1,1,308.0,308.0
2024-03-23 00:55:00-05:00,2024-03-23 00:55:00,19.4,0.0,3.1,5.1,340,0.0,0.0,0.0,0.0,0.0,0.23,28.49,71,0,0.0,,,28.49,165,1.6,1,308.0,308.0
2024-03-23 01:00:00-05:00,2024-03-23 01:00:00,19.6,2.0,2.2,5.1,255,0.0,0.0,0.0,0.0,0.0,0.23,28.5,71,0,0.0,,,28.5,191,1.3,1,308.0,308.0
2024-03-23 01:05:00-05:00,2024-03-23 01:05:00,19.4,0.0,2.5,5.1,108,0.0,0.0,0.0,0.0,0.0,0.23,28.49,72,0,0.0,,,28.49,191,1.3,1,308.0,308.0
2024-03-23 01:10:00-05:00,2024-03-23 01:10:00,19.2,2.7,2.7,5.1,129,0.0,0.0,0.0,0.0,0.0,0.23,28.49,73,0,0.0,,,28.49,105,1.3,1,308.0,308.0
2024-03-23 01:15:00-05:00,2024-03-23 01:15:00,19.2,1.3,2.7,5.1,196,0.0,0.0,0.0,0.0,0.0,0.23,28.49,73,0,0.0,,,28.49,138,1.3,1,308.0,308.0
2024-03-23 01:20:00-05:00,2024-03-23 01:20:00,19.4,1.1,1.8,5.1,83,0.0,0.0,0.0,0.0,0.0,0.23,28.49,73,0,0.0,,,28.49,83,1.1,1,308.0,308.0
2024-03-23 01:25:00-05:00,2024-03-23 01:25:00,19.2,1.8,3.4,5.1,99,0.0,0.0,0.0,0.0,0.0,0.23,28.49,74,0,0.0,,,28.49,90,1.1,1,308.0,308.0
2024-03-23 01:30:00-05:00,2024-03-23 01:30:00,19.0,0.0,3.4,5.1,160,0.0,0.0,0.0,0.0,0.0,0.23,28.49,74,0,0.0,,,28.49,160,1.3,1,308.0,308.0
2024-03-23 01:35:00-05:00,2024-03-23 01:35:00,19.2,1.6,2.5,5.1,210,0.0,0.0,0.0,0.0,0.0,0.23,28.49,74,0,0.0,,,28.49,176,1.6,1,308.0,308.0
2024-03-23 01:40:00-05:00,2024-03-23 01:40:00,19.0,1.8,3.4,5.1,128,0.0,0.0,0.0,0.0,0.0,0.23,28.5,74,0,0.0,,,28.5,172,1.6,1,308.0,308.0
2024-03-23 01:45:00-05:00,2024-03-23 01:45:00,19.0,3.1,4.0,5.1,159,0.0,0.0,0.0,0.0,0.0,0.23,28.5,74,0,0.0,,,28.5,131,2.2,1,308.0,308.0
2024-03-23 01:50:00-05:00,2024-03-23 01:50:00,18.9,2.9,5.1,5.1,138,0.0,0.0,0.0,0.0,0.0,0.23,28.49,74,0,0.0,,,28.49,153,2.9,1,308.0,308.0
2024-03-23 01:55:00-05:00,2024-03-23 01:55:00,18.7,1.3,3.1,5.1,157,0.0,0.0,0.0,0.0,0.0,0.23,28.49,75,0,0.0,,,28.49,153,2.2,1,308.0,308.0
2024-03-23 02:00:00-05:00,2024-03-23 02:00:00,18.1,3.4,6.0,6.0,173,0.0,0.0,0.0,0.0,0.0,0.23,28.5,75,0,0.0,,,28.5,150,2.2,1,308.0,308.0
2024-03-23 02:05:00-05:00,2024-03-23 02:05:00,18.3,2.5,4.3,6.0,160,0.0,0.0,0.0,0.0,0.0,0.23,28.49,75,0,0.0,,,28.49,156,3.1,1,308.0,308.0
2024-03-23 02:10:00-05:00,2024-03-23 02:10:00,18.1,2.0,3.6,6.0,144,0.0,0.0,0.0,0.0,0.0,0.23,28.49,75,0,0.0,,,28.49,152,2.7,1,308.0,308.0
2024-03-23 02:15:00-05:00,2024-03-23 02:15:00,17.8,2.2,3.6,6.0,146,0.0,0.0,0.0,0.0,0.0,0.23,28.5,76,0,0.0,,,28.5,143,2.0,1,308.0,308.0
2024-03-23 02:20:00-05:00,2024-03-23 02:20:00,17.8,3.1,4.5,6.0,180,0.0,0.0,0.0,0.0,0.0,0.23,28.49,76,0,0.0,,,28.49,165,2.7,1,308.0,308.0
2024-03-23 02:25:00-05:00,2024-03-23 02:25:00,17.8,3.4,5.6,6.0,153,0.0,0.0,0.0,0.0,0.0,0.23,28.48,76,0,0.0,,,28.48,157,2.9,1,308.0,308.0
2024-03-23 02:30:00-05:00,2024-03-23 02:30:00,17.6,1.8,3.1,6.0,152,0.0,0.0,0.0,0.0,0.0,0.23,28.49,76,0,0.0,,,28.49,157,3.1,1,308.0,308.0
2024-03-23 02:35:00-05:00,2024-03-23 02:35:00,17.8,3.1,5.4,6.0,173,0.0,0.0,0.0,0.0,0.0,0.23,28.49,76,0,0.0,,,28.49,169,3.1,1,308.0,308.0
2024-03-23 02:40:00-05:00,2024-03-23 02:40:00,18.0,2.5,4.5,6.0,208,0.0,0.0,0.0,0.0,0.0,0.23,28.5,75,0,0.0,,,28.5,171,3.4,1,308.0,308.0
2024-03-23 02:45:00-05:00,2024-03-23 02:45:00,18.1,2.5,4.0,6.0,168,0.0,0.0,0.0,0.0,0.0,0.23,28.5,75,0,0.0,,,28.5,171,3.4,1,308.0,308.0
2024-03-23 02:50:00-05:00,2024-03-23 02:50:00,17.4,2.9,4.5,6.0,158,0.0,0.0,0.0,0.0,0.0,0.23,28.5,76,0,0.0,,,28.5,170,3.1,1,308.0,308.0
2024-03-23 02:55:00-05:00,2024-03-23 02:55:00,17.4,4.7,4.7,6.0,156,0.0,0.0,0.0,0.0,0.0,0.23,28.49,76,0,0.0,,,28.49,165,3.1,1,308.0,308.0
2024-03-23 03:00:00-05:00,2024-03-23 03:00:00,17.1,2.7,4.3,6.0,169,0.0,0.0,0.0,0.0,0.0,0.23,28.49,77,0,0.0,,,28.49,167,3.1,1,308.0,308.0
2024-03-23 03:05:00-05:00,2024-03-23 03:05:00,17.4,2.5,4.3,6.0,180,0.0,0.0,0.0,0.0,0.0,0.23,28.5,76,0,0.0,,,28.5,178,3.1,1,308.0,308.0
2024-03-23 03:10:00-05:00,2024-03-23 03:10:00,16.5,2.9,5.1,6.0,167,0.0,0.0,0.0,0.0,0.0,0.23,28.49,77,0,0.0,,,28.49,157,2.9,1,308.0,308.0
2024-03-23 03:15:00-05:00,2024-03-23 03:15:00,16.9,3.1,3.4,6.0,145,0.0,0.0,0.0,0.0,0.0,0.23,28.49,77,0,0.0,,,28.49,152,2.9,1,308.0,308.0
2024-03-23 03:20:00-05:00,2024-03-23 03:20:00,16.7,2.9,4.0,6.0,133,0.0,0.0,0.0,0.0,0.0,0.23,28.49,77,0,0.0,,,28.49,164,2.9,1,308.0,308.0
2024-03-23 03:25:00-05:00,2024-03-23 03:25:00,16.3,2.9,4.0,6.0,172,0.0,0.0,0.0,0.0,0.0,0.23,28.49,78,0,0.0,,,28.49,164,2.9,1,308.0,308.0
2024-03-23 03:30:00-05:00,2024-03-23 03:30:00,16.2,4.0,4.9,6.3,180,0.0,0.0,0.0,0.0,0.0,0.23,28.5,78,0,0.0,,,28.5,174,2.9,1,308.0,308.0
2024-03-23 03:35:00-05:00,2024-03-23 03:35:00,16.9,2.0,3.8,6.3,173,0.0,0.0,0.0,0.0,0.0,0.23,28.5,77,0,0.0,,,28.5,180,3.1,1,308.0,308.0
2024-03-23 03:40:00-05:00,2024-03-23 03:40:00,16.0,2.0,2.0,6.3,166,0.0,0.0,0.0,0.0,0.0,0.23,28.49,77,0,0.0,,,28.49,166,2.5,1,308.0,308.0
2024-03-23 03:45:00-05:00,2024-03-23 03:45:00,16.0,1.8,2.5,6.3,158,0.0,0.0,0.0,0.0,0.0,0.23,28.49,78,0,0.0,,,28.49,154,2.0,1,308.0,308.0
2024-03-23 03:50:00-05:00,2024-03-23 03:50:00,16.3,2.5,5.1,6.3,183,0.0,0.0,0.0,0.0,0.0,0.23,28.49,78,0,0.0,,,28.49,168,2.2,1,308.0,308.0
2024-03-23 03:55:00-05:00,2024-03-23 03:55:00,16.3,2.5,4.5,6.3,161,0.0,0.0,0.0,0.0,0.0,0.23,28.48,78,0,0.0,,,28.48,165,3.4,1,308.0,308.0
2024-03-23 04:00:00-05:00,2024-03-23 04:00:00,15.8,2.0,3.8,6.3,159,0.0,0.0,0.0,0.0,0.0,0.23,28.49,78,0,0.0,,,28.49,153,3.1,1,308.0,308.0
2024-03-23 04:05:00-05:00,2024-03-23 04:05:00,15.6,3.8,3.8,6.3,140,0.0,0.0,0.0,0.0,0.0,0.23,28.49,78,0,0.0,,,28.49,155,2.7,1,308.0,308.0
2024-03-23 04:10:00-05:00,2024-03-23 04:10:00,15.3,2.0,4.3,6.3,161,0.0,0.0,0.0,0.0,0.0,0.23,28.48,79,0,0.0,,,28.48,161,2.5,1,308.0,308.0
2024-03-23 04:15:00-05:00,2024-03-23 04:15:00,15.6,1.6,2.7,6.3,159,0.0,0.0,0.0,0.0,0.0,0.23,28.48,79,0,0.0,,,28.48,154,2.2,1,308.0,308.0
2024-03-23 04:20:00-05:00,2024-03-23 04:20:00,16.3,2.7,3.8,6.3,159,0.0,0.0,0.0,0.0,0.0,0.23,28.48,78,0,0.0,,,28.48,174,2.2,1,308.0,308.0
2024-03-23 04:25:00-05:00,2024-03-23 04:25:00,17.4,1.8,3.4,6.3,176,0.0,0.0,0.0,0.0,0.0,0.23,28.47,77,0,0.0,,,28.47,177,2.2,1,308.0,308.0
2024-03-23 04:30:00-05:00,2024-03-23 04:30:00,16.9,1.6,4.0,6.3,143,0.0,0.0,0.0,0.0,0.0,0.23,28.47,76,0,0.0,,,28.47,168,2.5,1,308.0,308.0
2024-03-23 04:35:00-05:00,2024-03-23 04:35:00,16.9,2.2,2.7,6.3,117,0.0,0.0,0.0,0.0,0.0,0.23,28.47,77,0,0.0,,,28.47,157,2.0,1,308.0,308.0
2024-03-23 04:40:00-05:00,2024-03-23 04:40:00,16.0,0.0,3.8,6.3,198,0.0,0.0,0.0,0.0,0.0,0.23,28.47,78,0,0.0,,,28.47,152,1.8,1,308.0,308.0
2024-03-23 04:45:00-05:00,2024-03-23 04:45:00,15.8,1.6,4.3,6.3,166,0.0,0.0,0.0,0.0,0.0,0.23,28.47,79,0,0.0,,,28.47,152,2.2,1,308.0,308.0
2024-03-23 04:50:00-05:00,2024-03-23 04:50:00,16.2,2.7,3.4,6.3,140,0.0,0.0,0.0,0.0,0.0,0.23,28.47,78,0,0.0,,,28.47,168,2.5,1,308.0,308.0
2024-03-23 04:55:00-05:00,2024-03-23 04:55:00,15.4,3.4,5.1,6.3,141,0.0,0.0,0.0,0.0,0.0,0.23,28.46,79,0,0.0,,,28.46,157,2.5,1,308.0,308.0
2024-03-23 05:00:00-05:00,2024-03-23 05:00:00,15.4,1.6,4.5,6.3,156,0.0,0.0,0.0,0.0,0.0,0.23,28.47,79,0,0.0,,,28.47,133,2.7,1,308.0,308.0
2024-03-23 05:05:00-05:00,2024-03-23 05:05:00,15.8,3.1,4.5,6.3,178,0.0,0.0,0.0,0.0,0.0,0.23,28.47,79,0,0.0,,,28.47,164,2.9,1,308.0,308.0
2024-03-23 05:10:00-05:00,2024-03-23 05:10:00,16.2,1.3,2.7,6.3,180,0.0,0.0,0.0,0.0,0.0,0.23,28.47,78,0,0.0,,,28.47,171,2.5,1,308.0,308.0
2024-03-23 05:15:00-05:00,2024-03-23 05:15:00,15.8,2.7,4.7,6.3,153,0.0,0.0,0.0,0.0,0.0,0.23,28.47,78,0,0.0,,,28.47,172,1.6,1,308.0,308.0
2024-03-23 05:20:00-05:00,2024-03-23 05:20:00,16.3,1.1,4.5,6.3,180,0.0,0.0,0.0,0.0,0.0,0.23,28.47,77,0,0.0,,,28.47,173,2.0,1,308.0,308.0
2024-03-23 05:25:00-05:00,2024-03-23 05:25:00,16.3,2.0,3.4,6.3,183,0.0,0.0,0.0,0.0,0.0,0.23,28.48,77,0,0.0,,,28.48,176,2.2,1,308.0,308.0
2024-03-23 05:30:00-05:00,2024-03-23 05:30:00,15.8,0.0,2.0,6.3,98,0.0,0.0,0.0,0.0,0.0,0.23,28.47,77,0,0.0,,,28.47,162,1.6,1,308.0,308.0
2024-03-23 05:35:00-05:00,2024-03-23 05:35:00,15.4,2.2,5.1,6.3,180,0.0,0.0,0.0,0.0,0.0,0.23,28.48,78,0,0.0,,,28.48,158,1.6,1,308.0,308.0
2024-03-23 05:40:00-05:00,2024-03-23 05:40:00,15.4,1.6,4.5,6.3,176,0.0,0.0,0.0,0.0,0.0,0.23,28.48,78,0,0.0,,,28.48,171,2.9,1,308.0,308.0
2024-03-23 05:45:00-05:00,2024-03-23 05:45:00,15.8,3.1,4.3,6.9,156,0.0,0.0,0.0,0.0,0.0,0.23,28.48,78,0,0.0,,,28.48,165,3.8,1,308.0,308.0
2024-03-23 05:50:00-05:00,2024-03-23 05:50:00,15.6,4.0,4.5,6.9,159,0.0,0.0,0.0,0.0,0.0,0.23,28.47,78,0,0.0,,,28.47,176,3.6,1,308.0,308.0
2024-03-23 05:55:00-05:00,2024-03-23 05:55:00,15.6,2.9,5.4,6.9,175,0.0,0.0,0.0,0.0,0.0,0.23,28.48,78,0,0.0,,,28.48,163,3.6,1,308.0,308.0
2024-03-23 06:00:00-05:00,2024-03-23 06:00:00,16.2,1.8,4.5,6.9,139,0.0,0.0,0.0,0.0,0.0,0.23,28.48,78,0,0.0,,,28.48,164,3.6,1,308.0,308.0
2024-03-23 06:05:00-05:00,2024-03-23 06:05:00,17.1,2.5,4.0,6.9,168,0.0,0.0,0.0,0.0,0.0,0.23,28.47,77,0,0.0,,,28.47,173,2.9,1,308.0,308.0
2024-03-23 06:10:00-05:00,2024-03-23 06:10:00,16.7,3.8,4.3,6.9,176,0.0,0.0,0.0,0.0,0.0,0.23,28.48,76,0,0.0,,,28.48,167,2.9,1,308.0,308.0
2024-03-23 06:16:00-05:00,2024-03-23 06:16:00,16.3,3.1,4.5,6.9,160,0.0,0.0,0.0,0.0,0.0,0.23,28.47,77,0,0.0,,,28.47,163,3.1,1,308.0,308.0
2024-03-23 06:20:00-05:00,2024-03-23 06:20:00,17.2,1.1,2.2,6.9,200,0.0,0.0,0.0,0.0,0.0,0.23,28.48,77,0,0.0,,,28.48,180,3.1,1,308.0,308.0
2024-03-23 06:25:00-05:00,2024-03-23 06:25:00,18.0,2.5,2.7,6.9,157,0.0,0.0,0.0,0.0,0.0,0.23,28.48,75,0,0.0,,,28.48,171,2.0,1,308.0,308.0
2024-03-23 06:30:00-05:00,2024-03-23 06:30:00,16.7,2.9,3.6,6.9,172,0.0,0.0,0.0,0.0,0.0,0.23,28.48,76,0,0.0,,,28.48,159,2.0,1,308.0,308.0
2024-03-23 06:35:00-05:00,2024-03-23 06:35:00,16.2,3.8,5.4,6.9,156,0.0,0.0,0.0,0.0,0.0,0.23,28.48,77,0,0.0,,,28.48,170,2.7,1,308.0,308.0
2024-03-23 06:40:00-05:00,2024-03-23 06:40:00,16.0,5.1,5.1,6.9,176,0.0,0.0,0.0,0.0,0.0,0.23,28.48,78,0,0.0,,,28.48,169,3.6,1,308.0,308.0
2024-03-23 06:45:00-05:00,2024-03-23 06:45:00,15.6,2.9,5.1,6.9,140,0.0,0.0,0.0,0.0,0.0,0.23,28.49,79,0,0.0,,,28.49,164,3.6,1,308.0,308.0
2024-03-23 06:50:00-05:00,2024-03-23 06:50:00,15.6,2.9,4.7,6.9,155,0.0,0.0,0.0,0.0,0.0,0.23,28.48,79,0,0.0,,,28.48,169,3.1,1,308.0,308.0
2024-03-23 06:55:00-05:00,2024-03-23 06:55:00,16.0,3.6,5.4,6.9,180,0.0,0.0,0.0,0.0,0.0,0.23,28.48,79,0,0.0,,,28.48,150,3.4,1,308.0,308.0
2024-03-23 07:00:00-05:00,2024-03-23 07:00:00,16.2,3.4,5.4,6.9,157,0.0,0.0,0.0,0.0,0.0,0.23,28.48,78,0,0.0,,,28.48,174,3.4,1,308.0,308.0
2024-03-23 07:05:00-05:00,2024-03-23 07:05:00,16.3,2.7,3.1,6.9,185,0.0,0.0,0.0,0.0,0.0,0.23,28.48,79,0,0.0,,,28.48,165,3.1,1,308.0,308.0
2024-03-23 07:10:00-05:00,2024-03-23 07:10:00,16.3,3.4,4.3,6.9,169,0.0,0.0,0.0,0.0,0.0,0.23,28.48,78,0,0.0,,,28.48,166,3.1,1,308.0,308.0
2024-03-23 07:15:00-05:00,2024-03-23 07:15:00,16.5,2.7,4.0,6.9,148,0.0,0.0,0.0,0.0,0.0,0.23,28.47,78,0,0.0,,,28.47,162,2.9,1,308.0,308.0
2024-03-23 07:20:00-05:00,2024-03-23 07:20:00,16.3,2.2,2.5,6.9,151,0.0,0.0,0.0,0.0,0.0,0.23,28.47,79,0,0.0,,,28.47,162,2.2,1,308.0,308.0
2024-03-23 07:25:00-05:00,2024-03-23 07:25:00,16.9,3.4,4.3,6.9,166,0.0,0.0,0.0,0.0,0.0,0.23,28.48,79,0,1.2,,,28.48,168,1.8,1,308.0,308.0
2024-03-23 07:30:00-05:00,2024-03-23 07:30:00,18.0,0.0,4.3,6.9,158,0.0,0.0,0.0,0.0,0.0,0.23,28.48,77,0,1.2,,,28.48,171,2.2,1,308.0,308.0
2024-03-23 07:35:00-05:00,2024-03-23 07:35:00,18.1,2.2,4.3,6.9,174,0.0,0.0,0.0,0.0,0.0,0.23,28.47,76,0,2.5,,,28.47,173,2.2,1,308.0,308.0
2024-03-23 07:40:00-05:00,2024-03-23 07:40:00,17.8,2.2,2.9,6.9,180,0.0,0.0,0.0,0.0,0.0,0.23,28.47,76,0,4.9,,,28.47,174,2.2,1,308.0,308.0
2024-03-23 07:45:00-05:00,2024-03-23 07:45:00,17.2,4.0,5.6,6.9,165,0.0,0.0,0.0,0.0,0.0,0.23,28.48,78,0,7.3,,,28.48,171,2.7,1,308.0,308.0
2024-03-23 07:50:00-05:00,2024-03-23 07:50:00,17.1,3.8,4.0,6.9,139,0.0,0.0,0.0,0.0,0.0,0.23,28.48,78,0,9.8,,,28.48,171,3.6,1,308.0,308.0
2024-03-23 07:55:00-05:00,2024-03-23 07:55:00,17.4,2.7,4.0,6.9,155,0.0,0.0,0.0,0.0,0.0,0.23,28.47,78,0,12.2,,,28.47,160,2.9,1,308.0,308.0
2024-03-23 08:00:00-05:00,2024-03-23 08:00:00,17.1,3.4,4.3,6.9,137,0.0,0.0,0.0,0.0,0.0,0.23,28.47,79,0,14.7,,,28.47,144,2.7,1,308.0,308.0
2024-03-23 08:05:00-05:00,2024-03-23 08:05:00,17.8,1.8,4.5,6.9,168,0.0,0.0,0.0,0.0,0.0,0.23,28.47,78,0,20.8,,,28.47,143,2.9,1,308.0,308.0
2024-03-23 08:10:00-05:00,2024-03-23 08:10:00,18.1,2.5,4.3,6.9,152,0.0,0.0,0.0,0.0,0.0,0.23,28.47,78,0,23.2,,,28.47,162,2.9,1,308.0,308.0
2024-03-23 08:15:00-05:00,2024-03-23 08:15:00,18.5,1.3,2.7,6.9,126,0.0,0.0,0.0,0.0,0.0,0.23,28.47,77,0,24.5,,,28.47,161,2.5,1,308.0,308.0
2024-03-23 08:20:00-05:00,2024-03-23 08:20:00,18.9,0.0,3.6,6.9,147,0.0,0.0,0.0,0.0,0.0,0.23,28.48,77,0,30.5,,,28.48,140,2.5,1,308.0,308.0
2024-03-23 08:25:00-05:00,2024-03-23 08:25:00,19.2,4.7,5.1,6.9,133,0.0,0.0,0.0,0.0,0.0,0.23,28.48,75,0,34.3,,,28.48,140,2.9,1,308.0,308.0
2024-03-23 08:30:00-05:00,2024-03-23 08:30:00,19.2,1.6,4.9,6.9,166,0.0,0.0,0.0,0.0,0.0,0.23,28.48,75,0,41.6,,,28.48,159,3.1,1,308.0,308.0
2024-03-23 08:35:00-05:00,2024-03-23 08:35:00,19.2,2.7,4.0,6.9,154,0.0,0.0,0.0,0.0,0.0,0.23,28.48,75,0,40.3,,,28.48,141,3.1,1,308.0,308.0
2024-03-23 08:40:00-05:00,2024-03-23 08:40:00,19.4,5.1,5.1,6.9,145,0.0,0.0,0.0,0.0,0.0,0.23,28.49,75,0,40.3,,,28.49,139,3.1,1,308.0,308.0
2024-03-23 08:45:00-05:00,2024-03-23 08:45:00,19.2,2.9,5.1,6.9,113,0.0,0.0,0.0,0.0,0.0,0.23,28.48,75,0,42.8,,,28.48,147,3.6,1,308.0,308.0
2024-03-23 08:50:00-05:00,2024-03-23 08:50:00,19.6,1.6,4.0,6.9,127,0.0,0.0,0.0,0.0,0.0,0.23,28.48,76,0,48.9,,,28.48,142,3.6,1,308.0,308.0
2024-03-23 08:55:00-05:00,2024-03-23 08:55:00,19.6,4.3,6.0,6.9,157,0.0,0.0,0.0,0.0,0.0,0.23,28.48,75,0,53.8,,,28.48,149,2.7,1,308.0,308.0
2024-03-23 09:00:00-05:00,2024-03-23 09:00:00,20.5,4.7,5.8,6.9,150,0.0,0.0,0.0,0.0,0.0,0.23,28.48,74,0,58.7,,,28.48,117,2.5,1,308.0,308.0
2024-03-23 09:05:00-05:00,2024-03-23 09:05:00,20.5,2.9,5.6,6.9,127,0.0,0.0,0.0,0.0,0.0,0.23,28.48,71,0,62.4,,,28.48,154,2.5,1,308.0,308.0
2024-03-23 09:10:00-05:00,2024-03-23 09:10:00,20.1,6.5,8.1,8.1,112,0.0,0.0,0.0,0.0,0.0,0.23,28.48,71,0,73.4,,,28.48,141,3.1,1,308.0,308.0
2024-03-23 09:15:00-05:00,2024-03-23 09:15:00,19.8,4.7,7.2,8.1,144,0.0,0.0,0.0,0.0,0.0,0.23,28.48,70,0,86.8,,,28.48,134,4.7,1,308.0,308.0
2024-03-23 09:20:00-05:00,2024-03-23 09:20:00,20.1,2.9,7.6,8.1,154,0.0,0.0,0.0,0.0,0.0,0.23,28.48,71,0,83.2,,,28.48,131,4.9,1,308.0,308.0
2024-03-23 09:25:00-05:00,2024-03-23 09:25:00,20.5,4.5,5.6,8.1,115,0.0,0.0,0.0,0.0,0.0,0.23,28.48,70,1,100.3,,,28.48,158,4.3,1,308.0,308.0
2024-03-23 09:30:00-05:00,2024-03-23 09:30:00,20.3,6.0,7.2,8.1,116,0.0,0.0,0.0,0.0,0.0,0.23,28.48,69,1,108.8,,,28.48,143,4.3,1,308.0,308.0
2024-03-23 09:35:00-05:00,2024-03-23 09:35:00,20.7,5.1,7.2,8.1,155,0.0,0.0,0.0,0.0,0.0,0.23,28.48,69,1,101.5,,,28.48,134,4.5,1,308.0,308.0
2024-03-23 09:40:00-05:00,2024-03-23 09:40:00,20.8,4.0,5.8,8.1,151,0.0,0.0,0.0,0.0,0.0,0.23,28.48,69,1,117.4,,,28.48,138,4.5,1,308.0,308.0
2024-03-23 09:45:00-05:00,2024-03-23 09:45:00,21.4,6.3,6.9,8.5,134,0.0,0.0,0.0,0.0,0.0,0.23,28.48,67,1,132.1,,,28.48,147,4.0,1,308.0,308.0
2024-03-23 09:50:00-05:00,2024-03-23 09:50:00,21.2,4.5,8.3,8.5,138,0.0,0.0,0.0,0.0,0.0,0.23,28.48,66,1,146.8,,,28.48,121,4.5,1,308.0,308.0
2024-03-23 09:55:00-05:00,2024-03-23 09:55:00,21.4,5.8,9.2,9.2,133,0.0,0.0,0.0,0.0,0.0,0.23,28.48,67,1,159.0,,,28.48,142,5.1,1,308.0,308.0
2024-03-23 10:00:00-05:00,2024-03-23 10:00:00,21.9,1.3,6.3,9.2,264,0.0,0.0,0.0,0.0,0.0,0.23,28.47,65,1,157.8,,,28.47,142,5.1,1,308.0,308.0
2024-03-23 10:05:00-05:00,2024-03-23 10:05:00,22.3,5.8,8.9,9.2,126,0.0,0.0,0.0,0.0,0.0,0.23,28.47,65,1,155.3,,,28.47,110,5.6,1,308.0,308.0
2024-03-23 10:10:00-05:00,2024-03-23 10:10:00,22.1,3.4,10.1,10.1,128,0.0,0.0,0.0,0.0,0.0,0.23,28.48,64,1,171.3,,,28.48,141,5.6,1,308.0,308.0
2024-03-23 10:15:00-05:00,2024-03-23 10:15:00,22.6,2.5,10.3,10.3,155,0.0,0.0,0.0,0.0,0.0,0.23,28.47,64,1,148.0,,,28.47,128,5.8,1,308.0,308.0
2024-03-23 10:20:00-05:00,2024-03-23 10:20:00,22.5,6.3,8.1,10.3,146,0.0,0.0,0.0,0.0,0.0,0.23,28.47,64,1,161.5,,,28.47,124,5.4,1,308.0,308.0
2024-03-23 10:25:00-05:00,2024-03-23 10:25:00,22.5,3.8,7.2,10.3,131,0.0,0.0,0.0,0.0,0.0,0.23,28.47,64,1,161.5,,,28.47,137,4.9,1,308.0,308.0
2024-03-23 10:30:00-05:00,2024-03-23 10:30:00,23.2,2.2,6.3,10.3,159,0.0,0.0,0.0,0.0,0.0,0.23,28.47,64,1,177.3,,,28.47,150,3.8,1,308.0,308.0
2024-03-23 10:35:00-05:00,2024-03-23 10:35:00,23.2,1.8,6.7,10.3,184,0.0,0.0,0.0,0.0,0.0,0.23,28.46,63,2,215.3,,,28.46,139,3.8,1,308.0,308.0
2024-03-23 10:40:00-05:00,2024-03-23 10:40:00,24.3,8.1,8.5,10.3,128,0.0,0.0,0.0,0.0,0.0,0.23,28.47,59,2,231.2,,,28.47,136,4.9,1,308.0,308.0
2024-03-23 10:45:00-05:00,2024-03-23 10:45:00,23.9,6.9,13.4,13.4,151,0.0,0.0,0.0,0.0,0.0,0.23,28.47,58,2,245.9,,,28.47,128,5.1,1,308.0,308.0
2024-03-23 10:50:00-05:00,2024-03-23 10:50:00,23.7,5.6,14.8,14.8,146,0.0,0.0,0.0,0.0,0.0,0.23,28.47,57,2,269.1,,,28.47,128,6.5,1,308.0,308.0
2024-03-23 10:55:00-05:00,2024-03-23 10:55:00,25.2,6.5,10.3,14.8,128,0.0,0.0,0.0,0.0,0.0,0.23,28.46,55,2,291.2,,,28.46,126,6.5,1,308.0,308.0
2024-03-23 11:00:00-05:00,2024-03-23 11:00:00,25.7,14.5,14.5,14.8,113,0.0,0.0,0.0,0.0,0.0,0.23,28.46,53,3,320.5,,,28.46,113,6.5,1,308.0,308.0
2024-03-23 11:05:00-05:00,2024-03-23 11:05:00,25.0,5.6,12.5,14.8,132,0.0,0.0,0.0,0.0,0.0,0.23,28.46,53,2,252.0,,,28.46,122,6.7,1,308.0,308.0
2024-03-23 11:10:00-05:00,2024-03-23 11:10:00,25.3,6.0,10.1,14.8,179,0.0,0.0,0.0,0.0,0.0,0.23,28.45,53,2,296.1,,,28.45,125,6.5,1,308.0,308.0
2024-03-23 11:15:00-05:00,2024-03-23 11:15:00,25.9,8.1,9.8,14.8,128,0.0,0.0,0.0,0.0,0.0,0.23,28.46,53,3,321.7,,,28.46,131,6.9,1,308.0,308.0
2024-03-23 11:20:00-05:00,2024-03-23 11:20:00,26.1,1.8,9.4,14.8,119,0.0,0.0,0.0,0.0,0.0,0.23,28.45,51,3,406.2,,,28.45,142,6.9,1,308.0,308.0
2024-03-23 11:25:00-05:00,2024-03-23 11:25:00,26.2,4.7,13.0,14.8,141,0.0,0.0,0.0,0.0,0.0,0.23,28.45,50,3,386.6,,,28.45,110,6.5,1,308.0,308.0
2024-03-23 11:30:00-05:00,2024-03-23 11:30:00,27.0,6.3,9.2,14.8,150,0.0,0.0,0.0,0.0,0.0,0.23,28.44,49,2,265.4,,,28.44,116,6.5,1,308.0,308.0
2024-03-23 11:35:00-05:00,2024-03-23 11:35:00,26.4,8.5,10.5,14.8,145,0.0,0.0,0.0,0.0,0.0,0.23,28.44,47,1,190.8,,,28.44,130,6.5,1,308.0,308.0
2024-03-23 11:40:00-05:00,2024-03-23 11:40:00,26.4,7.6,7.8,14.8,111,0.0,0.0,0.0,0.0,0.0,0.23,28.44,47,2,236.1,,,28.44,139,6.5,1,308.0,308.0
2024-03-23 11:45:00-05:00,2024-03-23 11:45:00,26.4,8.3,12.5,14.8,125,0.0,0.0,0.0,0.0,0.0,0.23,28.43,46,2,209.2,,,28.43,105,5.8,1,308.0,308.0
2024-03-23 11:50:00-05:00,2024-03-23 11:50:00,25.9,11.6,11.9,14.8,146,0.0,0.0,0.0,0.0,0.0,0.23,28.43,48,1,192.0,,,28.43,153,5.8,1,308.0,308.0
2024-03-23 11:55:00-05:00,2024-03-23 11:55:00,26.4,4.9,9.6,14.8,141,0.0,0.0,0.0,0.0,0.0,0.23,28.43,47,1,201.8,,,28.43,149,7.4,1,308.0,308.0
2024-03-23 12:00:00-05:00,2024-03-23 12:00:00,26.2,2.9,7.8,14.8,182,0.0,0.0,0.0,0.0,0.0,0.23,28.43,48,1,177.3,,,28.43,139,5.8,1,308.0,308.0
2024-03-23 12:05:00-05:00,2024-03-23 12:05:00,26.2,8.3,10.5,14.8,113,0.0,0.0,0.0,0.0,0.0,0.23,28.43,49,1,144.4,,,28.43,133,5.1,1,308.0,308.0
2024-03-23 12:10:00-05:00,2024-03-23 12:10:00,26.1,7.6,13.0,14.8,131,0.0,0.0,0.0,0.0,0.0,0.23,28.43,51,1,121.1,,,28.43,113,5.4,1,308.0,308.0
2024-03-23 12:15:00-05:00,2024-03-23 12:15:00,25.5,1.6,10.7,14.8,95,0.0,0.0,0.0,0.0,0.0,0.23,28.42,51,1,128.4,,,28.42,139,6.9,1,308.0,308.0
2024-03-23 12:21:00-05:00,2024-03-23 12:21:00,25.3,8.5,11.4,14.8,138,0.0,0.0,0.0,0.0,0.0,0.23,28.42,52,1,143.1,,,28.42,137,6.3,1,308.0,308.0
2024-03-23 12:25:00-05:00,2024-03-23 12:25:00,26.2,5.4,10.1,14.8,139,0.0,0.0,0.0,0.0,0.0,0.23,28.41,50,1,148.0,,,28.41,140,6.0,1,308.0,308.0
2024-03-23 12:30:00-05:00,2024-03-23 12:30:00,26.6,8.5,12.3,14.8,114,0.0,0.0,0.0,0.0,0.0,0.23,28.41,49,1,144.4,,,28.41,135,5.6,1,308.0,308.0
2024-03-23 12:35:00-05:00,2024-03-23 12:35:00,25.7,3.8,11.9,14.8,101,0.0,0.0,0.0,0.0,0.0,0.23,28.42,50,1,135.8,,,28.42,98,6.0,1,308.0,308.0
2024-03-23 12:40:00-05:00,2024-03-23 12:40:00,25.9,12.3,13.6,14.8,132,0.0,0.0,0.0,0.0,0.0,0.23,28.41,49,1,133.3,,,28.41,125,6.3,1,308.0,308.0
2024-03-23 12:45:00-05:00,2024-03-23 12:45:00,26.4,3.6,7.4,14.8,139,0.0,0.0,0.0,0.0,0.0,0.23,28.41,49,1,140.7,,,28.41,126,6.5,1,308.0,308.0
2024-03-23 12:50:00-05:00,2024-03-23 12:50:00,26.2,6.3,9.2,14.8,159,0.0,0.0,0.0,0.0,0.0,0.23,28.41,49,1,139.5,,,28.41,128,5.6,1,308.0,308.0
2024-03-23 12:55:00-05:00,2024-03-23 12:55:00,26.1,8.1,15.7,15.7,158,0.0,0.0,0.0,0.0,0.0,0.23,28.4,50,1,124.8,,,28.4,128,6.3,1,308.0,308.0
2024-03-23 13:00:00-05:00,2024-03-23 13:00:00,26.2,4.5,8.1,15.7,175,0.0,0.0,0.0,0.0,0.0,0.23,28.4,51,1,129.7,,,28.4,147,6.3,1,308.0,308.0
2024-03-23 13:05:00-05:00,2024-03-23 13:05:00,25.9,6.7,9.4,15.7,135,0.0,0.0,0.0,0.0,0.0,0.23,28.4,52,1,132.1,,,28.4,147,6.3,1,308.0,308.0
2024-03-23 13:10:00-05:00,2024-03-23 13:10:00,26.1,5.1,14.1,15.7,128,0.0,0.0,0.0,0.0,0.0,0.23,28.4,52,1,154.1,,,28.4,143,6.5,1,308.0,308.0
2024-03-23 13:15:00-05:00,2024-03-23 13:15:00,26.1,11.0,11.4,15.7,117,0.0,0.0,0.0,0.0,0.0,0.23,28.39,53,1,178.6,,,28.39,131,6.7,1,308.0,308.0
2024-03-23 13:20:00-05:00,2024-03-23 13:20:00,26.6,6.3,11.0,15.7,137,0.0,0.0,0.0,0.0,0.0,0.23,28.4,52,1,139.5,,,28.4,109,6.9,1,308.0,308.0
2024-03-23 13:25:00-05:00,2024-03-23 13:25:00,26.2,9.2,11.9,15.7,118,0.0,0.0,0.0,0.0,0.0,0.23,28.39,54,1,139.5,,,28.39,143,7.2,1,308.0,308.0
2024-03-23 13:30:00-05:00,2024-03-23 13:30:00,25.9,8.3,13.9,15.7,105,0.0,0.0,0.0,0.0,0.0,0.23,28.39,55,1,155.3,,,28.39,137,7.2,1,308.0,308.0
2024-03-23 13:35:00-05:00,2024-03-23 13:35:00,25.9,4.9,11.4,15.7,149,0.0,0.0,0.0,0.0,0.0,0.23,28.39,56,1,170.0,,,28.39,117,6.5,1,308.0,308.0
2024-03-23 13:40:00-05:00,2024-03-23 13:40:00,26.6,5.1,10.7,15.7,139,0.0,0.0,0.0,0.0,0.0,0.23,28.39,57,1,189.6,,,28.39,117,5.8,1,308.0,308.0
2024-03-23 13:46:00-05:00,2024-03-23 13:46:00,26.1,5.8,11.0,15.7,125,0.0,0.0,0.0,0.0,0.0,0.23,28.39,60,1,195.7,,,28.39,148,6.0,1,308.0,308.0
2024-03-23 13:50:00-05:00,2024-03-23 13:50:00,26.4,5.4,10.7,15.7,107,0.0,0.0,0.0,0.0,0.0,0.23,28.38,59,1,198.2,,,28.38,134,6.5,1,308.0,308.0
2024-03-23 13:55:00-05:00,2024-03-23 13:55:00,27.0,4.7,12.5,15.7,134,0.0,0.0,0.0,0.0,0.0,0.23,28.38,59,1,194.5,,,28.38,114,5.8,1,308.0,308.0
2024-03-23 14:00:00-05:00,2024-03-23 14:00:00,25.9,5.8,10.3,15.7,128,0.0,0.0,0.0,0.0,0.0,0.23,28.38,61,1,188.4,,,28.38,131,6.5,1,308.0,308.0
2024-03-23 14:05:00-05:00,2024-03-23 14:05:00,25.7,2.9,11.9,15.7,153,0.0,0.0,0.0,0.0,0.0,0.23,28.37,66,1,173.7,,,28.37,128,6.7,1,308.0,308.0
2024-03-23 14:10:00-05:00,2024-03-23 14:10:00,25.3,3.8,12.8,15.7,127,0.0,0.0,0.0,0.0,0.0,0.23,28.37,66,1,149.3,,,28.37,144,6.5,1,308.0,308.0
2024-03-23 14:15:00-05:00,2024-03-23 14:15:00,25.9,7.8,8.1,15.7,118,0.0,0.0,0.0,0.0,0.0,0.23,28.37,66,1,126.0,,,28.37,146,5.6,1,308.0,308.0
2024-03-23 14:20:00-05:00,2024-03-23 14:20:00,26.1,4.9,9.2,15.7,142,0.0,0.0,0.0,0.0,0.0,0.23,28.37,67,1,122.3,,,28.37,147,4.3,1,308.0,308.0
2024-03-23 14:25:00-05:00,2024-03-23 14:25:00,25.3,6.5,13.0,15.7,115,0.0,0.0,0.0,0.0,0.0,0.23,28.37,69,1,121.1,,,28.37,137,6.0,1,308.0,308.0
2024-03-23 14:30:00-05:00,2024-03-23 14:30:00,25.7,5.8,15.7,15.7,135,0.0,0.0,0.0,0.0,0.0,0.23,28.36,67,1,119.9,,,28.36,105,6.7,1,308.0,308.0
2024-03-23 14:35:00-05:00,2024-03-23 14:35:00,25.9,2.9,10.5,15.7,160,0.0,0.0,0.0,0.0,0.0,0.23,28.36,68,1,108.8,,,28.36,117,7.2,1,308.0,308.0
2024-03-23 14:40:00-05:00,2024-03-23 14:40:00,25.9,5.8,9.4,15.7,128,0.0,0.0,0.0,0.0,0.0,0.23,28.36,69,1,115.0,,,28.36,143,6.5,1,308.0,308.0
2024-03-23 14:45:00-05:00,2024-03-23 14:45:00,25.5,6.3,15.4,15.7,152,0.0,0.0,0.0,0.0,0.0,0.23,28.35,69,1,116.2,,,28.35,141,6.7,1,308.0,308.0
2024-03-23 14:50:00-05:00,2024-03-23 14:50:00,26.1,8.1,8.7,15.7,142,0.0,0.0,0.0,0.0,0.0,0.23,28.35,69,1,111.3,,,28.35,143,6.7,1,308.0,308.0
2024-03-23 14:55:00-05:00,2024-03-23 14:55:00,25.5,11.6,15.7,15.7,135,0.0,0.0,0.0,0.0,0.0,0.23,28.34,69,1,132.1,,,28.34,143,6.5,1,308.0,308.0
2024-03-23 15:00:00-05:00,2024-03-23 15:00:00,25.5,5.1,12.1,15.7,177,0.0,0.0,0.0,0.0,0.0,0.23,28.34,69,1,161.5,,,28.34,142,8.3,1,308.0,308.0
2024-03-23 15:05:00-05:00,2024-03-23 15:05:00,25.9,8.3,12.8,19.7,130,0.0,0.0,0.0,0.0,0.0,0.23,28.33,69,1,190.8,,,28.33,104,8.9,1,308.0,308.0
2024-03-23 15:10:00-05:00,2024-03-23 15:10:00,26.1,10.3,13.6,19.7,117,0.0,0.0,0.0,0.0,0.0,0.23,28.33,68,1,162.7,,,28.33,112,8.1,1,308.0,308.0
2024-03-23 15:15:00-05:00,2024-03-23 15:15:00,25.7,6.3,20.1,20.1,129,0.0,0.0,0.0,0.0,0.0,0.23,28.33,67,1,172.4,,,28.33,128,8.3,1,308.0,308.0
2024-03-23 15:20:00-05:00,2024-03-23 15:20:00,25.7,6.7,15.2,20.1,135,0.0,0.0,0.0,0.0,0.0,0.23,28.32,69,1,187.1,,,28.32,118,8.7,1,308.0,308.0
2024-03-23 15:25:00-05:00,2024-03-23 15:25:00,25.2,10.5,13.6,20.1,147,0.0,0.0,0.0,0.0,0.0,0.23,28.34,71,1,156.6,,,28.34,132,7.2,1,308.0,308.0
2024-03-23 15:30:00-05:00,2024-03-23 15:30:00,25.0,5.8,12.5,20.1,131,0.0,0.0,0.0,0.0,0.0,0.23,28.32,74,1,145.5,,,28.32,132,9.2,1,308.0,308.0
2024-03-23 15:35:00-05:00,2024-03-23 15:35:00,25.2,4.7,16.1,20.1,144,0.0,0.0,0.0,0.0,0.0,0.23,28.32,77,2,208.0,,,28.32,134,8.7,1,308.0,308.0
2024-03-23 15:40:00-05:00,2024-03-23 15:40:00,25.3,8.7,12.8,20.1,107,0.0,0.0,0.0,0.0,0.0,0.23,28.32,76,2,238.5,,,28.32,129,6.3,1,308.0,308.0
2024-03-23 15:45:00-05:00,2024-03-23 15:45:00,25.3,4.3,13.2,20.1,150,0.0,0.0,0.0,0.0,0.0,0.23,28.32,76,2,205.5,,,28.32,106,8.5,1,308.0,308.0
2024-03-23 15:50:00-05:00,2024-03-23 15:50:00,25.5,6.3,11.9,20.1,131,0.0,0.0,0.0,0.0,0.0,0.23,28.31,78,1,174.9,,,28.31,121,8.5,1,308.0,308.0
2024-03-23 15:56:00-05:00,2024-03-23 15:56:00,25.3,7.6,13.4,20.1,134,0.0,0.0,0.0,0.0,0.0,0.23,28.3,78,1,149.3,,,28.3,125,8.1,1,308.0,308.0
2024-03-23 16:00:00-05:00,2024-03-23 16:00:00,25.5,11.2,11.6,20.1,131,0.0,0.0,0.0,0.0,0.0,0.23,28.3,79,1,116.2,,,28.3,124,8.1,1,308.0,308.0
2024-03-23 16:05:00-05:00,2024-03-23 16:05:00,25.5,3.4,12.3,20.1,134,0.0,0.0,0.0,0.0,0.0,0.23,28.3,79,1,106.4,,,28.3,132,6.0,1,308.0,308.0
2024-03-23 16:10:00-05:00,2024-03-23 16:10:00,25.2,4.9,18.8,20.1,119,0.0,0.0,0.0,0.0,0.0,0.23,28.3,78,0,81.9,,,28.3,126,5.8,1,308.0,308.0
2024-03-23 16:15:00-05:00,2024-03-23 16:15:00,25.3,5.8,15.4,20.1,133,0.0,0.0,0.0,0.0,0.0,0.23,28.29,80,0,74.6,,,28.29,111,7.6,1,308.0,308.0
2024-03-23 16:20:00-05:00,2024-03-23 16:20:00,25.3,6.5,14.3,20.1,128,0.0,0.0,0.0,0.0,0.0,0.23,28.29,80,0,67.3,,,28.29,106,8.1,1,308.0,308.0
2024-03-23 16:25:00-05:00,2024-03-23 16:25:00,25.3,5.6,10.1,20.1,151,0.0,0.0,0.0,0.0,0.0,0.23,28.29,80,0,79.5,,,28.29,123,5.6,1,308.0,308.0
2024-03-23 16:30:00-05:00,2024-03-23 16:30:00,25.5,5.6,13.0,20.1,134,0.0,0.0,0.0,0.0,0.0,0.23,28.29,77,1,110.1,,,28.29,116,6.3,1,308.0,308.0
2024-03-23 16:35:00-05:00,2024-03-23 16:35:00,26.1,9.2,11.9,20.1,110,0.0,0.0,0.0,0.0,0.0,0.23,28.29,75,1,118.6,,,28.29,124,7.2,1,308.0,308.0
2024-03-23 16:40:00-05:00,2024-03-23 16:40:00,25.9,6.7,12.3,20.1,143,0.0,0.0,0.0,0.0,0.0,0.23,28.28,74,1,101.5,,,28.28,127,7.2,1,308.0,308.0
2024-03-23 16:45:00-05:00,2024-03-23 16:45:00,26.1,9.4,13.9,20.1,143,0.0,0.0,0.0,0.0,0.0,0.23,28.28,74,1,107.7,,,28.28,137,7.2,1,308.0,308.0
2024-03-23 16:50:00-05:00,2024-03-23 16:50:00,25.9,4.7,12.5,20.1,127,0.0,0.0,0.0,0.0,0.0,0.23,28.28,74,1,99.0,,,28.28,126,7.8,1,308.0,308.0
2024-03-23 16:55:00-05:00,2024-03-23 16:55:00,25.5,10.1,16.8,20.1,119,0.0,0.0,0.0,0.0,0.0,0.23,28.28,76,1,104.0,,,28.28,125,7.8,1,308.0,308.0
2024-03-23 17:00:00-05:00,2024-03-23 17:00:00,25.5,4.5,10.7,20.1,166,0.0,0.0,0.0,0.0,0.0,0.23,28.27,77,1,101.5,,,28.27,134,7.8,1,308.0,308.0
2024-03-23 17:05:00-05:00,2024-03-23 17:05:00,25.9,7.8,11.2,20.1,122,0.0,0.0,0.0,0.0,0.0,0.23,28.27,78,0,93.0,,,28.27,140,7.6,1,308.0,308.0
2024-03-23 17:10:00-05:00,2024-03-23 17:10:00,25.5,10.5,14.8,20.1,111,0.0,0.0,0.0,0.0,0.0,0.23,28.27,77,0,85.6,,,28.27,125,6.7,1,308.0,308.0
2024-03-23 17:16:00-05:00,2024-03-23 17:16:00,25.5,5.1,10.7,20.1,108,0.0,0.0,0.0,0.0,0.0,0.23,28.26,79,0,61.2,,,28.26,119,6.7,1,308.0,308.0
2024-03-23 17:20:00-05:00,2024-03-23 17:20:00,25.0,9.4,15.2,20.1,137,0.0,0.0,0.0,0.0,0.0,0.23,28.26,81,0,63.6,,,28.26,108,8.1,1,308.0,308.0
2024-03-23 17:25:00-05:00,2024-03-23 17:25:00,25.0,8.7,13.2,20.1,155,0.0,0.0,0.0,0.0,0.0,0.23,28.26,84,0,64.8,,,28.26,144,8.5,1,308.0,308.0
2024-03-23 17:30:00-05:00,2024-03-23 17:30:00,24.4,7.8,14.8,20.1,131,0.0,0.0,0.0,0.0,0.0,0.23,28.26,86,0,73.4,,,28.26,146,8.1,1,308.0,308.0
2024-03-23 17:35:00-05:00,2024-03-23 17:35:00,24.4,1.3,10.7,20.1,175,0.0,0.0,0.0,0.0,0.0,0.23,28.25,87,0,66.1,,,28.25,125,6.7,1,308.0,308.0
2024-03-23 17:40:00-05:00,2024-03-23 17:40:00,24.4,6.9,10.5,20.1,141,0.0,0.0,0.0,0.0,0.0,0.23,28.25,86,0,51.4,,,28.25,125,6.5,1,308.0,308.0
2024-03-23 17:45:00-05:00,2024-03-23 17:45:00,24.4,8.1,11.4,20.1,139,0.0,0.0,0.0,0.0,0.0,0.23,28.25,86,0,61.2,,,28.25,137,7.4,1,308.0,308.0
2024-03-23 17:50:00-05:00,2024-03-23 17:50:00,24.6,8.5,11.4,20.1,131,0.0,0.0,0.0,0.0,0.0,0.23,28.25,85,0,46.5,,,28.25,131,8.5,1,308.0,308.0
2024-03-23 17:55:00-05:00,2024-03-23 17:55:00,24.6,12.1,17.2,20.1,125,0.0,0.0,0.0,0.0,0.0,0.23,28.25,86,0,35.4,,,28.25,130,6.5,1,308.0,308.0
2024-03-23 18:00:00-05:00,2024-03-23 18:00:00,24.6,4.3,11.2,20.1,177,0.0,0.0,0.0,0.0,0.0,0.23,28.25,86,0,36.7,,,28.25,126,6.5,1,308.0,308.0
2024-03-23 18:05:00-05:00,2024-03-23 18:05:00,24.8,6.5,14.1,20.1,139,0.0,0.0,0.0,0.0,0.0,0.23,28.25,86,0,29.4,,,28.25,148,6.3,1,308.0,308.0
2024-03-23 18:10:00-05:00,2024-03-23 18:10:00,24.6,6.9,10.5,20.1,147,0.0,0.0,0.0,0.0,0.0,0.23,28.25,86,0,20.8,,,28.25,135,6.7,1,308.0,308.0
2024-03-23 18:15:00-05:00,2024-03-23 18:15:00,24.6,11.6,11.9,20.1,105,0.0,0.0,0.0,0.0,0.0,0.23,28.25,88,0,22.0,,,28.25,134,7.4,1,308.0,308.0
2024-03-23 18:20:00-05:00,2024-03-23 18:20:00,24.1,9.8,12.5,20.1,139,0.0,0.0,0.0,0.0,0.0,0.23,28.25,88,0,15.9,,,28.25,136,7.8,1,308.0,308.0
2024-03-23 18:25:00-05:00,2024-03-23 18:25:00,24.1,5.6,11.9,20.1,96,0.0,0.0,0.0,0.0,0.0,0.23,28.25,89,0,9.8,,,28.25,131,7.6,1,308.0,308.0
2024-03-23 18:30:00-05:00,2024-03-23 18:30:00,23.9,4.7,12.8,20.1,120,0.0,0.0,0.0,0.0,0.0,0.23,28.25,90,0,13.4,,,28.25,131,7.6,1,308.0,308.0
2024-03-23 18:35:00-05:00,2024-03-23 18:35:00,24.1,2.9,8.1,20.1,118,0.0,0.0,0.0,0.0,0.0,0.23,28.25,90,0,15.9,,,28.25,145,6.0,1,308.0,308.0
2024-03-23 18:40:00-05:00,2024-03-23 18:40:00,23.7,9.8,17.9,20.1,118,0.0,0.0,0.0,0.0,0.0,0.23,28.25,91,0,17.1,,,28.25,143,6.3,1,308.0,308.0
2024-03-23 18:45:00-05:00,2024-03-23 18:45:00,23.7,7.6,10.5,20.1,141,0.0,0.0,0.0,0.0,0.0,0.23,28.24,91,0,15.9,,,28.24,137,8.5,1,308.0,308.0
2024-03-23 18:50:00-05:00,2024-03-23 18:50:00,23.5,11.6,14.1,20.1,139,0.0,0.0,0.0,0.0,0.0,0.23,28.25,91,0,12.2,,,28.25,143,8.3,1,308.0,308.0
2024-03-23 18:55:00-05:00,2024-03-23 18:55:00,23.7,8.1,11.0,20.1,123,0.0,0.0,0.0,0.0,0.0,0.23,28.25,91,0,14.7,,,28.25,136,7.6,1,308.0,308.0
2024-03-23 19:00:00-05:00,2024-03-23 19:00:00,23.2,10.1,12.8,20.1,119,0.0,0.0,0.0,0.0,0.0,0.23,28.24,91,0,12.2,,,28.24,125,7.2,1,308.0,308.0
2024-03-23 19:05:00-05:00,2024-03-23 19:05:00,23.2,7.2,12.3,20.1,148,0.0,0.0,0.0,0.0,0.0,0.23,28.24,91,0,9.8,,,28.24,124,6.9,1,308.0,308.0
2024-03-23 19:10:00-05:00,2024-03-23 19:10:00,23.2,2.9,14.8,20.1,117,0.0,0.0,0.0,0.0,0.0,0.23,28.25,92,0,8.5,,,28.25,124,7.8,1,308.0,308.0
2024-03-23 19:15:00-05:00,2024-03-23 19:15:00,23.4,4.5,11.9,20.1,134,0.0,0.0,0.0,0.0,0.0,0.23,28.25,92,0,7.3,,,28.25,144,7.4,1,308.0,308.0
2024-03-23 19:20:00-05:00,2024-03-23 19:20:00,23.4,4.9,11.2,20.1,68,0.0,0.0,0.0,0.0,0.0,0.23,28.25,92,0,4.9,,,28.25,118,6.0,1,308.0,308.0
2024-03-23 19:25:00-05:00,2024-03-23 19:25:00,23.2,6.0,13.0,20.1,132,0.0,0.0,0.0,0.0,0.0,0.23,28.24,92,0,2.5,,,28.24,110,5.6,1,308.0,308.0
2024-03-23 19:30:00-05:00,2024-03-23 19:30:00,23.4,11.4,14.1,20.1,94,0.0,0.0,0.0,0.0,0.0,0.23,28.23,92,0,1.2,,,28.23,113,5.6,1,308.0,308.0
2024-03-23 19:35:00-05:00,2024-03-23 19:35:00,23.4,1.8,11.0,20.1,146,0.0,0.0,0.0,0.0,0.0,0.23,28.24,92,0,0.0,,,28.24,123,5.6,1,308.0,308.0
2024-03-23 19:40:00-05:00,2024-03-23 19:40:00,23.4,7.4,7.8,20.1,127,0.0,0.0,0.0,0.0,0.0,0.23,28.23,92,0,0.0,,,28.23,123,5.6,1,308.0,308.0
2024-03-23 19:45:00-05:00,2024-03-23 19:45:00,23.0,5.8,12.5,20.1,118,0.0,0.0,0.0,0.0,0.0,0.23,28.23,92,0,0.0,,,28.23,124,6.9,1,308.0,308.0
2024-03-23 19:50:00-05:00,2024-03-23 19:50:00,23.2,4.9,15.2,20.1,127,0.0,0.0,0.0,0.0,0.0,0.23,28.23,92,0,0.0,,,28.23,124,6.9,1,308.0,308.0
2024-03-23 19:55:00-05:00,2024-03-23 19:55:00,23.2,6.5,13.4,20.1,99,0.0,0.0,0.0,0.0,0.0,0.23,28.23,92,0,0.0,,,28.23,135,6.9,1,308.0,308.0
2024-03-23 20:00:00-05:00,2024-03-23 20:00:00,23.4,7.6,12.3,20.1,145,0.0,0.0,0.0,0.0,0.0,0.23,28.23,92,0,0.0,,,28.23,118,7.4,1,308.0,308.0
2024-03-23 20:05:00-05:00,2024-03-23 20:05:00,23.4,5.8,9.6,20.1,134,0.0,0.0,0.0,0.0,0.0,0.23,28.23,93,0,0.0,,,28.23,128,6.7,1,308.0,308.0
2024-03-23 20:10:00-05:00,2024-03-23 20:10:00,23.4,4.7,5.6,20.1,157,0.0,0.0,0.0,0.0,0.0,0.23,28.23,93,0,0.0,,,28.23,118,6.0,1,308.0,308.0
2024-03-23 20:15:00-05:00,2024-03-23 20:15:00,23.4,4.7,12.1,20.1,152,0.0,0.0,0.0,0.0,0.0,0.23,28.23,93,0,0.0,,,28.23,127,6.0,1,308.0,308.0
2024-03-23 20:20:00-05:00,2024-03-23 20:20:00,23.7,5.1,9.2,20.1,166,0.0,0.0,0.0,0.0,0.0,0.23,28.23,93,0,0.0,,,28.23,144,6.0,1,308.0,308.0
2024-03-23 20:25:00-05:00,2024-03-23 20:25:00,23.7,3.4,6.0,20.1,155,0.0,0.0,0.0,0.0,0.0,0.23,28.24,93,0,0.0,,,28.24,133,5.6,1,308.0,308.0
2024-03-23 20:30:00-05:00,2024-03-23 20:30:00,23.7,6.3,6.9,20.1,121,0.0,0.0,0.0,0.0,0.0,0.23,28.23,93,0,0.0,,,28.23,133,5.1,1,308.0,308.0
2024-03-23 20:35:00-05:00,2024-03-23 20:35:00,23.9,4.7,7.2,20.1,124,0.0,0.0,0.0,0.0,0.0,0.23,28.23,93,0,0.0,,,28.23,124,5.1,1,308.0,308.0
2024-03-23 20:40:00-05:00,2024-03-23 20:40:00,23.9,3.8,6.3,20.1,139,0.0,0.0,0.0,0.0,0.0,0.23,28.23,93,0,0.0,,,28.23,126,4.5,1,308.0,308.0
2024-03-23 20:45:00-05:00,2024-03-23 20:45:00,23.9,5.1,6.0,20.1,140,0.0,0.0,0.0,0.0,0.0,0.23,28.23,93,0,0.0,,,28.23,135,4.5,1,308.0,308.0
2024-03-23 20:50:00-05:00,2024-03-23 20:50:00,23.9,4.7,6.0,20.1,135,0.0,0.0,0.0,0.0,0.0,0.23,28.23,93,0,0.0,,,28.23,133,3.4,1,308.0,308.0
2024-03-23 20:55:00-05:00,2024-03-23 20:55:00,23.9,7.6,9.2,20.1,145,0.0,0.0,0.0,0.0,0.0,0.23,28.23,93,0,0.0,,,28.23,123,4.7,1,308.0,308.0
2024-03-23 21:00:00-05:00,2024-03-23 21:00:00,23.7,3.6,7.8,20.1,144,0.0,0.0,0.0,0.0,0.0,0.23,28.23,93,0,0.0,,,28.23,131,5.1,1,308.0,308.0
2024-03-23 21:05:00-05:00,2024-03-23 21:05:00,23.5,6.7,9.4,20.1,150,0.0,0.0,0.0,0.0,0.0,0.23,28.23,93,0,0.0,,,28.23,133,6.3,1,308.0,308.0
2024-03-23 21:10:00-05:00,2024-03-23 21:10:00,23.5,7.6,12.5,20.1,151,0.0,0.0,0.0,0.0,0.0,0.23,28.23,93,0,0.0,,,28.23,128,6.7,1,308.0,308.0
2024-03-23 21:15:00-05:00,2024-03-23 21:15:00,23.4,8.9,12.8,20.1,116,0.0,0.0,0.0,0.0,0.0,0.23,28.23,93,0,0.0,,,28.23,128,8.1,1,308.0,308.0
2024-03-23 21:20:00-05:00,2024-03-23 21:20:00,23.4,11.9,11.9,20.1,124,0.0,0.0,0.0,0.0,0.0,0.23,28.22,93,0,0.0,,,28.22,127,8.3,1,308.0,308.0
2024-03-23 21:25:00-05:00,2024-03-23 21:25:00,23.4,5.6,15.7,20.1,129,0.0,0.0,0.0,0.0,0.0,0.23,28.22,93,0,0.0,,,28.22,129,8.3,1,308.0,308.0
2024-03-23 21:30:00-05:00,2024-03-23 21:30:00,23.5,4.0,7.8,20.1,110,0.0,0.0,0.0,0.0,0.0,0.23,28.23,93,0,0.0,,,28.23,124,5.8,1,308.0,308.0
2024-03-23 21:35:00-05:00,2024-03-23 21:35:00,23.5,7.2,9.8,20.1,134,0.0,0.0,0.0,0.0,0.0,0.23,28.22,93,0,0.0,,,28.22,119,4.9,1,308.0,308.0
2024-03-23 21:40:00-05:00,2024-03-23 21:40:00,23.4,4.3,9.2,20.1,72,0.0,0.0,0.0,0.0,0.0,0.23,28.22,93,0,0.0,,,28.22,107,5.8,1,308.0,308.0
2024-03-23 21:45:00-05:00,2024-03-23 21:45:00,23.4,4.0,9.6,20.1,126,0.0,0.0,0.0,0.0,0.0,0.23,28.22,93,0,0.0,,,28.22,126,6.7,1,308.0,308.0
2024-03-23 21:50:00-05:00,2024-03-23 21:50:00,23.4,7.8,15.2,20.1,125,0.0,0.0,0.0,0.0,0.0,0.23,28.22,93,0,0.0,,,28.22,131,6.5,1,308.0,308.0
2024-03-23 21:55:00-05:00,2024-03-23 21:55:00,23.4,5.8,11.6,20.1,116,0.0,0.0,0.0,0.0,0.0,0.23,28.2,93,0,0.0,,,28.2,138,6.7,1,308.0,308.0
2024-03-23 22:00:00-05:00,2024-03-23 22:00:00,23.4,2.5,11.4,20.1,116,0.0,0.0,0.0,0.0,0.0,0.23,28.21,93,0,0.0,,,28.21,118,6.9,1,308.0,308.0
2024-03-23 22:05:00-05:00,2024-03-23 22:05:00,23.2,4.7,13.4,20.1,130,0.0,0.0,0.0,0.0,0.0,0.23,28.2,93,0,0.0,,,28.2,126,6.9,1,308.0,308.0
2024-03-23 22:10:00-05:00,2024-03-23 22:10:00,23.4,4.0,13.9,20.1,106,0.0,0.0,0.0,0.0,0.0,0.23,28.21,93,0,0.0,,,28.21,99,6.9,1,308.0,308.0
2024-03-23 22:15:00-05:00,2024-03-23 22:15:00,23.4,5.6,7.8,20.1,95,0.0,0.0,0.0,0.0,0.0,0.23,28.2,93,0,0.0,,,28.2,95,5.8,1,308.0,308.0
2024-03-23 22:20:00-05:00,2024-03-23 22:20:00,23.4,6.0,11.0,20.1,116,0.0,0.0,0.0,0.0,0.0,0.23,28.19,93,0,0.0,,,28.19,122,5.6,1,308.0,308.0
2024-03-23 22:25:00-05:00,2024-03-23 22:25:00,23.4,9.2,11.2,20.1,135,0.0,0.0,0.0,0.0,0.0,0.23,28.2,93,0,0.0,,,28.2,122,6.0,1,308.0,308.0
2024-03-23 22:32:00-05:00,2024-03-23 22:32:00,23.2,9.2,19.7,20.1,120,0.0,0.0,0.0,0.0,0.0,0.23,28.19,93,0,0.0,,,28.19,103,7.8,1,308.0,308.0
2024-03-23 22:35:00-05:00,2024-03-23 22:35:00,23.4,6.0,13.0,20.1,121,0.0,0.0,0.0,0.0,0.0,0.23,28.19,93,0,0.0,,,28.19,103,8.1,1,308.0,308.0
2024-03-23 22:40:00-05:00,2024-03-23 22:40:00,23.5,5.8,9.2,20.1,103,0.0,0.0,0.0,0.0,0.0,0.23,28.19,93,0,0.0,,,28.19,104,7.2,1,308.0,308.0
2024-03-23 22:45:00-05:00,2024-03-23 22:45:00,23.5,6.7,13.0,20.1,137,0.0,0.0,0.0,0.0,0.0,0.23,28.19,93,0,0.0,,,28.19,94,6.5,1,308.0,308.0
2024-03-23 22:50:00-05:00,2024-03-23 22:50:00,23.5,13.4,13.4,20.1,114,0.0,0.0,0.0,0.0,0.0,0.23,28.19,93,0,0.0,,,28.19,114,6.7,1,308.0,308.0
2024-03-23 22:55:00-05:00,2024-03-23 22:55:00,23.5,10.3,17.9,20.1,129,0.0,0.0,0.0,0.0,0.0,0.23,28.19,93,0,0.0,,,28.19,98,6.7,1,308.0,308.0
2024-03-23 23:00:00-05:00,2024-03-23 23:00:00,23.7,2.5,10.1,20.1,128,0.0,0.0,0.0,0.0,0.0,0.23,28.19,92,0,0.0,,,28.19,98,7.2,1,308.0,308.0
2024-03-23 23:05:00-05:00,2024-03-23 23:05:00,23.7,8.9,14.8,20.1,124,0.0,0.0,0.0,0.0,0.0,0.23,28.18,92,0,0.0,,,28.18,105,7.2,1,308.0,308.0
2024-03-23 23:10:00-05:00,2024-03-23 23:10:00,23.7,8.3,9.2,20.1,145,0.0,0.0,0.0,0.0,0.0,0.23,28.18,92,0,0.0,,,28.18,130,7.4,1,308.0,308.0
2024-03-23 23:15:00-05:00,2024-03-23 23:15:00,23.5,10.3,16.8,20.1,141,0.0,0.0,0.0,0.0,0.0,0.23,28.18,92,0,0.0,,,28.18,132,8.1,1,308.0,308.0
2024-03-23 23:20:00-05:00,2024-03-23 23:20:00,23.5,3.8,11.6,20.1,72,0.0,0.0,0.0,0.0,0.0,0.23,28.18,92,0,0.0,,,28.18,110,8.1,1,308.0,308.0
2024-03-23 23:25:00-05:00,2024-03-23 23:25:00,23.5,4.3,11.2,20.1,104,0.0,0.0,0.0,0.0,0.0,0.23,28.17,92,0,0.0,,,28.17,108,7.8,1,308.0,308.0
2024-03-23 23:30:00-05:00,2024-03-23 23:30:00,23.7,9.2,11.0,20.1,108,0.0,0.0,0.0,0.0,0.0,0.23,28.17,92,0,0.0,,,28.17,111,5.4,1,308.0,308.0
2024-03-23 23:35:00-05:00,2024-03-23 23:35:00,23.7,2.2,7.4,20.1,75,0.0,0.0,0.0,0.0,0.0,0.23,28.17,92,0,0.0,,,28.17,110,5.6,1,308.0,308.0
2024-03-23 23:40:00-05:00,2024-03-23 23:40:00,23.7,10.1,14.1,20.1,135,0.0,0.0,0.0,0.0,0.0,0.23,28.17,92,0,0.0,,,28.17,110,6.3,1,308.0,308.0
2024-03-23 23:45:00-05:00,2024-03-23 23:45:00,23.7,2.2,10.3,20.1,71,0.0,0.0,0.0,0.0,0.0,0.23,28.18,92,0,0.0,,,28.18,105,6.7,1,308.0,308.0
2024-03-23 23:50:00-05:00,2024-03-23 23:50:00,23.7,8.5,11.4,20.1,107,0.0,0.0,0.0,0.0,0.0,0.23,28.17,92,0,0.0,,,28.17,121,6.7,1,308.0,308.0
2024-03-23 23:55:00-05:00,2024-03-23 23:55:00,23.9,5.6,13.4,20.1,129,0.0,0.0,0.0,0.0,0.0,0.23,28.17,92,0,0.0,,,28.17,112,7.6,1,308.0,308.0
2024-03-24 00:00:00-05:00,2024-03-24 00:00:00,23.9,6.0,8.7,20.1,88,0.0,0.0,0.0,0.0,0.0,0.23,28.17,92,0,0.0,,,28.17,107,7.2,1,308.0,308.0
2024-03-24 00:05:00-05:00,2024-03-24 00:05:00,23.9,8.1,8.1,11.0,137,0.0,0.0,0.0,0.0,0.0,0.23,28.16,92,0,0.0,,,28.16,129,6.0,1,308.0,308.0
2024-03-24 00:10:00-05:00,2024-03-24 00:10:00,23.9,6.7,15.7,15.7,136,0.0,0.0,0.0,0.0,0.0,0.23,28.16,92,0,0.0,,,28.16,133,6.7,1,308.0,308.0
2024-03-24 00:15:00-05:00,2024-03-24 00:15:00,24.1,6.9,12.8,15.7,128,0.0,0.0,0.0,0.0,0.0,0.23,28.17,92,0,0.0,,,28.17,135,6.3,1,308.0,308.0
2024-03-24 00:20:00-05:00,2024-03-24 00:20:00,23.9,13.2,13.2,15.7,140,0.0,0.0,0.0,0.0,0.0,0.23,28.16,92,0,0.0,,,28.16,130,6.3,1,308.0,308.0
2024-03-24 00:25:00-05:00,2024-03-24 00:25:00,24.1,7.8,11.2,15.7,120,0.0,0.0,0.0,0.0,0.0,0.23,28.16,92,0,0.0,,,28.16,130,7.2,1,308.0,308.0
2024-03-24 00:30:00-05:00,2024-03-24 00:30:00,23.9,6.5,14.3,15.9,137,0.0,0.0,0.0,0.0,0.0,0.23,28.16,91,0,0.0,,,28.16,135,7.4,1,308.0,308.0
2024-03-24 00:35:00-05:00,2024-03-24 00:35:00,23.9,8.3,13.4,15.9,123,0.0,0.0,0.0,0.0,0.0,0.23,28.16,91,0,0.0,,,28.16,130,8.1,1,308.0,308.0
2024-03-24 00:40:00-05:00,2024-03-24 00:40:00,24.1,5.6,8.1,15.9,102,0.0,0.0,0.0,0.0,0.0,0.23,28.15,92,0,0.0,,,28.15,130,7.4,1,308.0,308.0
2024-03-24 00:45:00-05:00,2024-03-24 00:45:00,24.3,6.5,7.8,15.9,106,0.0,0.0,0.0,0.0,0.0,0.23,28.15,92,0,0.0,,,28.15,128,5.4,1,308.0,308.0
2024-03-24 00:50:00-05:00,2024-03-24 00:50:00,24.1,6.3,12.8,15.9,120,0.0,0.0,0.0,0.0,0.0,0.23,28.14,92,0,0.0,,,28.14,112,5.4,1,308.0,308.0
2024-03-24 00:55:00-05:00,2024-03-24 00:55:00,24.1,4.9,8.1,15.9,115,0.0,0.0,0.0,0.0,0.0,0.23,28.15,92,0,0.0,,,28.15,110,5.6,1,308.0,308.0
2024-03-24 01:00:00-05:00,2024-03-24 01:00:00,24.1,3.6,10.3,15.9,125,0.0,0.0,0.0,0.0,0.0,0.23,28.14,92,0,0.0,,,28.14,115,5.6,1,308.0,308.0
2024-03-24 01:05:00-05:00,2024-03-24 01:05:00,24.1,7.2,12.3,15.9,137,0.0,0.0,0.0,0.0,0.0,0.23,28.14,92,0,0.0,,,28.14,98,5.8,1,308.0,308.0
2024-03-24 01:10:00-05:00,2024-03-24 01:10:00,24.1,4.9,8.9,15.9,142,0.0,0.0,0.0,0.0,0.0,0.23,28.14,92,0,0.0,,,28.14,129,5.8,1,308.0,308.0
2024-03-24 01:15:00-05:00,2024-03-24 01:15:00,24.3,5.1,9.4,15.9,113,0.0,0.0,0.0,0.0,0.0,0.23,28.13,92,0,0.0,,,28.13,129,5.4,1,308.0,308.0
2024-03-24 01:20:00-05:00,2024-03-24 01:20:00,24.4,5.1,7.2,15.9,114,0.0,0.0,0.0,0.0,0.0,0.23,28.14,92,0,0.0,,,28.14,134,5.1,1,308.0,308.0
2024-03-24 01:25:00-05:00,2024-03-24 01:25:00,24.1,7.6,11.4,15.9,98,0.0,0.0,0.0,0.0,0.0,0.23,28.13,92,0,0.0,,,28.13,108,4.7,1,308.0,308.0
2024-03-24 01:30:00-05:00,2024-03-24 01:30:00,24.1,5.8,12.5,15.9,139,0.0,0.0,0.0,0.0,0.0,0.23,28.13,92,0,0.0,,,28.13,116,5.1,1,308.0,308.0
2024-03-24 01:35:00-05:00,2024-03-24 01:35:00,24.1,5.4,10.1,15.9,101,0.0,0.0,0.0,0.0,0.0,0.23,28.13,92,0,0.0,,,28.13,116,5.8,1,308.0,308.0
2024-03-24 01:40:00-05:00,2024-03-24 01:40:00,24.1,3.8,11.4,15.9,74,0.0,0.0,0.0,0.0,0.0,0.23,28.13,92,0,0.0,,,28.13,132,6.0,1,308.0,308.0
2024-03-24 01:45:00-05:00,2024-03-24 01:45:00,24.1,4.9,7.6,15.9,122,0.0,0.0,0.0,0.0,0.0,0.23,28.13,92,0,0.0,,,28.13,134,6.0,1,308.0,308.0
2024-03-24 01:50:00-05:00,2024-03-24 01:50:00,24.3,3.4,10.1,15.9,110,0.0,0.0,0.0,0.0,0.0,0.23,28.12,92,0,0.0,,,28.12,110,6.0,1,308.0,308.0
2024-03-24 01:55:00-05:00,2024-03-24 01:55:00,24.4,2.9,5.4,15.9,131,0.0,0.0,0.0,0.0,0.0,0.23,28.12,92,0,0.0,,,28.12,126,5.1,1,308.0,308.0
2024-03-24 02:00:00-05:00,2024-03-24 02:00:00,24.4,5.8,8.1,15.9,128,0.0,0.0,0.0,0.0,0.0,0.23,28.13,92,0,0.0,,,28.13,123,4.9,1,308.0,308.0
2024-03-24 02:05:00-05:00,2024-03-24 02:05:00,24.3,5.8,7.6,15.9,128,0.0,0.0,0.0,0.0,0.0,0.23,28.12,92,0,0.0,,,28.12,123,5.8,1,308.0,308.0
2024-03-24 02:10:00-05:00,2024-03-24 02:10:00,24.4,5.6,12.3,15.9,99,0.0,0.0,0.0,0.0,0.0,0.23,28.12,92,0,0.0,,,28.12,114,5.8,1,308.0,308.0
2024-03-24 02:15:00-05:00,2024-03-24 02:15:00,24.4,7.4,13.2,15.9,123,0.0,0.0,0.0,0.0,0.0,0.23,28.11,92,0,0.0,,,28.11,124,5.8,1,308.0,308.0
2024-03-24 02:20:00-05:00,2024-03-24 02:20:00,24.4,6.7,9.8,15.9,129,0.0,0.0,0.0,0.0,0.0,0.23,28.11,92,0,0.0,,,28.11,131,6.5,1,308.0,308.0
2024-03-24 02:25:00-05:00,2024-03-24 02:25:00,24.4,9.8,11.2,15.9,110,0.0,0.0,0.0,0.0,0.0,0.23,28.11,92,0,0.0,,,28.11,133,6.5,1,308.0,308.0
2024-03-24 02:30:00-05:00,2024-03-24 02:30:00,24.4,5.4,13.4,15.9,132,0.0,0.0,0.0,0.0,0.0,0.23,28.1,92,0,0.0,,,28.1,105,6.3,1,308.0,308.0
2024-03-24 02:35:00-05:00,2024-03-24 02:35:00,24.4,6.7,15.0,15.9,86,0.0,0.0,0.0,0.0,0.0,0.23,28.11,92,0,0.0,,,28.11,114,7.2,1,308.0,308.0
2024-03-24 02:40:00-05:00,2024-03-24 02:40:00,24.6,7.2,10.7,18.3,121,0.0,0.0,0.0,0.0,0.0,0.23,28.1,92,0,0.0,,,28.1,131,6.5,1,308.0,308.0
2024-03-24 02:45:00-05:00,2024-03-24 02:45:00,24.6,4.0,12.3,18.3,96,0.0,0.0,0.0,0.0,0.0,0.23,28.1,92,0,0.0,,,28.1,103,7.8,1,308.0,308.0
2024-03-24 02:50:00-05:00,2024-03-24 02:50:00,24.6,7.2,10.1,18.3,107,0.0,0.0,0.0,0.0,0.0,0.23,28.1,92,0,0.0,,,28.1,110,6.9,1,308.0,308.0
2024-03-24 02:55:00-05:00,2024-03-24 02:55:00,24.6,5.4,12.1,18.3,125,0.0,0.0,0.0,0.0,0.0,0.23,28.09,92,0,0.0,,,28.09,115,6.3,1,308.0,308.0
2024-03-24 03:00:00-05:00,2024-03-24 03:00:00,24.8,6.0,12.1,18.3,137,0.0,0.0,0.0,0.0,0.0,0.23,28.09,92,0,0.0,,,28.09,132,6.3,1,308.0,308.0
2024-03-24 03:05:00-05:00,2024-03-24 03:05:00,24.6,8.3,16.3,18.3,124,0.0,0.0,0.0,0.0,0.0,0.23,28.09,92,0,0.0,,,28.09,132,6.7,1,308.0,308.0
2024-03-24 03:10:00-05:00,2024-03-24 03:10:00,24.6,3.1,12.3,18.3,106,0.0,0.0,0.0,0.0,0.0,0.23,28.09,92,0,0.0,,,28.09,132,7.2,1,308.0,308.0
2024-03-24 03:15:00-05:00,2024-03-24 03:15:00,24.8,4.7,10.1,18.3,137,0.0,0.0,0.0,0.0,0.0,0.23,28.08,92,0,0.0,,,28.08,131,7.2,1,308.0,308.0
2024-03-24 03:20:00-05:00,2024-03-24 03:20:00,24.8,7.4,12.1,18.3,124,0.0,0.0,0.0,0.0,0.0,0.23,28.07,92,0,0.0,,,28.07,106,7.4,1,308.0,308.0
2024-03-24 03:25:00-05:00,2024-03-24 03:25:00,24.6,8.1,10.1,18.3,111,0.0,0.0,0.0,0.0,0.0,0.23,28.07,92,0,0.0,,,28.07,112,7.8,1,308.0,308.0
2024-03-24 03:30:00-05:00,2024-03-24 03:30:00,24.8,4.3,11.6,18.3,124,0.0,0.0,0.0,0.0,0.0,0.23,28.07,92,0,0.0,,,28.07,114,7.2,1,308.0,308.0
2024-03-24 03:35:00-05:00,2024-03-24 03:35:00,24.8,6.5,17.0,18.3,130,0.0,0.0,0.0,0.0,0.0,0.23,28.07,92,0,0.0,,,28.07,121,6.7,1,308.0,308.0
2024-03-24 03:40:00-05:00,2024-03-24 03:40:00,24.8,9.6,18.1,18.3,96,0.0,0.0,0.0,0.0,0.0,0.23,28.06,93,0,0.0,,,28.06,117,7.8,1,308.0,308.0
2024-03-24 03:45:00-05:00,2024-03-24 03:45:00,24.8,5.8,9.2,18.3,100,0.0,0.0,0.0,0.0,0.0,0.23,28.06,93,0,0.0,,,28.06,103,7.8,1,308.0,308.0
2024-03-24 03:50:00-05:00,2024-03-24 03:50:00,25.0,8.7,11.0,18.3,112,0.0,0.0,0.0,0.0,0.0,0.23,28.07,93,0,0.0,,,28.07,104,6.0,1,308.0,308.0
2024-03-24 03:55:00-05:00,2024-03-24 03:55:00,25.0,5.8,9.4,18.3,124,0.0,0.0,0.0,0.0,0.0,0.23,28.07,93,0,0.0,,,28.07,113,6.3,1,308.0,308.0
2024-03-24 04:00:00-05:00,2024-03-24 04:00:00,25.0,4.0,10.3,18.3,137,0.0,0.0,0.0,0.0,0.0,0.23,28.06,93,0,0.0,,,28.06,104,6.3,1,308.0,308.0
2024-03-24 04:05:00-05:00,2024-03-24 04:05:00,25.0,6.3,8.9,18.3,132,0.0,0.0,0.0,0.0,0.0,0.23,28.06,93,0,0.0,,,28.06,116,6.0,1,308.0,308.0
2024-03-24 04:10:00-05:00,2024-03-24 04:10:00,25.0,8.5,13.6,18.3,124,0.0,0.0,0.0,0.0,0.0,0.23,28.05,93,0,0.0,,,28.05,124,7.2,1,308.0,308.0
2024-03-24 04:15:00-05:00,2024-03-24 04:15:00,25.0,7.4,14.1,18.3,122,0.0,0.0,0.0,0.0,0.0,0.23,28.05,93,0,0.0,,,28.05,100,7.4,1,308.0,308.0
2024-03-24 04:20:00-05:00,2024-03-24 04:20:00,25.0,8.1,11.2,18.3,116,0.0,0.0,0.0,0.0,0.0,0.23,28.05,93,0,0.0,,,28.05,123,6.3,1,308.0,308.0
2024-03-24 04:25:00-05:00,2024-03-24 04:25:00,25.2,5.1,9.2,18.3,98,0.0,0.0,0.0,0.0,0.0,0.23,28.05,93,0,0.0,,,28.05,117,6.3,1,308.0,308.0
2024-03-24 04:30:00-05:00,2024-03-24 04:30:00,25.2,9.8,11.2,18.3,88,0.0,0.0,0.0,0.0,0.0,0.23,28.05,93,0,0.0,,,28.05,99,6.7,1,308.0,308.0
2024-03-24 04:35:00-05:00,2024-03-24 04:35:00,25.2,6.7,10.3,18.3,116,0.0,0.0,0.0,0.0,0.0,0.23,28.04,93,0,0.0,,,28.04,126,6.7,1,308.0,308.0
2024-03-24 04:40:00-05:00,2024-03-24 04:40:00,25.2,5.6,15.7,18.3,119,0.0,0.0,0.0,0.0,0.0,0.23,28.04,93,0,0.0,,,28.04,121,6.5,1,308.0,308.0
2024-03-24 04:45:00-05:00,2024-03-24 04:45:00,25.3,2.2,11.0,18.3,225,0.0,0.0,0.0,0.0,0.0,0.23,28.03,93,0,0.0,,,28.03,139,6.5,1,308.0,308.0
2024-03-24 04:50:00-05:00,2024-03-24 04:50:00,25.2,4.0,11.6,22.1,142,0.0,0.0,0.0,0.0,0.0,0.23,28.03,93,0,0.0,,,28.03,111,6.7,1,308.0,308.0
2024-03-24 04:55:00-05:00,2024-03-24 04:55:00,25.3,2.5,10.5,22.1,155,0.0,0.0,0.0,0.0,0.0,0.23,28.02,93,0,0.0,,,28.02,111,6.7,1,308.0,308.0
2024-03-24 05:00:00-05:00,2024-03-24 05:00:00,25.3,7.8,11.6,22.1,138,0.0,0.0,0.0,0.0,0.0,0.23,28.02,93,0,0.0,,,28.02,115,6.7,1,308.0,308.0
2024-03-24 05:05:00-05:00,2024-03-24 05:05:00,25.3,5.8,13.0,22.1,131,0.0,0.0,0.0,0.0,0.0,0.23,28.02,93,0,0.0,,,28.02,120,7.4,1,308.0,308.0
2024-03-24 05:10:00-05:00,2024-03-24 05:10:00,25.3,12.1,12.1,22.1,119,0.0,0.0,0.0,0.0,0.0,0.23,28.02,94,0,0.0,,,28.02,131,7.2,1,308.0,308.0
2024-03-24 05:15:00-05:00,2024-03-24 05:15:00,25.3,6.5,10.7,22.1,111,0.0,0.0,0.0,0.0,0.0,0.23,28.02,94,0,0.0,,,28.02,121,6.7,1,308.0,308.0
2024-03-24 05:20:00-05:00,2024-03-24 05:20:00,25.3,4.7,10.1,22.1,105,0.0,0.0,0.0,0.0,0.0,0.23,28.01,94,0,0.0,,,28.01,112,7.8,1,308.0,308.0
2024-03-24 05:25:00-05:00,2024-03-24 05:25:00,25.3,7.8,10.1,22.1,117,0.0,0.0,0.0,0.0,0.0,0.23,28.0,94,0,0.0,,,28.0,112,6.9,1,308.0,308.0
2024-03-24 05:30:00-05:00,2024-03-24 05:30:00,25.3,4.7,6.9,22.1,112,0.0,0.0,0.0,0.0,0.0,0.23,28.01,94,0,0.0,,,28.01,110,6.0,1,308.0,308.0
2024-03-24 05:35:00-05:00,2024-03-24 05:35:00,25.3,11.4,14.8,22.1,122,0.0,0.0,0.0,0.0,0.0,0.23,28.01,94,0,0.0,,,28.01,126,5.6,1,308.0,308.0
2024-03-24 05:40:00-05:00,2024-03-24 05:40:00,25.3,5.8,9.6,22.1,113,0.0,0.0,0.0,0.0,0.0,0.23,28.0,94,0,0.0,,,28.0,101,5.1,1,308.0,308.0
2024-03-24 05:45:00-05:00,2024-03-24 05:45:00,25.3,9.2,12.1,22.1,129,0.0,0.0,0.0,0.0,0.0,0.23,28.0,94,0,0.0,,,28.0,107,5.8,1,308.0,308.0
2024-03-24 05:50:00-05:00,2024-03-24 05:50:00,25.3,5.8,13.2,22.1,105,0.0,0.0,0.0,0.0,0.0,0.23,28.0,94,0,0.0,,,28.0,108,5.8,1,308.0,308.0
2024-03-24 05:55:00-05:00,2024-03-24 05:55:00,25.3,6.3,10.5,22.1,98,0.0,0.0,0.0,0.0,0.0,0.23,28.0,94,0,0.0,,,28.0,108,6.7,1,308.0,308.0
2024-03-24 06:00:00-05:00,2024-03-24 06:00:00,25.3,0.0,16.1,22.1,80,0.0,0.0,0.0,0.0,0.0,0.23,28.0,94,0,0.0,,,28.0,111,6.7,1,308.0,308.0
2024-03-24 06:05:00-05:00,2024-03-24 06:05:00,25.3,4.3,9.4,22.1,118,0.0,0.0,0.0,0.0,0.0,0.23,27.99,94,0,0.0,,,27.99,109,6.5,1,308.0,308.0
2024-03-24 06:10:00-05:00,2024-03-24 06:10:00,25.3,6.9,10.3,22.1,116,0.0,0.0,0.0,0.0,0.0,0.23,27.99,94,0,0.0,,,27.99,103,5.6,1,308.0,308.0
2024-03-24 06:15:00-05:00,2024-03-24 06:15:00,25.3,5.8,10.5,22.1,130,0.0,0.0,0.0,0.0,0.0,0.23,27.99,94,0,0.0,,,27.99,112,4.9,1,308.0,308.0
2024-03-24 06:20:00-05:00,2024-03-24 06:20:00,25.3,6.7,8.7,22.1,137,0.0,0.0,0.0,0.0,0.0,0.23,27.98,94,0,0.0,,,27.98,105,5.6,1,308.0,308.0
2024-03-24 06:25:00-05:00,2024-03-24 06:25:00,25.5,4.5,15.0,22.1,119,0.0,0.0,0.0,0.0,0.0,0.23,27.98,94,0,0.0,,,27.98,231,5.8,1,308.0,308.0
2024-03-24 06:30:00-05:00,2024-03-24 06:30:00,25.5,8.1,13.6,22.1,85,0.0,0.0,0.0,0.0,0.0,0.23,27.98,94,0,0.0,,,27.98,90,4.5,1,308.0,308.0
2024-03-24 06:35:00-05:00,2024-03-24 06:35:00,25.5,8.7,15.0,22.1,132,0.0,0.0,0.0,0.0,0.0,0.23,27.99,94,0,0.0,,,27.99,88,5.4,1,308.0,308.0
2024-03-24 06:40:00-05:00,2024-03-24 06:40:00,25.5,9.2,9.4,22.1,110,0.0,0.0,0.0,0.0,0.0,0.23,27.99,94,0,0.0,,,27.99,137,6.3,1,308.0,308.0
2024-03-24 06:45:00-05:00,2024-03-24 06:45:00,25.5,5.8,14.1,22.1,115,0.0,0.0,0.0,0.0,0.0,0.23,27.99,93,0,0.0,,,27.99,113,6.3,1,308.0,308.0
2024-03-24 06:50:00-05:00,2024-03-24 06:50:00,25.5,6.3,8.3,22.1,98,0.0,0.0,0.0,0.0,0.0,0.23,27.98,94,0,0.0,,,27.98,123,5.8,1,308.0,308.0
2024-03-24 06:55:00-05:00,2024-03-24 06:55:00,25.7,5.8,13.0,22.1,132,0.0,0.0,0.0,0.0,0.0,0.23,27.97,93,0,0.0,,,27.97,105,4.9,1,308.0,308.0
2024-03-24 07:00:00-05:00,2024-03-24 07:00:00,25.7,4.0,11.6,22.1,116,0.0,0.0,0.0,0.0,0.0,0.23,27.97,93,0,0.0,,,27.97,97,5.8,1,308.0,308.0
2024-03-24 07:05:00-05:00,2024-03-24 07:05:00,25.7,3.1,9.6,22.1,62,0.0,0.0,0.0,0.0,0.0,0.23,27.97,93,0,0.0,,,27.97,90,5.8,1,308.0,308.0
2024-03-24 07:10:00-05:00,2024-03-24 07:10:00,25.7,12.8,12.8,22.1,90,0.0,0.0,0.0,0.0,0.0,0.23,27.96,93,0,0.0,,,27.96,72,4.7,1,308.0,308.0
2024-03-24 07:15:00-05:00,2024-03-24 07:15:00,25.9,0.0,7.8,22.1,105,0.0,0.0,0.0,0.0,0.0,0.23,27.97,93,0,0.0,,,27.97,90,5.8,1,308.0,308.0
2024-03-24 07:20:00-05:00,2024-03-24 07:20:00,25.9,9.2,14.5,22.1,82,0.0,0.0,0.0,0.0,0.0,0.23,27.97,93,0,0.0,,,27.97,97,6.9,1,308.0,308.0
2024-03-24 07:25:00-05:00,2024-03-24 07:25:00,25.9,6.9,13.9,22.1,75,0.0,0.0,0.0,0.0,0.0,0.23,27.96,94,0,0.0,,,27.96,105,7.8,1,308.0,308.0
2024-03-24 07:30:00-05:00,2024-03-24 07:30:00,26.1,4.5,9.4,22.1,86,0.0,0.0,0.0,0.0,0.0,0.23,27.95,94,0,0.0,,,27.95,110,7.2,1,308.0,308.0
2024-03-24 07:35:00-05:00,2024-03-24 07:35:00,25.9,7.6,13.4,22.1,118,0.0,0.0,0.0,0.0,0.0,0.23,27.95,94,0,0.0,,,27.95,107,6.3,1,308.0,308.0
2024-03-24 07:40:00-05:00,2024-03-24 07:40:00,26.1,5.4,10.5,22.1,92,0.0,0.0,0.0,0.0,0.0,0.23,27.96,94,0,0.0,,,27.96,104,6.3,1,308.0,308.0
2024-03-24 07:45:00-05:00,2024-03-24 07:45:00,26.1,7.4,17.4,22.1,38,0.0,0.0,0.0,0.0,0.0,0.23,27.96,94,0,0.0,,,27.96,92,5.4,1,308.0,308.0
2024-03-24 07:50:00-05:00,2024-03-24 07:50:00,26.1,6.9,17.7,22.1,118,0.0,0.0,0.0,0.0,0.0,0.23,27.96,94,0,1.2,,,27.96,95,5.4,1,308.0,308.0
2024-03-24 07:55:00-05:00,2024-03-24 07:55:00,26.1,7.2,12.8,22.1,79,0.0,0.0,0.0,0.0,0.0,0.23,27.96,94,0,2.5,,,27.96,94,7.4,1,308.0,308.0
2024-03-24 08:00:00-05:00,2024-03-24 08:00:00,26.1,5.8,19.7,22.1,90,0.0,0.0,0.0,0.0,0.0,0.23,27.95,94,0,2.5,,,27.95,101,7.4,1,308.0,308.0
2024-03-24 08:05:00-05:00,2024-03-24 08:05:00,26.1,7.8,13.0,22.1,100,0.0,0.0,0.0,0.0,0.0,0.23,27.95,94,0,2.5,,,27.95,124,8.5,1,308.0,308.0
2024-03-24 08:10:00-05:00,2024-03-24 08:10:00,26.1,4.0,11.4,22.1,110,0.0,0.0,0.0,0.0,0.0,0.23,27.95,94,0,3.6,,,27.95,97,8.5,1,308.0,308.0
2024-03-24 08:15:00-05:00,2024-03-24 08:15:00,26.1,6.9,15.7,22.1,59,0.0,0.0,0.0,0.0,0.0,0.23,27.95,94,0,7.3,,,27.95,94,7.8,1,308.0,308.0
2024-03-24 08:20:00-05:00,2024-03-24 08:20:00,26.2,11.4,15.7,22.1,134,0.0,0.0,0.0,0.0,0.0,0.23,27.93,95,0,11.0,,,27.93,90,7.8,1,308.0,308.0
2024-03-24 08:25:00-05:00,2024-03-24 08:25:00,26.2,6.5,12.5,22.1,65,0.0,0.0,0.0,0.0,0.0,0.23,27.94,95,0,18.3,,,27.94,134,7.6,1,308.0,308.0
2024-03-24 08:30:00-05:00,2024-03-24 08:30:00,26.2,5.8,10.1,22.1,90,0.0,0.0,0.0,0.0,0.0,0.23,27.94,95,0,24.5,,,27.94,103,6.7,1,308.0,308.0
2024-03-24 08:35:00-05:00,2024-03-24 08:35:00,26.4,5.4,10.5,22.1,79,0.0,0.0,0.0,0.0,0.0,0.23,27.93,95,0,29.4,,,27.93,76,6.3,1,308.0,308.0
2024-03-24 08:40:00-05:00,2024-03-24 08:40:00,26.2,4.5,11.4,22.1,104,0.0,0.0,0.0,0.0,0.0,0.23,27.93,95,0,31.8,,,27.93,109,6.9,1,308.0,308.0
2024-03-24 08:45:00-05:00,2024-03-24 08:45:00,26.4,5.6,10.3,22.1,98,0.0,0.0,0.0,0.0,0.0,0.23,27.94,95,0,28.1,,,27.94,103,7.4,1,308.0,308.0
2024-03-24 08:50:00-05:00,2024-03-24 08:50:00,26.6,5.6,9.4,22.1,131,0.0,0.0,0.0,0.0,0.0,0.23,27.93,95,0,36.7,,,27.93,96,5.8,1,308.0,308.0
2024-03-24 08:55:00-05:00,2024-03-24 08:55:00,26.6,11.6,12.8,22.1,133,0.0,0.0,0.0,0.0,0.0,0.23,27.91,95,0,44.0,,,27.91,101,5.1,1,308.0,308.0
2024-03-24 09:00:00-05:00,2024-03-24 09:00:00,26.6,2.9,10.1,22.1,107,0.0,0.0,0.0,0.0,0.0,0.23,27.92,95,0,40.3,,,27.92,101,4.9,1,308.0,308.0
2024-03-24 09:05:00-05:00,2024-03-24 09:05:00,26.8,5.8,15.4,22.1,84,0.0,0.0,0.0,0.0,0.0,0.23,27.92,95,0,35.4,,,27.92,101,4.9,1,308.0,308.0
2024-03-24 09:10:00-05:00,2024-03-24 09:10:00,26.8,4.9,9.8,22.1,107,0.0,0.0,0.0,0.0,0.0,0.23,27.91,95,0,44.0,,,27.91,100,5.4,1,308.0,308.0
2024-03-24 09:15:00-05:00,2024-03-24 09:15:00,26.8,2.2,9.8,22.1,105,0.0,0.0,0.0,0.0,0.0,0.23,27.91,95,0,29.4,,,27.91,95,6.3,1,308.0,308.0
2024-03-24 09:20:00-05:00,2024-03-24 09:20:00,26.8,5.1,11.6,22.1,86,0.0,0.0,0.0,0.0,0.0,0.23,27.92,95,0,28.1,,,27.92,86,6.5,1,308.0,308.0
2024-03-24 09:25:00-05:00,2024-03-24 09:25:00,26.8,13.0,16.1,22.1,116,0.0,0.0,0.0,0.0,0.0,0.23,27.93,95,0,24.5,,,27.93,83,8.3,1,308.0,308.0
2024-03-24 09:30:00-05:00,2024-03-24 09:30:00,27.0,5.6,11.9,22.1,26,0.0,0.0,0.0,0.0,0.0,0.23,27.92,95,0,28.1,,,27.92,101,8.7,1,308.0,308.0
2024-03-24 09:36:00-05:00,2024-03-24 09:36:00,27.0,10.7,21.0,22.1,113,0.0,0.0,0.0,0.0,0.0,0.23,27.91,95,0,26.9,,,27.91,121,7.6,1,308.0,308.0
2024-03-24 09:40:00-05:00,2024-03-24 09:40:00,27.1,8.7,17.7,22.1,137,0.0,0.0,0.0,0.0,0.0,0.23,27.91,95,0,30.5,,,27.91,104,7.6,1,308.0,308.0
2024-03-24 09:45:00-05:00,2024-03-24 09:45:00,27.1,3.6,13.0,22.1,120,0.0,0.0,0.0,0.0,0.0,0.23,27.92,94,0,29.4,,,27.92,99,8.1,1,308.0,308.0
2024-03-24 09:50:00-05:00,2024-03-24 09:50:00,27.1,11.4,18.8,22.1,95,0.0,0.0,0.0,0.0,0.0,0.23,27.92,94,0,29.4,,,27.92,118,8.3,1,308.0,308.0
2024-03-24 09:55:00-05:00,2024-03-24 09:55:00,27.3,11.6,16.6,22.1,78,0.0,0.0,0.0,0.0,0.0,0.23,27.91,94,0,29.4,,,27.91,110,8.3,1,308.0,308.0
2024-03-24 10:00:00-05:00,2024-03-24 10:00:00,27.5,6.0,10.3,22.1,108,0.0,0.0,0.0,0.0,0.0,0.23,27.91,94,0,30.5,,,27.91,111,6.3,1,308.0,308.0
2024-03-24 10:05:00-05:00,2024-03-24 10:05:00,27.3,10.5,13.2,22.1,104,0.0,0.0,0.0,0.0,0.0,0.23,27.9,94,0,26.9,,,27.9,84,7.4,1,308.0,308.0
2024-03-24 10:10:00-05:00,2024-03-24 10:10:00,27.3,5.8,16.6,22.1,90,0.0,0.0,0.0,0.0,0.0,0.23,27.92,94,0,25.6,,,27.92,80,8.5,1,308.0,308.0
2024-03-24 10:15:00-05:00,2024-03-24 10:15:00,27.3,5.8,13.9,22.1,87,0.0,0.0,0.0,0.0,0.0,0.23,27.9,95,0,29.4,,,27.9,101,7.2,1,308.0,308.0
2024-03-24 10:20:00-05:00,2024-03-24 10:20:00,27.3,10.7,12.3,22.1,94,0.0,0.0,0.0,0.0,0.0,0.23,27.91,95,0,35.4,,,27.91,94,6.0,1,308.0,308.0
2024-03-24 10:25:00-05:00,2024-03-24 10:25:00,27.3,3.1,10.5,22.1,90,0.0,0.0,0.0,0.0,0.0,0.23,27.9,95,0,42.8,,,27.9,135,6.5,1,308.0,308.0
2024-03-24 10:30:00-05:00,2024-03-24 10:30:00,27.5,6.9,15.7,22.1,29,0.0,0.0,0.0,0.0,0.0,0.23,27.9,95,0,51.4,,,27.9,80,7.6,1,308.0,308.0
2024-03-24 10:35:00-05:00,2024-03-24 10:35:00,27.5,6.3,17.0,22.1,118,0.0,0.0,0.0,0.0,0.0,0.23,27.9,95,0,53.8,,,27.9,84,8.3,1,308.0,308.0
2024-03-24 10:40:00-05:00,2024-03-24 10:40:00,27.5,3.1,10.7,22.1,98,0.0,0.0,0.0,0.0,0.0,0.23,27.9,95,0,48.9,,,27.9,102,6.7,1,308.0,308.0
2024-03-24 10:45:00-05:00,2024-03-24 10:45:00,27.7,5.6,16.3,22.1,74,0.0,0.0,0.0,0.0,0.0,0.23,27.9,95,0,44.0,,,27.9,78,6.3,1,308.0,308.0
2024-03-24 10:50:00-05:00,2024-03-24 10:50:00,27.7,4.5,12.1,22.1,72,0.0,0.0,0.0,0.0,0.0,0.23,27.9,95,0,48.9,,,27.9,73,4.9,1,308.0,308.0
2024-03-24 10:55:00-05:00,2024-03-24 10:55:00,27.7,8.9,15.2,22.1,88,0.0,0.0,0.0,0.0,0.0,0.23,27.89,95,0,53.8,,,27.89,97,4.7,1,308.0,308.0
2024-03-24 11:00:00-05:00,2024-03-24 11:00:00,27.9,5.4,15.4,22.1,79,0.0,0.0,0.0,0.0,0.0,0.23,27.89,95,0,55.0,,,27.89,104,5.1,1,308.0,308.0
2024-03-24 11:05:00-05:00,2024-03-24 11:05:00,28.0,4.9,9.6,22.1,80,0.0,0.0,0.0,0.0,0.0,0.23,27.89,95,0,73.4,,,27.89,79,4.9,1,308.0,308.0
2024-03-24 11:10:00-05:00,2024-03-24 11:10:00,28.0,4.9,13.6,22.1,108,0.0,0.0,0.0,0.0,0.0,0.23,27.89,95,0,62.4,,,27.89,84,4.9,1,308.0,308.0
2024-03-24 11:15:00-05:00,2024-03-24 11:15:00,28.0,4.5,15.4,22.1,84,0.0,0.0,0.0,0.0,0.0,0.23,27.89,95,0,62.4,,,27.89,105,6.0,1,308.0,308.0
2024-03-24 11:20:00-05:00,2024-03-24 11:20:00,28.0,5.4,15.2,22.1,57,0.0,0.0,0.0,0.0,0.0,0.23,27.89,95,0,66.1,,,27.89,102,6.5,1,308.0,308.0
2024-03-24 11:26:00-05:00,2024-03-24 11:26:00,28.2,1.6,11.9,22.1,159,0.0,0.0,0.0,0.0,0.0,0.23,27.89,95,0,69.7,,,27.89,87,6.0,1,308.0,308.0
2024-03-24 11:30:00-05:00,2024-03-24 11:30:00,28.2,6.5,13.6,22.1,50,0.0,0.0,0.0,0.0,0.0,0.23,27.89,95,0,56.3,,,27.89,105,7.2,1,308.0,308.0
2024-03-24 11:35:00-05:00,2024-03-24 11:35:00,28.2,7.4,12.5,22.1,53,0.0,0.0,0.0,0.0,0.0,0.23,27.89,95,0,56.3,,,27.89,93,5.8,1,308.0,308.0
2024-03-24 11:40:00-05:00,2024-03-24 11:40:00,28.2,7.4,14.3,22.1,101,0.0,0.0,0.0,0.0,0.0,0.23,27.89,94,0,66.1,,,27.89,67,5.6,1,308.0,308.0
2024-03-24 11:45:00-05:00,2024-03-24 11:45:00,28.4,5.1,8.7,22.1,70,0.0,0.0,0.0,0.0,0.0,0.23,27.88,94,0,61.2,,,27.88,107,6.0,1,308.0,308.0
2024-03-24 11:50:00-05:00,2024-03-24 11:50:00,28.6,9.6,13.0,22.1,42,0.0,0.0,0.0,0.0,0.0,0.23,27.87,94,0,80.7,,,27.87,97,4.9,1,308.0,308.0
2024-03-24 11:55:00-05:00,2024-03-24 11:55:00,28.6,6.0,13.0,22.1,69,0.0,0.0,0.0,0.0,0.0,0.23,27.87,94,1,99.0,,,27.87,96,5.8,1,308.0,308.0
2024-03-24 12:00:00-05:00,2024-03-24 12:00:00,28.6,4.7,10.3,22.1,68,0.0,0.0,0.0,0.0,0.0,0.23,27.87,93,0,68.5,,,27.87,90,5.8,1,308.0,308.0
2024-03-24 12:05:00-05:00,2024-03-24 12:05:00,28.9,7.4,7.8,22.1,104,0.0,0.0,0.0,0.0,0.0,0.23,27.87,93,0,68.5,,,27.87,109,4.5,1,308.0,308.0
2024-03-24 12:10:00-05:00,2024-03-24 12:10:00,28.9,4.9,7.4,22.1,74,0.0,0.0,0.0,0.0,0.0,0.23,27.87,93,1,102.8,,,27.87,117,4.9,1,308.0,308.0
2024-03-24 12:15:00-05:00,2024-03-24 12:15:00,28.6,6.7,13.2,22.1,36,0.0,0.0,0.0,0.0,0.0,0.23,27.87,93,1,119.9,,,27.87,61,4.9,1,308.0,308.0
2024-03-24 12:20:00-05:00,2024-03-24 12:20:00,28.8,7.4,11.9,22.1,53,0.0,0.0,0.0,0.0,0.0,0.23,27.87,93,1,146.8,,,27.87,80,5.8,1,308.0,308.0
2024-03-24 12:25:00-05:00,2024-03-24 12:25:00,28.6,6.5,12.1,22.1,77,0.0,0.0,0.0,0.0,0.0,0.23,27.87,93,1,148.0,,,27.87,86,5.1,1,308.0,308.0
2024-03-24 12:30:00-05:00,2024-03-24 12:30:00,28.8,5.6,16.3,22.1,95,0.0,0.0,0.0,0.0,0.0,0.23,27.86,94,1,166.4,,,27.86,78,5.6,1,308.0,308.0
2024-03-24 12:35:00-05:00,2024-03-24 12:35:00,28.8,8.9,11.0,22.1,31,0.0,0.0,0.0,0.0,0.0,0.23,27.86,94,1,178.6,,,27.86,76,5.8,1,308.0,308.0
2024-03-24 12:40:00-05:00,2024-03-24 12:40:00,28.8,7.6,10.1,22.1,81,0.0,0.0,0.0,0.0,0.0,0.23,27.85,94,2,206.7,,,27.85,83,5.8,1,308.0,308.0
2024-03-24 12:45:00-05:00,2024-03-24 12:45:00,28.9,5.4,10.7,22.1,83,0.0,0.0,0.0,0.0,0.0,0.23,27.86,94,1,188.4,,,27.86,86,5.8,1,308.0,308.0
2024-03-24 12:50:00-05:00,2024-03-24 12:50:00,29.3,4.5,10.3,22.1,92,0.0,0.0,0.0,0.0,0.0,0.23,27.86,94,1,187.1,,,27.86,73,5.1,1,308.0,308.0
2024-03-24 12:55:00-05:00,2024-03-24 12:55:00,28.9,8.1,13.0,22.1,64,0.0,0.0,0.0,0.0,0.0,0.23,27.85,94,1,167.6,,,27.85,73,4.9,1,308.0,308.0
2024-03-24 13:00:00-05:00,2024-03-24 13:00:00,28.8,3.4,11.0,22.1,87,0.0,0.0,0.0,0.0,0.0,0.23,27.86,94,1,128.4,,,27.86,67,6.5,1,308.0,308.0
2024-03-24 13:05:00-05:00,2024-03-24 13:05:00,28.6,7.6,17.0,22.1,81,0.0,0.0,0.0,0.0,0.0,0.23,27.85,94,1,123.5,,,27.85,64,6.5,1,308.0,308.0
2024-03-24 13:10:00-05:00,2024-03-24 13:10:00,28.4,10.5,12.8,22.1,82,0.0,0.0,0.0,0.0,0.0,0.23,27.85,95,1,112.5,,,27.85,71,5.1,1,308.0,308.0
2024-03-24 13:15:00-05:00,2024-03-24 13:15:00,28.2,2.2,13.2,22.1,159,0.0,0.0,0.0,0.0,0.0,0.23,27.85,95,1,110.1,,,27.85,80,5.1,1,308.0,308.0
2024-03-24 13:21:00-05:00,2024-03-24 13:21:00,28.2,9.2,16.3,22.1,74,0.0,0.0,0.0,0.0,0.0,0.23,27.84,95,1,117.4,,,27.84,78,7.8,1,308.0,308.0
2024-03-24 13:25:00-05:00,2024-03-24 13:25:00,28.4,6.3,10.3,22.1,87,0.0,0.0,0.0,0.0,0.0,0.23,27.84,95,1,137.0,,,27.84,80,6.0,1,308.0,308.0
2024-03-24 13:30:00-05:00,2024-03-24 13:30:00,28.4,6.3,13.2,22.1,131,0.0,0.0,0.0,0.0,0.0,0.23,27.84,95,1,132.1,,,27.84,79,5.6,1,308.0,308.0
2024-03-24 13:35:00-05:00,2024-03-24 13:35:00,28.6,6.0,11.2,22.1,94,0.0,0.0,0.0,0.0,0.0,0.23,27.84,95,1,140.7,,,27.84,94,5.8,1,308.0,308.0
2024-03-24 13:40:00-05:00,2024-03-24 13:40:00,28.9,2.7,9.6,22.1,70,0.0,0.0,0.0,0.0,0.0,0.23,27.84,95,1,168.8,,,27.84,92,6.3,1,308.0,308.0
2024-03-24 13:45:00-05:00,2024-03-24 13:45:00,28.8,1.8,13.4,22.1,55,0.0,0.0,0.0,0.0,0.0,0.23,27.84,95,1,159.0,,,27.84,89,5.8,1,308.0,308.0
2024-03-24 13:50:00-05:00,2024-03-24 13:50:00,28.9,4.9,10.7,22.1,50,0.0,0.0,0.0,0.0,0.0,0.23,27.83,95,1,159.0,,,27.83,90,5.6,1,308.0,308.0
2024-03-24 13:55:00-05:00,2024-03-24 13:55:00,29.1,7.4,12.5,22.1,78,0.0,0.0,0.0,0.0,0.0,0.23,27.83,95,1,165.1,,,27.83,70,5.6,1,308.0,308.0
2024-03-24 14:00:00-05:00,2024-03-24 14:00:00,29.1,5.1,17.9,22.1,54,0.0,0.0,0.0,0.0,0.0,0.23,27.83,95,1,157.8,,,27.83,97,6.3,1,308.0,308.0
2024-03-24 14:05:00-05:00,2024-03-24 14:05:00,29.1,10.5,10.7,22.1,102,0.0,0.0,0.0,0.0,0.0,0.23,27.82,95,1,161.5,,,27.82,56,5.4,1,308.0,308.0
2024-03-24 14:10:00-05:00,2024-03-24 14:10:00,29.1,4.9,9.6,22.1,67,0.0,0.0,0.0,0.0,0.0,0.23,27.82,95,1,185.9,,,27.82,77,5.4,1,308.0,308.0
2024-03-24 14:15:00-05:00,2024-03-24 14:15:00,29.3,2.7,14.3,22.1,87,0.0,0.0,0.0,0.0,0.0,0.23,27.82,95,1,166.4,,,27.82,70,4.9,1,308.0,308.0
2024-03-24 14:20:00-05:00,2024-03-24 14:20:00,28.9,2.2,11.6,22.1,112,0.0,0.0,0.0,0.0,0.0,0.23,27.82,95,1,145.5,,,27.82,75,4.9,1,308.0,308.0
2024-03-24 14:25:00-05:00,2024-03-24 14:25:00,28.9,3.8,10.1,22.1,95,0.0,0.0,0.0,0.0,0.0,0.23,27.82,95,1,144.4,,,27.82,92,5.8,1,308.0,308.0
2024-03-24 14:30:00-05:00,2024-03-24 14:30:00,28.6,6.9,11.9,22.1,48,0.0,0.0,0.0,0.0,0.0,0.23,27.81,95,1,129.7,,,27.81,30,7.2,1,308.0,308.0
2024-03-24 14:35:00-05:00,2024-03-24 14:35:00,28.6,5.6,16.6,22.1,74,0.0,0.0,0.0,0.0,0.0,0.23,27.82,95,1,128.4,,,27.82,79,7.4,1,308.0,308.0
2024-03-24 14:40:00-05:00,2024-03-24 14:40:00,28.4,6.0,15.0,22.1,48,0.0,0.0,0.0,0.0,0.0,0.23,27.82,95,1,119.9,,,27.82,84,7.4,1,308.0,308.0
2024-03-24 14:45:00-05:00,2024-03-24 14:45:00,28.6,6.5,10.5,22.1,78,0.0,0.0,0.0,0.0,0.0,0.23,27.81,95,1,106.4,,,27.81,66,6.0,1,308.0,308.0
2024-03-24 14:50:00-05:00,2024-03-24 14:50:00,28.4,4.5,12.3,22.1,46,0.0,0.0,0.0,0.0,0.0,0.23,27.81,95,0,97.9,,,27.81,70,6.7,1,308.0,308.0
2024-03-24 14:55:00-05:00,2024-03-24 14:55:00,28.4,4.5,11.4,22.1,350,0.0,0.0,0.0,0.0,0.0,0.23,27.8,95,1,111.3,,,27.8,93,7.6,1,308.0,308.0
2024-03-24 15:00:00-05:00,2024-03-24 15:00:00,28.6,7.4,12.5,22.1,69,0.0,0.0,0.0,0.0,0.0,0.23,27.8,95,1,115.0,,,27.8,68,4.0,1,308.0,308.0
2024-03-24 15:05:00-05:00,2024-03-24 15:05:00,28.6,5.8,16.3,22.1,73,0.0,0.0,0.0,0.0,0.0,0.23,27.8,95,1,110.1,,,27.8,81,4.3,1,308.0,308.0
2024-03-24 15:10:00-05:00,2024-03-24 15:10:00,28.4,4.7,9.8,22.1,72,0.0,0.0,0.0,0.0,0.0,0.23,27.8,95,1,101.5,,,27.8,62,5.8,1,308.0,308.0
2024-03-24 15:15:00-05:00,2024-03-24 15:15:00,28.6,5.4,12.1,22.1,36,0.0,0.0,0.0,0.0,0.0,0.23,27.79,95,1,122.3,,,27.79,45,5.4,1,308.0,308.0
2024-03-24 15:20:00-05:00,2024-03-24 15:20:00,28.6,3.6,10.3,22.1,75,0.0,0.0,0.0,0.0,0.0,0.23,27.8,95,1,111.3,,,27.8,86,4.9,1,308.0,308.0
2024-03-24 15:25:00-05:00,2024-03-24 15:25:00,28.6,6.5,13.6,22.1,46,0.0,0.0,0.0,0.0,0.0,0.23,27.79,95,1,112.5,,,27.79,79,6.3,1,308.0,308.0
2024-03-24 15:30:00-05:00,2024-03-24 15:30:00,28.6,1.1,14.8,22.1,0,0.0,0.0,0.0,0.0,0.0,0.23,27.79,95,1,126.0,,,27.79,78,6.3,1,308.0,308.0
2024-03-24 15:35:00-05:00,2024-03-24 15:35:00,28.6,1.8,13.4,22.1,90,0.0,0.0,0.0,0.0,0.0,0.23,27.79,95,1,113.7,,,27.79,68,6.5,1,308.0,308.0
2024-03-24 15:40:00-05:00,2024-03-24 15:40:00,28.4,4.3,13.2,22.1,104,0.0,0.0,0.0,0.0,0.0,0.23,27.79,94,1,106.4,,,27.79,52,7.8,1,308.0,308.0
2024-03-24 15:45:00-05:00,2024-03-24 15:45:00,28.6,2.5,8.5,22.1,101,0.0,0.0,0.0,0.0,0.0,0.23,27.78,95,0,78.3,,,27.78,56,7.8,1,308.0,308.0
2024-03-24 15:50:00-05:00,2024-03-24 15:50:00,28.6,8.5,12.8,22.1,85,0.0,0.0,0.0,0.0,0.0,0.23,27.78,94,0,81.9,,,27.78,64,6.3,1,308.0,308.0
2024-03-24 15:55:00-05:00,2024-03-24 15:55:00,28.6,5.8,13.2,22.1,83,0.0,0.0,0.0,0.0,0.0,0.23,27.78,95,0,86.8,,,27.78,86,6.3,1,308.0,308.0
2024-03-24 16:00:00-05:00,2024-03-24 16:00:00,28.4,4.5,17.0,22.1,50,0.0,0.0,0.0,0.0,0.0,0.23,27.78,95,0,68.5,,,27.78,82,7.2,1,308.0,308.0
2024-03-24 16:05:00-05:00,2024-03-24 16:05:00,28.6,4.7,12.3,22.1,92,0.0,0.0,0.0,0.0,0.0,0.23,27.78,95,0,59.9,,,27.78,77,6.5,1,308.0,308.0
2024-03-24 16:10:00-05:00,2024-03-24 16:10:00,28.6,10.5,16.1,22.1,86,0.0,0.0,0.0,0.0,0.0,0.23,27.78,95,0,51.4,,,27.78,77,6.9,1,308.0,308.0
2024-03-24 16:15:00-05:00,2024-03-24 16:15:00,28.4,8.7,12.3,22.1,112,0.0,0.0,0.0,0.0,0.0,0.23,27.78,95,0,56.3,,,27.78,100,6.5,1,308.0,308.0
2024-03-24 16:20:00-05:00,2024-03-24 16:20:00,28.4,3.1,15.9,22.1,39,0.0,0.0,0.0,0.0,0.0,0.23,27.78,95,0,47.7,,,27.78,101,6.0,1,308.0,308.0
2024-03-24 16:25:00-05:00,2024-03-24 16:25:00,28.4,14.1,15.7,22.1,54,0.0,0.0,0.0,0.0,0.0,0.23,27.78,95,0,40.3,,,27.78,71,6.0,1,308.0,308.0
2024-03-24 16:30:00-05:00,2024-03-24 16:30:00,28.2,8.3,15.9,22.1,62,0.0,0.0,0.0,0.0,0.0,0.23,27.78,95,0,34.3,,,27.78,176,5.8,1,308.0,308.0
2024-03-24 16:35:00-05:00,2024-03-24 16:35:00,28.2,8.7,15.9,22.1,103,0.0,0.0,0.0,0.0,0.0,0.23,27.78,95,0,39.1,,,27.78,56,7.8,1,308.0,308.0
2024-03-24 16:40:00-05:00,2024-03-24 16:40:00,28.4,3.4,11.4,22.1,39,0.0,0.0,0.0,0.0,0.0,0.23,27.77,95,0,40.3,,,27.77,64,6.7,1,308.0,308.0
2024-03-24 16:45:00-05:00,2024-03-24 16:45:00,28.4,5.6,14.3,22.1,78,0.0,0.0,0.0,0.0,0.0,0.23,27.77,95,0,36.7,,,27.77,35,5.8,1,308.0,308.0
2024-03-24 16:50:00-05:00,2024-03-24 16:50:00,28.4,4.7,10.7,22.1,70,0.0,0.0,0.0,0.0,0.0,0.23,27.77,95,0,31.8,,,27.77,92,6.0,1,308.0,308.0
2024-03-24 16:55:00-05:00,2024-03-24 16:55:00,28.6,11.9,18.6,22.1,47,0.0,0.0,0.0,0.0,0.0,0.23,27.78,95,0,33.0,,,27.78,57,6.3,1,308.0,308.0
2024-03-24 17:00:00-05:00,2024-03-24 17:00:00,28.4,14.3,16.8,22.1,50,0.0,0.0,0.0,0.0,0.0,0.23,27.78,95,0,30.5,,,27.78,64,6.5,1,308.0,308.0
2024-03-24 17:05:00-05:00,2024-03-24 17:05:00,28.4,3.8,11.9,22.1,74,0.0,0.0,0.0,0.0,0.0,0.23,27.78,95,0,25.6,,,27.78,30,6.5,1,308.0,308.0
2024-03-24 17:10:00-05:00,2024-03-24 17:10:00,28.4,5.1,11.9,22.1,24,0.0,0.0,0.0,0.0,0.0,0.23,27.78,95,0,24.5,,,27.78,50,5.1,1,308.0,308.0
2024-03-24 17:15:00-05:00,2024-03-24 17:15:00,28.4,8.3,13.2,22.1,94,0.0,0.0,0.0,0.0,0.0,0.23,27.78,95,0,24.5,,,27.78,55,5.1,1,308.0,308.0
2024-03-24 17:20:00-05:00,2024-03-24 17:20:00,28.6,5.6,7.6,22.1,46,0.0,0.0,0.0,0.0,0.0,0.23,27.77,96,0,24.5,,,27.77,97,5.1,1,308.0,308.0
2024-03-24 17:25:00-05:00,2024-03-24 17:25:00,28.4,8.1,12.5,22.1,89,0.0,0.0,0.0,0.0,0.0,0.23,27.77,95,0,29.4,,,27.77,47,5.8,1,308.0,308.0
2024-03-24 17:30:00-05:00,2024-03-24 17:30:00,28.6,3.1,13.0,22.1,58,0.0,0.0,0.0,0.0,0.0,0.23,27.77,96,0,35.4,,,27.77,56,6.3,1,308.0,308.0
2024-03-24 17:35:00-05:00,2024-03-24 17:35:00,28.6,6.9,11.4,22.1,81,0.0,0.0,0.0,0.0,0.0,0.23,27.76,96,0,40.3,,,27.76,37,6.3,1,308.0,308.0
2024-03-24 17:40:00-05:00,2024-03-24 17:40:00,28.6,5.8,11.0,22.1,27,0.0,0.0,0.0,0.0,0.0,0.23,27.77,96,0,42.8,,,27.77,37,5.8,1,308.0,308.0
2024-03-24 17:45:00-05:00,2024-03-24 17:45:00,28.8,7.6,10.7,22.1,94,0.0,0.0,0.0,0.0,0.0,0.23,27.76,95,0,34.3,,,27.76,45,5.8,1,308.0,308.0
2024-03-24 17:50:00-05:00,2024-03-24 17:50:00,28.8,6.5,11.2,22.1,83,0.0,0.0,0.0,0.0,0.0,0.23,27.76,96,0,29.4,,,27.76,29,6.7,1,308.0,308.0
2024-03-24 17:55:00-05:00,2024-03-24 17:55:00,28.8,6.3,12.1,22.1,21,0.0,0.0,0.0,0.0,0.0,0.23,27.76,96,0,24.5,,,27.76,61,6.7,1,308.0,308.0
2024-03-24 18:00:00-05:00,2024-03-24 18:00:00,28.8,10.7,14.1,22.1,55,0.0,0.0,0.0,0.0,0.0,0.23,27.76,96,0,23.2,,,27.76,54,6.5,1,308.0,308.0
2024-03-24 18:05:00-05:00,2024-03-24 18:05:00,28.8,5.4,15.7,22.1,67,0.0,0.0,0.0,0.0,0.0,0.23,27.77,96,0,18.3,,,27.77,88,6.5,1,308.0,308.0
2024-03-24 18:10:00-05:00,2024-03-24 18:10:00,28.8,5.8,13.9,22.1,33,0.0,0.0,0.0,0.0,0.0,0.23,27.77,96,0,14.7,,,27.77,79,7.4,1,308.0,308.0
2024-03-24 18:15:00-05:00,2024-03-24 18:15:00,28.9,4.9,8.5,22.1,17,0.0,0.0,0.0,0.0,0.0,0.23,27.77,96,0,14.7,,,27.77,77,7.2,1,308.0,308.0
2024-03-24 18:20:00-05:00,2024-03-24 18:20:00,28.9,3.8,12.1,22.1,69,0.0,0.0,0.0,0.0,0.0,0.23,27.77,96,0,14.7,,,27.77,45,7.2,1,308.0,308.0
2024-03-24 18:25:00-05:00,2024-03-24 18:25:00,28.8,6.5,13.2,22.1,92,0.0,0.0,0.0,0.0,0.0,0.23,27.75,96,0,12.2,,,27.75,38,7.4,1,308.0,308.0
2024-03-24 18:30:00-05:00,2024-03-24 18:30:00,28.9,6.5,13.2,22.1,41,0.0,0.0,0.0,0.0,0.0,0.23,27.76,96,0,12.2,,,27.76,29,6.0,1,308.0,308.0
2024-03-24 18:35:00-05:00,2024-03-24 18:35:00,28.9,6.3,11.9,22.1,96,0.0,0.0,0.0,0.0,0.0,0.23,27.75,96,0,14.7,,,27.75,357,7.4,1,308.0,308.0
2024-03-24 18:40:00-05:00,2024-03-24 18:40:00,28.9,6.7,18.1,22.1,62,0.0,0.0,0.0,0.0,0.0,0.23,27.75,96,0,9.8,,,27.75,58,7.2,1,308.0,308.0
2024-03-24 18:45:00-05:00,2024-03-24 18:45:00,28.9,7.6,10.7,22.1,70,0.0,0.0,0.0,0.0,0.0,0.23,27.76,96,0,12.2,,,27.76,29,6.5,1,308.0,308.0
2024-03-24 18:50:00-05:00,2024-03-24 18:50:00,29.1,5.8,12.3,22.1,55,0.0,0.0,0.0,0.0,0.0,0.23,27.77,96,0,9.8,,,27.77,48,6.7,1,308.0,308.0
2024-03-24 18:55:00-05:00,2024-03-24 18:55:00,29.1,3.6,7.2,22.1,102,0.0,0.0,0.0,0.0,0.0,0.23,27.77,96,0,6.1,,,27.77,49,6.5,1,308.0,308.0
2024-03-24 19:00:00-05:00,2024-03-24 19:00:00,29.1,5.6,11.6,22.1,72,0.0,0.0,0.0,0.0,0.0,0.23,27.78,96,0,4.9,,,27.78,64,4.0,1,308.0,308.0
2024-03-24 19:05:00-05:00,2024-03-24 19:05:00,29.3,5.4,9.8,22.1,22,0.0,0.0,0.0,0.0,0.0,0.23,27.77,96,0,4.9,,,27.77,61,4.3,1,308.0,308.0
2024-03-24 19:10:00-05:00,2024-03-24 19:10:00,29.3,3.6,8.9,22.1,70,0.0,0.0,0.0,0.0,0.0,0.23,27.78,96,0,6.1,,,27.78,33,5.4,1,308.0,308.0
2024-03-24 19:15:00-05:00,2024-03-24 19:15:00,29.1,11.9,13.4,22.1,64,0.0,0.0,0.0,0.0,0.0,0.23,27.77,96,0,3.6,,,27.77,66,5.4,1,308.0,308.0
2024-03-24 19:20:00-05:00,2024-03-24 19:20:00,29.3,4.7,14.3,22.1,73,0.0,0.0,0.0,0.0,0.0,0.23,27.78,96,0,2.5,,,27.78,64,6.3,1,308.0,308.0
2024-03-24 19:25:00-05:00,2024-03-24 19:25:00,29.1,4.7,12.5,22.1,68,0.0,0.0,0.0,0.0,0.0,0.23,27.77,96,0,1.2,,,27.77,45,5.4,1,308.0,308.0
2024-03-24 19:30:00-05:00,2024-03-24 19:30:00,29.1,3.4,18.8,22.1,2,0.0,0.0,0.0,0.0,0.0,0.23,27.78,96,0,0.0,,,27.78,78,5.6,1,308.0,308.0
2024-03-24 19:35:00-05:00,2024-03-24 19:35:00,29.3,4.3,7.2,22.1,36,0.0,0.0,0.0,0.0,0.0,0.23,27.77,96,0,0.0,,,27.77,63,4.9,1,308.0,308.0
2024-03-24 19:40:00-05:00,2024-03-24 19:40:00,29.1,3.1,15.4,22.1,47,0.0,0.0,0.0,0.0,0.0,0.23,27.78,96,0,0.0,,,27.78,51,4.9,1,308.0,308.0
2024-03-24 19:45:00-05:00,2024-03-24 19:45:00,29.1,8.1,14.5,22.1,33,0.0,0.0,0.0,0.0,0.0,0.23,27.77,96,0,0.0,,,27.77,59,5.8,1,308.0,308.0
2024-03-24 19:50:00-05:00,2024-03-24 19:50:00,29.1,3.8,12.1,22.1,81,0.0,0.0,0.0,0.0,0.0,0.23,27.77,96,0,0.0,,,27.77,16,4.9,1,308.0,308.0
2024-03-24 19:55:00-05:00,2024-03-24 19:55:00,29.1,9.8,16.6,22.1,64,0.0,0.0,0.0,0.0,0.0,0.23,27.77,96,0,0.0,,,27.77,79,3.8,1,308.0,308.0
2024-03-24 20:00:00-05:00,2024-03-24 20:00:00,29.1,5.6,11.0,22.1,11,0.0,0.0,0.0,0.0,0.0,0.23,27.77,96,0,0.0,,,27.77,24,5.8,1,308.0,308.0
2024-03-24 20:05:00-05:00,2024-03-24 20:05:00,28.9,9.4,14.8,22.1,81,0.0,0.0,0.0,0.0,0.0,0.23,27.77,96,0,0.0,,,27.77,49,6.3,1,308.0,308.0
2024-03-24 20:10:00-05:00,2024-03-24 20:10:00,29.1,6.3,12.8,22.1,27,0.0,0.0,0.0,0.0,0.0,0.23,27.77,95,0,0.0,,,27.77,41,5.8,1,308.0,308.0
2024-03-24 20:15:00-05:00,2024-03-24 20:15:00,29.1,9.6,11.4,22.1,23,0.0,0.0,0.0,0.0,0.0,0.23,27.77,95,0,0.0,,,27.77,75,5.8,1,308.0,308.0
2024-03-24 20:20:00-05:00,2024-03-24 20:20:00,28.9,5.8,11.6,22.1,74,0.0,0.0,0.0,0.0,0.0,0.23,27.77,95,0,0.0,,,27.77,71,5.6,1,308.0,308.0
2024-03-24 20:25:00-05:00,2024-03-24 20:25:00,28.9,2.9,12.8,22.1,57,0.0,0.0,0.0,0.0,0.0,0.23,27.77,95,0,0.0,,,27.77,96,6.3,1,308.0,308.0
2024-03-24 20:30:00-05:00,2024-03-24 20:30:00,28.9,7.6,15.0,22.1,27,0.0,0.0,0.0,0.0,0.0,0.23,27.77,95,0,0.0,,,27.77,37,6.9,1,308.0,308.0
2024-03-24 20:35:00-05:00,2024-03-24 20:35:00,28.9,6.9,11.2,22.1,107,0.0,0.0,0.0,0.0,0.0,0.23,27.77,95,0,0.0,,,27.77,26,6.7,1,308.0,308.0
2024-03-24 20:40:00-05:00,2024-03-24 20:40:00,28.9,7.6,15.0,22.1,110,0.0,0.0,0.0,0.0,0.0,0.23,27.77,95,0,0.0,,,27.77,24,5.4,1,308.0,308.0
2024-03-24 20:45:00-05:00,2024-03-24 20:45:00,28.9,3.1,22.1,22.4,123,0.0,0.0,0.0,0.0,0.0,0.23,27.77,95,0,0.0,,,27.77,39,6.3,1,308.0,308.0
2024-03-24 20:50:00-05:00,2024-03-24 20:50:00,28.8,5.4,13.9,22.4,51,0.0,0.0,0.0,0.0,0.0,0.23,27.77,95,0,0.0,,,27.77,39,7.2,1,308.0,308.0
2024-03-24 20:55:00-05:00,2024-03-24 20:55:00,28.8,3.4,8.7,22.4,32,0.0,0.0,0.0,0.0,0.0,0.23,27.77,95,0,0.0,,,27.77,22,6.5,1,308.0,308.0
2024-03-24 21:00:00-05:00,2024-03-24 21:00:00,28.8,4.3,19.5,22.4,38,0.0,0.0,0.0,0.0,0.0,0.23,27.78,95,0,0.0,,,27.78,39,6.0,1,308.0,308.0
2024-03-24 21:05:00-05:00,2024-03-24 21:05:00,28.6,9.2,12.3,22.4,49,0.0,0.0,0.0,0.0,0.0,0.23,27.77,95,0,0.0,,,27.77,76,5.8,1,308.0,308.0
2024-03-24 21:10:00-05:00,2024-03-24 21:10:00,28.6,4.0,14.8,22.4,52,0.0,0.0,0.0,0.0,0.0,0.23,27.77,95,0,0.0,,,27.77,64,6.9,1,308.0,308.0
2024-03-24 21:15:00-05:00,2024-03-24 21:15:00,28.6,4.9,16.8,23.3,29,0.0,0.0,0.0,0.0,0.0,0.23,27.77,95,0,0.0,,,27.77,52,5.8,1,308.0,308.0
2024-03-24 21:20:00-05:00,2024-03-24 21:20:00,28.6,4.3,17.0,23.3,84,0.0,0.0,0.0,0.0,0.0,0.23,27.78,95,0,0.0,,,27.78,44,6.3,1,308.0,308.0
2024-03-24 21:25:00-05:00,2024-03-24 21:25:00,28.6,5.6,8.3,23.3,46,0.0,0.0,0.0,0.0,0.0,0.23,27.78,95,0,0.0,,,27.78,68,6.3,1,308.0,308.0
2024-03-24 21:30:00-05:00,2024-03-24 21:30:00,28.4,4.5,12.8,23.3,20,0.0,0.0,0.0,0.0,0.0,0.23,27.78,95,0,0.0,,,27.78,55,7.4,1,308.0,308.0
2024-03-24 21:35:00-05:00,2024-03-24 21:35:00,28.6,4.9,14.5,23.3,6,0.0,0.0,0.0,0.0,0.0,0.23,27.78,95,0,0.0,,,27.78,55,6.5,1,308.0,308.0
2024-03-24 21:40:00-05:00,2024-03-24 21:40:00,28.4,4.3,11.9,23.3,49,0.0,0.0,0.0,0.0,0.0,0.23,27.78,95,0,0.0,,,27.78,62,5.8,1,308.0,308.0
2024-03-24 21:45:00-05:00,2024-03-24 21:45:00,28.2,5.4,10.7,23.3,80,0.0,0.0,0.0,0.0,0.0,0.23,27.78,95,0,0.0,,,27.78,33,6.3,1,308.0,308.0
2024-03-24 21:50:00-05:00,2024-03-24 21:50:00,28.2,4.5,14.3,23.3,56,0.0,0.0,0.0,0.0,0.0,0.23,27.78,95,0,0.0,,,27.78,30,5.6,1,308.0,308.0
2024-03-24 21:55:00-05:00,2024-03-24 21:55:00,28.2,4.5,10.1,23.3,10,0.0,0.0,0.0,0.0,0.0,0.23,27.78,95,0,0.0,,,27.78,71,5.6,1,308.0,308.0
2024-03-24 22:00:00-05:00,2024-03-24 22:00:00,28.0,8.3,12.3,23.3,41,0.0,0.0,0.0,0.0,0.0,0.23,27.77,95,0,0.0,,,27.77,19,6.0,1,308.0,308.0
2024-03-24 22:05:00-05:00,2024-03-24 22:05:00,28.2,13.9,21.7,23.3,13,0.0,0.0,0.0,0.0,0.0,0.23,27.79,95,0,0.0,,,27.79,58,5.6,1,308.0,308.0
2024-03-24 22:10:00-05:00,2024-03-24 22:10:00,28.2,6.7,14.3,23.3,39,0.0,0.0,0.0,0.0,0.0,0.23,27.77,96,0,0.0,,,27.77,23,5.6,1,308.0,308.0
2024-03-24 22:15:00-05:00,2024-03-24 22:15:00,28.0,7.2,18.1,23.3,62,0.0,0.0,0.0,0.0,0.0,0.23,27.77,96,0,0.0,,,27.77,43,5.6,1,308.0,308.0
2024-03-24 22:20:00-05:00,2024-03-24 22:20:00,28.0,4.0,14.1,23.3,352,0.0,0.0,0.0,0.0,0.0,0.23,27.78,96,0,0.0,,,27.78,19,6.0,1,308.0,308.0
2024-03-24 22:25:00-05:00,2024-03-24 22:25:00,28.0,6.5,17.9,23.3,52,0.0,0.0,0.0,0.0,0.0,0.23,27.77,96,0,0.0,,,27.77,26,6.7,1,308.0,308.0
2024-03-24 22:30:00-05:00,2024-03-24 22:30:00,28.0,5.6,10.7,23.3,7,0.0,0.0,0.0,0.0,0.0,0.23,27.78,96,0,0.0,,,27.78,64,6.0,1,308.0,308.0
2024-03-24 22:35:00-05:00,2024-03-24 22:35:00,27.9,2.7,10.5,23.3,42,0.0,0.0,0.0,0.0,0.0,0.23,27.77,96,0,0.0,,,27.77,50,5.8,1,308.0,308.0
2024-03-24 22:40:00-05:00,2024-03-24 22:40:00,27.9,8.1,15.7,23.3,21,0.0,0.0,0.0,0.0,0.0,0.23,27.77,96,0,0.0,,,27.77,22,5.4,1,308.0,308.0
2024-03-24 22:45:00-05:00,2024-03-24 22:45:00,28.0,3.4,8.9,23.3,19,0.0,0.0,0.0,0.0,0.0,0.23,27.77,96,0,0.0,,,27.77,48,6.5,1,308.0,308.0
2024-03-24 22:50:00-05:00,2024-03-24 22:50:00,27.9,6.7,14.1,23.3,44,0.0,0.0,0.0,0.0,0.0,0.23,27.77,96,0,0.0,,,27.77,55,6.5,1,308.0,308.0
2024-03-24 22:55:00-05:00,2024-03-24 22:55:00,27.9,2.7,13.9,23.3,38,0.0,0.0,0.0,0.0,0.0,0.23,27.77,96,0,0.0,,,27.77,63,5.4,1,308.0,308.0
2024-03-24 23:00:00-05:00,2024-03-24 23:00:00,27.9,7.6,10.5,23.3,43,0.0,0.0,0.0,0.0,0.0,0.23,27.76,96,0,0.0,,,27.76,57,6.5,1,308.0,308.0
2024-03-24 23:05:00-05:00,2024-03-24 23:05:00,27.9,4.9,9.2,23.3,43,0.0,0.0,0.0,0.0,0.0,0.23,27.76,96,0,0.0,,,27.76,354,7.8,1,308.0,308.0
2024-03-24 23:10:00-05:00,2024-03-24 23:10:00,27.9,4.7,11.4,23.3,59,0.0,0.0,0.0,0.0,0.0,0.23,27.76,96,0,0.0,,,27.76,43,8.1,1,308.0,308.0
2024-03-24 23:15:00-05:00,2024-03-24 23:15:00,27.7,6.3,14.1,23.3,340,0.0,0.0,0.0,0.0,0.0,0.23,27.76,96,0,0.0,,,27.76,29,6.7,1,308.0,308.0
2024-03-24 23:20:00-05:00,2024-03-24 23:20:00,27.7,5.4,12.5,23.3,7,0.0,0.0,0.0,0.0,0.0,0.23,27.76,96,0,0.0,,,27.76,19,4.9,1,308.0,308.0
2024-03-24 23:25:00-05:00,2024-03-24 23:25:00,27.7,4.5,10.5,23.3,342,0.0,0.0,0.0,0.0,0.0,0.23,27.76,96,0,0.0,,,27.76,63,4.9,1,308.0,308.0
2024-03-24 23:30:00-05:00,2024-03-24 23:30:00,27.5,6.9,15.9,23.3,1,0.0,0.0,0.0,0.0,0.0,0.23,27.75,96,0,0.0,,,27.75,43,7.4,1,308.0,308.0
2024-03-24 23:35:00-05:00,2024-03-24 23:35:00,27.7,6.0,12.1,23.3,22,0.0,0.0,0.0,0.0,0.0,0.23,27.76,96,0,0.0,,,27.76,36,7.4,1,308.0,308.0
2024-03-24 23:40:00-05:00,2024-03-24 23:40:00,27.7,4.3,12.8,23.3,62,0.0,0.0,0.0,0.0,0.0,0.23,27.76,96,0,0.0,,,27.76,28,6.5,1,308.0,308.0
2024-03-24 23:45:00-05:00,2024-03-24 23:45:00,27.7,8.9,13.2,23.3,4,0.0,0.0,0.0,0.0,0.0,0.23,27.76,96,0,0.0,,,27.76,21,6.3,1,308.0,308.0
2024-03-24 23:50:00-05:00,2024-03-24 23:50:00,27.7,5.1,13.6,23.3,14,0.0,0.0,0.0,0.0,0.0,0.23,27.76,96,0,0.0,,,27.76,18,5.8,1,308.0,308.0
2024-03-24 23:55:00-05:00,2024-03-24 23:55:00,27.5,11.0,15.9,23.3,57,0.0,0.0,0.0,0.0,0.0,0.23,27.76,96,0,0.0,,,27.76,26,6.3,1,308.0,308.0
2024-03-25 00:00:00-05:00,2024-03-25 00:00:00,27.5,6.5,12.5,8.7,15,0.0,0.0,0.0,0.0,0.0,0.23,27.75,96,0,0.0,,,27.75,26,6.3,1,308.0,308.0
2024-03-25 00:05:00-05:00,2024-03-25 00:05:00,27.5,8.7,13.9,18.8,45,0.0,0.0,0.0,0.0,0.0,0.23,27.76,96,0,0.0,,,27.76,8,5.4,1,308.0,308.0
2024-03-25 00:10:00-05:00,2024-03-25 00:10:00,27.5,8.5,16.8,18.8,20,0.0,0.0,0.0,0.0,0.0,0.23,27.75,96,0,0.0,,,27.75,42,5.6,1,308.0,308.0
2024-03-25 00:15:00-05:00,2024-03-25 00:15:00,27.5,6.9,15.9,18.8,74,0.0,0.0,0.0,0.0,0.0,0.23,27.75,96,0,0.0,,,27.75,36,5.8,1,308.0,308.0
2024-03-25 00:20:00-05:00,2024-03-25 00:20:00,27.5,5.1,9.8,18.8,7,0.0,0.0,0.0,0.0,0.0,0.23,27.75,96,0,0.0,,,27.75,5,4.9,1,308.0,308.0
2024-03-25 00:25:00-05:00,2024-03-25 00:25:00,27.5,3.6,16.8,18.8,46,0.0,0.0,0.0,0.0,0.0,0.23,27.75,96,0,0.0,,,27.75,35,5.6,1,308.0,308.0
2024-03-25 00:30:00-05:00,2024-03-25 00:30:00,27.5,8.9,14.3,18.8,50,0.0,0.0,0.0,0.0,0.0,0.23,27.76,97,0,0.0,,,27.76,20,7.2,1,308.0,308.0
2024-03-25 00:35:00-05:00,2024-03-25 00:35:00,27.5,10.1,11.4,18.8,43,0.0,0.0,0.0,0.0,0.0,0.23,27.75,97,0,0.0,,,27.75,12,5.4,1,308.0,308.0
2024-03-25 00:40:00-05:00,2024-03-25 00:40:00,27.5,3.4,17.0,18.8,2,0.0,0.0,0.0,0.0,0.0,0.23,27.75,97,0,0.0,,,27.75,12,5.4,1,308.0,308.0
2024-03-25 00:45:00-05:00,2024-03-25 00:45:00,27.5,9.6,13.0,18.8,43,0.0,0.0,0.0,0.0,0.0,0.23,27.75,97,0,0.0,,,27.75,352,6.5,1,308.0,308.0
2024-03-25 00:50:00-05:00,2024-03-25 00:50:00,27.3,7.2,12.5,18.8,30,0.0,0.0,0.0,0.0,0.0,0.23,27.76,97,0,0.0,,,27.76,22,6.3,1,308.0,308.0
2024-03-25 00:55:00-05:00,2024-03-25 00:55:00,27.3,6.5,16.8,18.8,11,0.0,0.0,0.0,0.0,0.0,0.23,27.75,97,0,0.0,,,27.75,50,5.4,1,308.0,308.0
2024-03-25 01:00:00-05:00,2024-03-25 01:00:00,27.3,4.3,11.2,18.8,5,0.0,0.0,0.0,0.0,0.0,0.23,27.75,97,0,0.0,,,27.75,45,7.2,1,308.0,308.0
2024-03-25 01:05:00-05:00,2024-03-25 01:05:00,27.1,3.8,14.1,19.2,40,0.0,0.0,0.0,0.0,0.0,0.23,27.75,97,0,0.0,,,27.75,37,8.7,1,308.0,308.0
2024-03-25 01:10:00-05:00,2024-03-25 01:10:00,27.3,8.1,12.3,19.2,358,0.0,0.0,0.0,0.0,0.0,0.23,27.75,97,0,0.0,,,27.75,19,6.3,1,308.0,308.0
2024-03-25 01:15:00-05:00,2024-03-25 01:15:00,27.3,7.4,16.6,19.2,38,0.0,0.0,0.0,0.0,0.0,0.23,27.75,97,0,0.0,,,27.75,38,5.6,1,308.0,308.0
2024-03-25 01:20:00-05:00,2024-03-25 01:20:00,27.1,9.2,16.6,19.2,44,0.0,0.0,0.0,0.0,0.0,0.23,27.75,97,0,0.0,,,27.75,39,7.6,1,308.0,308.0
2024-03-25 01:25:00-05:00,2024-03-25 01:25:00,27.1,6.7,15.0,19.2,52,0.0,0.0,0.0,0.0,0.0,0.23,27.75,97,0,0.0,,,27.75,34,8.1,1,308.0,308.0
2024-03-25 01:30:00-05:00,2024-03-25 01:30:00,27.1,4.7,9.8,19.2,355,0.0,0.0,0.0,0.0,0.0,0.23,27.75,97,0,0.0,,,27.75,28,6.5,1,308.0,308.0
2024-03-25 01:35:00-05:00,2024-03-25 01:35:00,27.1,13.0,20.8,20.8,13,0.0,0.0,0.0,0.0,0.0,0.23,27.74,97,0,0.0,,,27.74,19,6.5,1,308.0,308.0
2024-03-25 01:40:00-05:00,2024-03-25 01:40:00,27.1,2.2,13.4,20.8,346,0.0,0.0,0.0,0.0,0.0,0.23,27.74,97,0,0.0,,,27.74,65,6.7,1,308.0,308.0
2024-03-25 01:45:00-05:00,2024-03-25 01:45:00,27.1,11.0,13.4,20.8,31,0.0,0.0,0.0,0.0,0.0,0.23,27.74,97,0,0.0,,,27.74,61,6.9,1,308.0,308.0
2024-03-25 01:50:00-05:00,2024-03-25 01:50:00,27.3,13.0,18.3,20.8,348,0.0,0.0,0.0,0.0,0.0,0.23,27.74,97,0,0.0,,,27.74,65,7.4,1,308.0,308.0
2024-03-25 01:55:00-05:00,2024-03-25 01:55:00,27.1,1.6,21.3,21.3,80,0.0,0.0,0.0,0.0,0.0,0.23,27.74,97,0,0.0,,,27.74,22,6.7,1,308.0,308.0
2024-03-25 02:00:00-05:00,2024-03-25 02:00:00,27.1,4.7,14.5,21.3,90,0.0,0.0,0.0,0.0,0.0,0.23,27.74,97,0,0.0,,,27.74,45,6.7,1,308.0,308.0
2024-03-25 02:05:00-05:00,2024-03-25 02:05:00,27.1,4.7,11.0,21.3,34,0.0,0.0,0.0,0.0,0.0,0.23,27.74,97,0,0.0,,,27.74,28,6.3,1,308.0,308.0
2024-03-25 02:10:00-05:00,2024-03-25 02:10:00,27.1,8.9,16.6,21.3,22,0.0,0.0,0.0,0.0,0.0,0.23,27.73,97,0,0.0,,,27.73,19,6.3,1,308.0,308.0
2024-03-25 02:15:00-05:00,2024-03-25 02:15:00,27.1,6.0,13.2,21.3,51,0.0,0.0,0.0,0.0,0.0,0.23,27.73,97,0,0.0,,,27.73,17,6.5,1,308.0,308.0
2024-03-25 02:20:00-05:00,2024-03-25 02:20:00,27.1,6.0,10.5,21.3,27,0.0,0.0,0.0,0.0,0.0,0.23,27.73,97,0,0.0,,,27.73,47,6.3,1,308.0,308.0
2024-03-25 02:25:00-05:00,2024-03-25 02:25:00,27.1,3.8,9.8,21.3,19,0.0,0.0,0.0,0.0,0.0,0.23,27.73,97,0,0.0,,,27.73,43,5.6,1,308.0,308.0
2024-03-25 02:30:00-05:00,2024-03-25 02:30:00,27.1,16.6,16.6,21.3,47,0.0,0.0,0.0,0.0,0.0,0.23,27.73,97,0,0.0,,,27.73,21,5.6,1,308.0,308.0
2024-03-25 02:35:00-05:00,2024-03-25 02:35:00,27.1,4.7,9.8,21.3,97,0.0,0.0,0.0,0.0,0.0,0.23,27.73,97,0,0.0,,,27.73,22,6.5,1,308.0,308.0
2024-03-25 02:40:00-05:00,2024-03-25 02:40:00,27.3,11.2,11.2,21.3,78,0.0,0.0,0.0,0.0,0.0,0.23,27.73,97,0,0.0,,,27.73,29,5.6,1,308.0,308.0
2024-03-25 02:45:00-05:00,2024-03-25 02:45:00,27.1,6.3,14.1,21.3,49,0.0,0.0,0.0,0.0,0.0,0.23,27.73,97,0,0.0,,,27.73,24,5.6,1,308.0,308.0
2024-03-25 02:50:00-05:00,2024-03-25 02:50:00,27.1,6.0,11.0,21.3,55,0.0,0.0,0.0,0.0,0.0,0.23,27.73,97,0,0.0,,,27.73,25,5.6,1,308.0,308.0
2024-03-25 02:55:00-05:00,2024-03-25 02:55:00,27.1,6.3,16.8,21.3,2,0.0,0.0,0.0,0.0,0.0,0.23,27.72,97,0,0.0,,,27.72,21,4.9,1,308.0,308.0
2024-03-25 03:00:00-05:00,2024-03-25 03:00:00,27.1,6.9,18.3,21.3,51,0.0,0.0,0.0,0.0,0.0,0.23,27.73,97,0,0.0,,,27.73,59,5.8,1,308.0,308.0
2024-03-25 03:05:00-05:00,2024-03-25 03:05:00,27.1,5.1,16.8,21.3,9,0.0,0.0,0.0,0.0,0.0,0.23,27.72,97,0,0.0,,,27.72,54,5.8,1,308.0,308.0
2024-03-25 03:10:00-05:00,2024-03-25 03:10:00,27.3,6.3,11.0,21.3,345,0.0,0.0,0.0,0.0,0.0,0.23,27.72,97,0,0.0,,,27.72,19,5.4,1,308.0,308.0
2024-03-25 03:15:00-05:00,2024-03-25 03:15:00,27.3,6.0,11.6,21.3,0,0.0,0.0,0.0,0.0,0.0,0.23,27.72,97,0,0.0,,,27.72,5,4.5,1,308.0,308.0
2024-03-25 03:20:00-05:00,2024-03-25 03:20:00,27.1,11.6,18.1,21.3,18,0.0,0.0,0.0,0.0,0.0,0.23,27.72,97,0,0.0,,,27.72,2,5.8,1,308.0,308.0
2024-03-25 03:25:00-05:00,2024-03-25 03:25:00,27.3,5.1,15.2,21.3,25,0.0,0.0,0.0,0.0,0.0,0.23,27.72,97,0,0.0,,,27.72,345,5.8,1,308.0,308.0
2024-03-25 03:30:00-05:00,2024-03-25 03:30:00,27.3,4.0,10.3,21.3,1,0.0,0.0,0.0,0.0,0.0,0.23,27.72,97,0,0.0,,,27.72,50,4.9,1,308.0,308.0
2024-03-25 03:35:00-05:00,2024-03-25 03:35:00,27.3,9.6,10.5,21.3,309,0.0,0.0,0.0,0.0,0.0,0.23,27.72,97,0,0.0,,,27.72,21,5.4,1,308.0,308.0
2024-03-25 03:40:00-05:00,2024-03-25 03:40:00,27.3,5.8,15.9,21.3,33,0.0,0.0,0.0,0.0,0.0,0.23,27.71,97,0,0.0,,,27.71,18,5.6,1,308.0,308.0
2024-03-25 03:45:00-05:00,2024-03-25 03:45:00,27.3,6.5,12.5,21.3,23,0.0,0.0,0.0,0.0,0.0,0.23,27.71,97,0,0.0,,,27.71,28,5.6,1,308.0,308.0
2024-03-25 03:50:00-05:00,2024-03-25 03:50:00,27.3,6.5,11.2,21.3,85,0.0,0.0,0.0,0.0,0.0,0.23,27.71,97,0,0.0,,,27.71,2,5.6,1,308.0,308.0
2024-03-25 03:55:00-05:00,2024-03-25 03:55:00,27.1,7.4,15.2,21.3,8,0.0,0.0,0.0,0.0,0.0,0.23,27.71,97,0,0.0,,,27.71,0,5.8,1,308.0,308.0
2024-03-25 04:00:00-05:00,2024-03-25 04:00:00,27.1,12.8,16.8,21.3,15,0.0,0.0,0.0,0.0,0.0,0.23,27.71,97,0,0.0,,,27.71,7,6.3,1,308.0,308.0
2024-03-25 04:05:00-05:00,2024-03-25 04:05:00,27.1,10.7,13.9,21.3,40,0.0,0.0,0.0,0.0,0.0,0.23,27.71,97,0,0.0,,,27.71,11,5.6,1,308.0,308.0
2024-03-25 04:10:00-05:00,2024-03-25 04:10:00,27.1,3.1,15.9,21.3,24,0.0,0.0,0.0,0.0,0.0,0.23,27.71,97,0,0.0,,,27.71,30,5.4,1,308.0,308.0
2024-03-25 04:15:00-05:00,2024-03-25 04:15:00,27.0,3.8,13.6,21.3,27,0.0,0.0,0.0,0.0,0.0,0.23,27.71,97,0,0.0,,,27.71,30,6.5,1,308.0,308.0
2024-03-25 04:20:00-05:00,2024-03-25 04:20:00,27.0,3.1,16.3,21.3,15,0.0,0.0,0.0,0.0,0.0,0.23,27.71,97,0,0.0,,,27.71,57,6.5,1,308.0,308.0
2024-03-25 04:25:00-05:00,2024-03-25 04:25:00,27.0,9.6,16.1,21.3,5,0.0,0.0,0.0,0.0,0.0,0.23,27.71,97,0,0.0,,,27.71,352,5.6,1,308.0,308.0
2024-03-25 04:30:00-05:00,2024-03-25 04:30:00,26.8,5.8,14.8,21.3,23,0.0,0.0,0.0,0.0,0.0,0.23,27.71,97,0,0.0,,,27.71,30,5.6,1,308.0,308.0
2024-03-25 04:35:00-05:00,2024-03-25 04:35:00,27.0,7.4,11.6,21.3,7,0.0,0.0,0.0,0.0,0.0,0.23,27.71,97,0,0.0,,,27.71,30,5.4,1,308.0,308.0
2024-03-25 04:40:00-05:00,2024-03-25 04:40:00,26.8,3.1,14.1,21.3,348,0.0,0.0,0.0,0.0,0.0,0.23,27.71,97,0,0.0,,,27.71,1,5.4,1,308.0,308.0
2024-03-25 04:45:00-05:00,2024-03-25 04:45:00,26.8,5.4,10.5,21.3,14,0.0,0.0,0.0,0.0,0.0,0.23,27.7,97,0,0.0,,,27.7,26,6.0,1,308.0,308.0
2024-03-25 04:50:00-05:00,2024-03-25 04:50:00,26.6,9.2,16.8,21.3,5,0.0,0.0,0.0,0.0,0.0,0.23,27.71,97,0,0.0,,,27.71,339,5.4,1,308.0,308.0
2024-03-25 04:55:00-05:00,2024-03-25 04:55:00,26.6,5.4,12.1,21.3,356,0.0,0.0,0.0,0.0,0.0,0.23,27.7,97,0,0.0,,,27.7,13,5.4,1,308.0,308.0
2024-03-25 05:00:00-05:00,2024-03-25 05:00:00,26.6,4.9,12.1,21.3,21,0.0,0.0,0.0,0.0,0.0,0.23,27.7,97,0,0.0,,,27.7,359,5.4,1,308.0,308.0
2024-03-25 05:05:00-05:00,2024-03-25 05:05:00,26.4,5.8,15.9,21.3,46,0.0,0.0,0.0,0.0,0.0,0.23,27.7,97,0,0.0,,,27.7,27,5.4,1,308.0,308.0
2024-03-25 05:10:00-05:00,2024-03-25 05:10:00,26.6,6.3,7.8,21.3,10,0.0,0.0,0.0,0.0,0.0,0.23,27.7,97,0,0.0,,,27.7,27,5.4,1,308.0,308.0
2024-03-25 05:16:00-05:00,2024-03-25 05:16:00,26.6,4.3,9.8,21.3,20,0.0,0.0,0.0,0.0,0.0,0.23,27.7,97,0,0.0,,,27.7,46,4.7,1,308.0,308.0
2024-03-25 05:20:00-05:00,2024-03-25 05:20:00,26.6,10.5,10.5,21.3,9,0.0,0.0,0.0,0.0,0.0,0.23,27.7,97,0,0.0,,,27.7,350,5.4,1,308.0,308.0
2024-03-25 05:25:00-05:00,2024-03-25 05:25:00,26.4,6.7,12.1,21.3,34,0.0,0.0,0.0,0.0,0.0,0.23,27.7,97,0,0.0,,,27.7,352,5.8,1,308.0,308.0
2024-03-25 05:30:00-05:00,2024-03-25 05:30:00,26.6,3.1,11.9,21.3,358,0.0,0.0,0.0,0.0,0.0,0.23,27.7,97,0,0.0,,,27.7,7,5.6,1,308.0,308.0
2024-03-25 05:35:00-05:00,2024-03-25 05:35:00,26.4,4.7,12.1,21.3,355,0.0,0.0,0.0,0.0,0.0,0.23,27.71,97,0,0.0,,,27.71,13,4.5,1,308.0,308.0
2024-03-25 05:40:00-05:00,2024-03-25 05:40:00,26.4,9.4,15.2,21.3,32,0.0,0.0,0.0,0.0,0.0,0.23,27.7,97,0,0.0,,,27.7,354,5.6,1,308.0,308.0
2024-03-25 05:45:00-05:00,2024-03-25 05:45:00,26.2,5.6,15.0,21.3,335,0.0,0.0,0.0,0.0,0.0,0.23,27.7,97,0,0.0,,,27.7,35,6.0,1,308.0,308.0
2024-03-25 05:50:00-05:00,2024-03-25 05:50:00,26.4,5.1,10.3,21.3,354,0.0,0.0,0.0,0.0,0.0,0.23,27.7,97,0,0.0,,,27.7,11,6.5,1,308.0,308.0
2024-03-25 05:55:00-05:00,2024-03-25 05:55:00,26.4,4.7,15.0,21.3,8,0.0,0.0,0.0,0.0,0.0,0.23,27.71,97,0,0.0,,,27.71,12,6.0,1,308.0,308.0
2024-03-25 06:00:00-05:00,2024-03-25 06:00:00,26.4,6.3,11.2,21.3,355,0.0,0.0,0.0,0.0,0.0,0.23,27.7,97,0,0.0,,,27.7,355,5.8,1,308.0,308.0
2024-03-25 06:05:00-05:00,2024-03-25 06:05:00,26.4,3.1,13.9,21.3,289,0.0,0.0,0.0,0.0,0.0,0.23,27.71,97,0,0.0,,,27.71,355,5.1,1,308.0,308.0
2024-03-25 06:10:00-05:00,2024-03-25 06:10:00,26.4,9.4,12.3,21.3,343,0.0,0.0,0.0,0.0,0.0,0.23,27.71,97,0,0.0,,,27.71,7,4.0,1,308.0,308.0
2024-03-25 06:15:00-05:00,2024-03-25 06:15:00,26.2,5.1,13.4,21.3,21,0.0,0.0,0.0,0.0,0.0,0.23,27.71,97,0,0.0,,,27.71,337,4.9,1,308.0,308.0
2024-03-25 06:20:00-05:00,2024-03-25 06:20:00,26.2,1.1,6.5,21.3,82,0.0,0.0,0.0,0.0,0.0,0.23,27.7,97,0,0.0,,,27.7,35,6.0,1,308.0,308.0
2024-03-25 06:25:00-05:00,2024-03-25 06:25:00,26.4,5.4,7.6,21.3,35,0.0,0.0,0.0,0.0,0.0,0.23,27.7,97,0,0.0,,,27.7,349,4.5,1,308.0,308.0
2024-03-25 06:30:00-05:00,2024-03-25 06:30:00,26.2,6.0,13.4,21.3,15,0.0,0.0,0.0,0.0,0.0,0.23,27.7,97,0,0.0,,,27.7,348,3.8,1,308.0,308.0
2024-03-25 06:35:00-05:00,2024-03-25 06:35:00,26.2,8.7,10.1,21.3,62,0.0,0.0,0.0,0.0,0.0,0.23,27.69,97,0,0.0,,,27.69,324,3.8,1,308.0,308.0
2024-03-25 06:40:00-05:00,2024-03-25 06:40:00,26.2,3.8,13.0,21.3,90,0.0,0.0,0.0,0.0,0.0,0.23,27.7,97,0,0.0,,,27.7,38,4.9,1,308.0,308.0
2024-03-25 06:45:00-05:00,2024-03-25 06:45:00,26.2,3.1,11.2,21.3,21,0.0,0.0,0.0,0.0,0.0,0.23,27.7,97,0,0.0,,,27.7,1,6.5,1,308.0,308.0
2024-03-25 06:50:00-05:00,2024-03-25 06:50:00,26.2,8.1,13.6,21.3,3,0.0,0.0,0.0,0.0,0.0,0.23,27.7,97,0,0.0,,,27.7,6,6.5,1,308.0,308.0
2024-03-25 06:55:00-05:00,2024-03-25 06:55:00,26.2,4.3,9.6,21.3,82,0.0,0.0,0.0,0.0,0.0,0.23,27.7,97,0,0.0,,,27.7,350,6.0,1,308.0,308.0
2024-03-25 07:00:00-05:00,2024-03-25 07:00:00,26.4,6.0,14.5,21.3,347,0.0,0.0,0.0,0.0,0.0,0.23,27.7,97,0,0.0,,,27.7,358,5.6,1,308.0,308.0
2024-03-25 07:05:00-05:00,2024-03-25 07:05:00,26.4,4.9,15.9,21.3,14,0.0,0.0,0.0,0.0,0.0,0.23,27.71,97,0,0.0,,,27.71,352,5.6,1,308.0,308.0
2024-03-25 07:10:00-05:00,2024-03-25 07:10:00,26.4,7.6,16.3,21.3,39,0.0,0.0,0.0,0.0,0.0,0.23,27.7,97,0,0.0,,,27.7,0,5.8,1,308.0,308.0
2024-03-25 07:15:00-05:00,2024-03-25 07:15:00,26.4,7.2,13.2,21.3,42,0.0,0.0,0.0,0.0,0.0,0.23,27.7,97,0,0.0,,,27.7,352,6.0,1,308.0,308.0
2024-03-25 07:20:00-05:00,2024-03-25 07:20:00,26.6,4.7,11.0,21.3,352,0.0,0.0,0.0,0.0,0.0,0.23,27.71,97,0,0.0,,,27.71,34,5.1,1,308.0,308.0
2024-03-25 07:25:00-05:00,2024-03-25 07:25:00,26.6,3.8,7.2,21.3,17,0.0,0.0,0.0,0.0,0.0,0.23,27.7,97,0,0.0,,,27.7,25,4.9,1,308.0,308.0
2024-03-25 07:30:00-05:00,2024-03-25 07:30:00,26.4,5.1,9.8,21.3,332,0.0,0.0,0.0,0.0,0.0,0.23,27.7,97,0,1.2,,,27.7,346,5.4,1,308.0,308.0
2024-03-25 07:35:00-05:00,2024-03-25 07:35:00,26.4,7.6,14.8,21.3,339,0.0,0.0,0.0,0.0,0.0,0.23,27.71,97,0,1.2,,,27.71,353,4.7,1,308.0,308.0
2024-03-25 07:40:00-05:00,2024-03-25 07:40:00,26.6,11.6,11.6,21.3,345,0.0,0.0,0.0,0.0,0.0,0.23,27.72,97,0,3.6,,,27.72,318,6.0,1,308.0,308.0
2024-03-25 07:45:00-05:00,2024-03-25 07:45:00,26.4,4.0,11.6,21.3,350,0.0,0.0,0.0,0.0,0.0,0.23,27.71,97,0,6.1,,,27.71,5,6.3,1,308.0,308.0
2024-03-25 07:50:00-05:00,2024-03-25 07:50:00,26.6,6.5,16.3,21.3,2,0.0,0.0,0.0,0.0,0.0,0.23,27.71,97,0,9.8,,,27.71,358,6.0,1,308.0,308.0
2024-03-25 07:55:00-05:00,2024-03-25 07:55:00,26.6,3.1,12.8,21.3,7,0.0,0.0,0.0,0.0,0.0,0.23,27.72,97,0,12.2,,,27.72,356,6.0,1,308.0,308.0
2024-03-25 08:00:00-05:00,2024-03-25 08:00:00,26.6,9.8,13.2,21.3,48,0.0,0.0,0.0,0.0,0.0,0.23,27.72,97,0,14.7,,,27.72,351,6.7,1,308.0,308.0
2024-03-25 08:05:00-05:00,2024-03-25 08:05:00,26.6,1.8,15.9,21.3,0,0.0,0.0,0.0,0.0,0.0,0.23,27.71,97,0,18.3,,,27.71,351,7.8,1,308.0,308.0
2024-03-25 08:10:00-05:00,2024-03-25 08:10:00,26.6,5.6,11.6,21.3,40,0.0,0.0,0.0,0.0,0.0,0.23,27.72,97,0,22.0,,,27.72,24,6.3,1,308.0,308.0
2024-03-25 08:15:00-05:00,2024-03-25 08:15:00,26.6,4.9,16.3,21.3,354,0.0,0.0,0.0,0.0,0.0,0.23,27.72,97,0,25.6,,,27.72,21,5.8,1,308.0,308.0
2024-03-25 08:20:00-05:00,2024-03-25 08:20:00,26.6,8.3,13.6,21.3,27,0.0,0.0,0.0,0.0,0.0,0.23,27.72,97,0,29.4,,,27.72,6,5.8,1,308.0,308.0
2024-03-25 08:25:00-05:00,2024-03-25 08:25:00,26.6,11.0,12.8,21.3,32,0.0,0.0,0.0,0.0,0.0,0.23,27.72,97,0,33.0,,,27.72,357,5.6,1,308.0,308.0
2024-03-25 08:30:00-05:00,2024-03-25 08:30:00,26.6,7.8,17.4,21.3,28,0.0,0.0,0.0,0.0,0.0,0.23,27.71,97,0,33.0,,,27.71,346,7.4,1,308.0,308.0
2024-03-25 08:35:00-05:00,2024-03-25 08:35:00,26.6,3.4,19.5,21.3,46,0.0,0.0,0.0,0.0,0.0,0.23,27.71,97,0,35.4,,,27.71,9,7.2,1,308.0,308.0
2024-03-25 08:40:00-05:00,2024-03-25 08:40:00,26.8,4.3,10.5,21.3,314,0.0,0.0,0.0,0.0,0.0,0.23,27.72,97,0,41.6,,,27.72,25,6.3,1,308.0,308.0
2024-03-25 08:45:00-05:00,2024-03-25 08:45:00,26.6,6.0,17.9,21.3,341,0.0,0.0,0.0,0.0,0.0,0.23,27.72,97,0,41.6,,,27.72,349,6.5,1,308.0,308.0
2024-03-25 08:50:00-05:00,2024-03-25 08:50:00,26.6,2.0,18.3,21.3,0,0.0,0.0,0.0,0.0,0.0,0.23,27.72,97,0,39.1,,,27.72,357,6.7,1,308.0,308.0
2024-03-25 08:55:00-05:00,2024-03-25 08:55:00,26.8,3.6,12.5,21.3,307,0.0,0.0,0.0,0.0,0.0,0.23,27.71,97,0,42.8,,,27.71,359,6.5,1,308.0,308.0
2024-03-25 09:00:00-05:00,2024-03-25 09:00:00,26.8,7.2,15.0,21.3,9,0.0,0.0,0.0,0.0,0.0,0.23,27.71,97,0,51.4,,,27.71,340,6.9,1,308.0,308.0
2024-03-25 09:05:00-05:00,2024-03-25 09:05:00,26.8,11.0,15.0,21.3,292,0.0,0.0,0.0,0.0,0.0,0.23,27.71,97,0,51.4,,,27.71,345,6.9,1,308.0,308.0
2024-03-25 09:10:00-05:00,2024-03-25 09:10:00,26.8,6.3,18.1,21.3,19,0.0,0.0,0.0,0.0,0.0,0.23,27.71,97,0,50.1,,,27.71,347,6.7,1,308.0,308.0
2024-03-25 09:15:00-05:00,2024-03-25 09:15:00,26.8,9.8,15.7,21.3,350,0.0,0.0,0.0,0.0,0.0,0.23,27.71,97,0,48.9,,,27.71,357,8.7,1,308.0,308.0
2024-03-25 09:20:00-05:00,2024-03-25 09:20:00,26.8,7.6,18.3,21.3,14,0.0,0.0,0.0,0.0,0.0,0.23,27.71,97,0,50.1,,,27.71,0,8.3,1,308.0,308.0
2024-03-25 09:25:00-05:00,2024-03-25 09:25:00,26.8,6.9,18.3,21.3,29,0.0,0.0,0.0,0.0,0.0,0.23,27.72,97,0,48.9,,,27.72,5,6.9,1,308.0,308.0
2024-03-25 09:30:00-05:00,2024-03-25 09:30:00,26.8,11.6,13.9,21.3,314,0.0,0.0,0.0,0.0,0.0,0.23,27.72,97,0,48.9,,,27.72,14,6.9,1,308.0,308.0
2024-03-25 09:35:00-05:00,2024-03-25 09:35:00,26.8,8.1,12.1,21.3,9,0.0,0.0,0.0,0.0,0.0,0.23,27.72,97,0,45.2,,,27.72,358,6.9,1,308.0,308.0
2024-03-25 09:40:00-05:00,2024-03-25 09:40:00,26.6,6.7,17.7,21.3,23,0.0,0.0,0.0,0.0,0.0,0.23,27.72,97,0,47.7,,,27.72,358,7.2,1,308.0,308.0
2024-03-25 09:45:00-05:00,2024-03-25 09:45:00,26.6,10.7,15.2,22.6,21,0.0,0.0,0.0,0.0,0.0,0.23,27.73,97,0,48.9,,,27.73,7,8.5,1,308.0,308.0
2024-03-25 09:51:00-05:00,2024-03-25 09:51:00,26.6,7.4,17.2,22.6,6,0.0,0.0,0.0,0.0,0.0,0.23,27.73,97,0,51.4,,,27.73,353,7.8,1,308.0,308.0
2024-03-25 09:55:00-05:00,2024-03-25 09:55:00,26.6,13.4,17.0,22.6,3,0.0,0.0,0.0,0.0,0.0,0.23,27.73,97,0,56.3,,,27.73,2,8.1,1,308.0,308.0
2024-03-25 10:00:00-05:00,2024-03-25 10:00:00,26.6,8.5,15.0,22.6,357,0.0,0.0,0.0,0.0,0.0,0.23,27.72,97,0,62.4,,,27.72,22,7.2,1,308.0,308.0
2024-03-25 10:05:00-05:00,2024-03-25 10:05:00,26.8,8.9,14.1,22.6,17,0.0,0.0,0.0,0.0,0.0,0.23,27.73,97,0,64.8,,,27.73,4,6.5,1,308.0,308.0
2024-03-25 10:10:00-05:00,2024-03-25 10:10:00,26.8,8.7,15.9,22.6,15,0.0,0.0,0.0,0.0,0.0,0.23,27.73,97,0,69.7,,,27.73,354,7.4,1,308.0,308.0
2024-03-25 10:15:00-05:00,2024-03-25 10:15:00,26.8,4.5,15.9,22.6,7,0.0,0.0,0.0,0.0,0.0,0.23,27.73,97,0,77.0,,,27.73,357,6.9,1,308.0,308.0
2024-03-25 10:20:00-05:00,2024-03-25 10:20:00,26.8,2.2,14.8,22.6,354,0.0,0.0,0.0,0.0,0.0,0.23,27.73,97,0,94.2,,,27.73,346,6.9,1,308.0,308.0
2024-03-25 10:25:00-05:00,2024-03-25 10:25:00,27.0,5.4,15.7,22.6,1,0.0,0.0,0.0,0.0,0.0,0.23,27.73,97,1,108.8,,,27.73,359,7.6,1,308.0,308.0
2024-03-25 10:30:00-05:00,2024-03-25 10:30:00,27.0,8.3,12.1,24.4,355,0.0,0.0,0.0,0.0,0.0,0.23,27.72,97,1,122.3,,,27.72,349,6.7,1,308.0,308.0
2024-03-25 10:35:00-05:00,2024-03-25 10:35:00,27.1,5.8,12.3,24.4,45,0.0,0.0,0.0,0.0,0.0,0.23,27.73,97,1,139.5,,,27.73,0,6.5,1,308.0,308.0
2024-03-25 10:40:00-05:00,2024-03-25 10:40:00,27.3,7.4,9.6,24.4,1,0.0,0.0,0.0,0.0,0.0,0.23,27.73,97,1,154.1,,,27.73,352,5.8,1,308.0,308.0
2024-03-25 10:45:00-05:00,2024-03-25 10:45:00,27.3,4.5,15.7,24.4,5,0.0,0.0,0.0,0.0,0.0,0.23,27.72,97,1,166.4,,,27.72,19,5.6,1,308.0,308.0
2024-03-25 10:50:00-05:00,2024-03-25 10:50:00,27.3,4.3,13.0,24.4,123,0.0,0.0,0.0,0.0,0.0,0.23,27.72,97,1,168.8,,,27.72,14,5.6,1,308.0,308.0
2024-03-25 10:55:00-05:00,2024-03-25 10:55:00,27.5,5.4,11.0,24.4,335,0.0,0.0,0.0,0.0,0.0,0.23,27.73,97,1,170.0,,,27.73,29,5.1,1,308.0,308.0
2024-03-25 11:00:00-05:00,2024-03-25 11:00:00,27.7,6.0,15.4,24.4,334,0.0,0.0,0.0,0.0,0.0,0.23,27.73,97,1,168.8,,,27.73,25,5.6,1,308.0,308.0
2024-03-25 11:05:00-05:00,2024-03-25 11:05:00,27.5,10.3,18.3,24.4,357,0.0,0.0,0.0,0.0,0.0,0.23,27.72,97,1,173.7,,,27.72,352,5.6,1,308.0,308.0
2024-03-25 11:10:00-05:00,2024-03-25 11:10:00,27.5,5.4,18.6,24.4,14,0.0,0.0,0.0,0.0,0.0,0.23,27.73,97,1,181.1,,,27.73,0,8.5,1,308.0,308.0
2024-03-25 11:15:00-05:00,2024-03-25 11:15:00,27.7,9.6,21.5,24.4,24,0.0,0.0,0.0,0.0,0.0,0.23,27.73,97,1,193.3,,,27.73,350,8.1,1,308.0,308.0
2024-03-25 11:20:00-05:00,2024-03-25 11:20:00,27.5,3.4,15.2,24.4,23,0.0,0.0,0.0,0.0,0.0,0.23,27.73,97,2,206.7,,,27.73,350,7.6,1,308.0,308.0
2024-03-25 11:25:00-05:00,2024-03-25 11:25:00,27.5,1.6,15.2,24.4,26,0.0,0.0,0.0,0.0,0.0,0.23,27.73,97,2,216.5,,,27.73,20,9.4,1,308.0,308.0
2024-03-25 11:30:00-05:00,2024-03-25 11:30:00,27.7,11.6,11.9,24.4,23,0.0,0.0,0.0,0.0,0.0,0.23,27.73,97,2,231.2,,,27.73,13,8.3,1,308.0,308.0
2024-03-25 11:35:00-05:00,2024-03-25 11:35:00,27.7,15.0,20.6,24.4,356,0.0,0.0,0.0,0.0,0.0,0.23,27.73,97,2,242.2,,,27.73,346,7.6,1,308.0,308.0
2024-03-25 11:40:00-05:00,2024-03-25 11:40:00,27.9,5.8,16.6,24.4,345,0.0,0.0,0.0,0.0,0.0,0.23,27.73,97,2,247.1,,,27.73,352,7.6,1,308.0,308.0
2024-03-25 11:45:00-05:00,2024-03-25 11:45:00,27.7,8.7,16.6,24.4,340,0.0,0.0,0.0,0.0,0.0,0.23,27.73,97,2,260.5,,,27.73,347,7.8,1,308.0,308.0
2024-03-25 11:50:00-05:00,2024-03-25 11:50:00,27.9,4.9,21.0,24.4,20,0.0,0.0,0.0,0.0,0.0,0.23,27.73,97,2,259.4,,,27.73,1,7.8,1,308.0,308.0
2024-03-25 11:55:00-05:00,2024-03-25 11:55:00,27.9,5.8,14.3,24.4,51,0.0,0.0,0.0,0.0,0.0,0.23,27.73,97,2,243.4,,,27.73,1,8.5,1,308.0,308.0
2024-03-25 12:00:00-05:00,2024-03-25 12:00:00,27.5,3.6,18.6,24.4,52,0.0,0.0,0.0,0.0,0.0,0.23,27.73,97,2,259.4,,,27.73,0,8.9,1,308.0,308.0
2024-03-25 12:05:00-05:00,2024-03-25 12:05:00,27.5,10.7,20.8,24.4,358,0.0,0.0,0.0,0.0,0.0,0.23,27.74,97,2,247.1,,,27.74,334,9.6,1,308.0,308.0
2024-03-25 12:10:00-05:00,2024-03-25 12:10:00,27.7,11.0,12.5,24.4,63,0.0,0.0,0.0,0.0,0.0,0.23,27.73,97,2,255.6,,,27.73,2,7.4,1,308.0,308.0
2024-03-25 12:15:00-05:00,2024-03-25 12:15:00,27.3,5.8,21.9,24.4,3,0.0,0.0,0.0,0.0,0.0,0.23,27.74,97,2,252.0,,,27.74,0,9.6,1,308.0,308.0
2024-03-25 12:20:00-05:00,2024-03-25 12:20:00,27.5,7.4,19.0,24.4,5,0.0,0.0,0.0,0.0,0.0,0.23,27.74,97,2,275.2,,,27.74,3,10.1,1,308.0,308.0
2024-03-25 12:25:00-05:00,2024-03-25 12:25:00,27.3,15.0,15.0,24.4,357,0.0,0.0,0.0,0.0,0.0,0.23,27.73,97,2,276.5,,,27.73,357,10.3,1,308.0,308.0
2024-03-25 12:30:00-05:00,2024-03-25 12:30:00,27.3,8.1,20.1,24.4,14,0.0,0.0,0.0,0.0,0.0,0.23,27.74,97,2,270.3,,,27.74,347,10.5,1,308.0,308.0
2024-03-25 12:35:00-05:00,2024-03-25 12:35:00,27.9,9.6,16.8,24.4,4,0.0,0.0,0.0,0.0,0.0,0.23,27.74,97,2,264.3,,,27.74,4,8.3,1,308.0,308.0
2024-03-25 12:40:00-05:00,2024-03-25 12:40:00,27.1,10.1,22.1,24.4,356,0.0,0.0,0.0,0.0,0.0,0.23,27.74,96,2,264.3,,,27.74,5,8.7,1,308.0,308.0
2024-03-25 12:45:00-05:00,2024-03-25 12:45:00,26.6,8.7,19.2,25.5,352,0.0,0.0,0.0,0.0,0.0,0.23,27.75,97,2,270.3,,,27.75,0,9.8,1,308.0,308.0
2024-03-25 12:50:00-05:00,2024-03-25 12:50:00,26.6,5.6,17.9,25.5,339,0.0,0.0,0.0,0.0,0.0,0.23,27.75,97,2,288.7,,,27.75,2,10.3,1,308.0,308.0
2024-03-25 12:55:00-05:00,2024-03-25 12:55:00,26.8,7.4,14.8,25.5,5,0.0,0.0,0.0,0.0,0.0,0.23,27.74,97,2,278.9,,,27.74,2,9.6,1,308.0,308.0
2024-03-25 13:00:00-05:00,2024-03-25 13:00:00,27.0,13.4,20.4,25.5,29,0.0,0.0,0.0,0.0,0.0,0.23,27.75,97,2,266.7,,,27.75,14,7.4,1,308.0,308.0
2024-03-25 13:05:00-05:00,2024-03-25 13:05:00,26.6,7.2,20.1,25.5,344,0.0,0.0,0.0,0.0,0.0,0.23,27.75,97,2,252.0,,,27.75,14,6.9,1,308.0,308.0
2024-03-25 13:10:00-05:00,2024-03-25 13:10:00,26.4,12.5,23.0,25.5,332,0.0,0.0,0.0,0.0,0.0,0.23,27.76,97,2,282.6,,,27.76,349,9.2,1,308.0,308.0
2024-03-25 13:15:00-05:00,2024-03-25 13:15:00,26.4,14.3,16.6,25.5,349,0.0,0.0,0.0,0.0,0.0,0.23,27.75,96,2,289.9,,,27.75,344,9.8,1,308.0,308.0
2024-03-25 13:20:00-05:00,2024-03-25 13:20:00,26.2,11.0,22.4,25.5,21,0.0,0.0,0.0,0.0,0.0,0.23,27.75,96,3,310.7,,,27.75,347,8.7,1,308.0,308.0
2024-03-25 13:25:00-05:00,2024-03-25 13:25:00,26.6,8.9,14.8,25.5,357,0.0,0.0,0.0,0.0,0.0,0.23,27.75,96,3,321.7,,,27.75,7,6.9,1,308.0,308.0
2024-03-25 13:30:00-05:00,2024-03-25 13:30:00,26.4,6.7,19.5,25.5,356,0.0,0.0,0.0,0.0,0.0,0.23,27.76,96,3,332.8,,,27.76,9,7.8,1,308.0,308.0
2024-03-25 13:35:00-05:00,2024-03-25 13:35:00,26.4,5.4,14.3,25.5,344,0.0,0.0,0.0,0.0,0.0,0.23,27.76,96,3,352.3,,,27.76,354,9.2,1,308.0,308.0
2024-03-25 13:40:00-05:00,2024-03-25 13:40:00,26.1,9.4,23.7,25.5,340,0.0,0.0,0.0,0.0,0.0,0.23,27.76,96,3,351.1,,,27.76,328,9.2,1,308.0,308.0
2024-03-25 13:45:00-05:00,2024-03-25 13:45:00,26.6,6.0,15.4,25.5,348,0.0,0.0,0.0,0.0,0.0,0.23,27.76,96,3,375.5,,,27.76,11,9.2,1,308.0,308.0
2024-03-25 13:50:00-05:00,2024-03-25 13:50:00,26.6,7.6,15.9,25.5,27,0.0,0.0,0.0,0.0,0.0,0.23,27.76,96,3,390.2,,,27.76,11,6.3,1,308.0,308.0
2024-03-25 13:56:00-05:00,2024-03-25 13:56:00,26.6,7.4,16.3,25.5,353,0.0,0.0,0.0,0.0,0.0,0.23,27.76,96,4,424.5,,,27.76,8,9.6,1,308.0,308.0
2024-03-25 14:00:00-05:00,2024-03-25 14:00:00,26.6,7.8,15.7,25.5,324,0.0,0.0,0.0,0.0,0.0,0.23,27.76,96,4,415.9,,,27.76,359,9.8,1,308.0,308.0
2024-03-25 14:05:00-05:00,2024-03-25 14:05:00,26.6,16.8,20.1,25.5,28,0.0,0.0,0.0,0.0,0.0,0.23,27.75,96,3,397.6,,,27.75,6,10.1,1,308.0,308.0
2024-03-25 14:10:00-05:00,2024-03-25 14:10:00,26.4,5.4,21.3,25.5,20,0.0,0.0,0.0,0.0,0.0,0.23,27.76,96,3,376.8,,,27.76,341,9.6,1,308.0,308.0
2024-03-25 14:15:00-05:00,2024-03-25 14:15:00,26.4,10.3,18.1,25.5,357,0.0,0.0,0.0,0.0,0.0,0.23,27.75,96,3,374.4,,,27.75,0,9.2,1,308.0,308.0
2024-03-25 14:20:00-05:00,2024-03-25 14:20:00,26.4,8.3,24.8,25.5,358,0.0,0.0,0.0,0.0,0.0,0.23,27.75,96,3,369.5,,,27.75,0,10.1,1,308.0,308.0
2024-03-25 14:25:00-05:00,2024-03-25 14:25:00,26.2,7.8,19.5,25.5,341,0.0,0.0,0.0,0.0,0.0,0.23,27.75,96,3,362.1,,,27.75,352,10.1,1,308.0,308.0
2024-03-25 14:30:00-05:00,2024-03-25 14:30:00,25.9,14.8,21.0,25.5,359,0.0,0.0,0.0,0.0,0.0,0.23,27.75,96,3,362.1,,,27.75,352,10.7,1,308.0,308.0
2024-03-25 14:35:00-05:00,2024-03-25 14:35:00,26.1,11.9,23.5,25.5,13,0.0,0.0,0.0,0.0,0.0,0.23,27.76,96,3,340.1,,,27.76,16,11.2,1,308.0,308.0
2024-03-25 14:40:00-05:00,2024-03-25 14:40:00,26.1,8.7,23.5,25.5,20,0.0,0.0,0.0,0.0,0.0,0.23,27.75,96,3,323.0,,,27.75,8,10.5,1,308.0,308.0
2024-03-25 14:45:00-05:00,2024-03-25 14:45:00,26.1,11.9,21.3,25.5,22,0.0,0.0,0.0,0.0,0.0,0.23,27.76,96,3,324.1,,,27.76,4,10.5,1,308.0,308.0
2024-03-25 14:50:00-05:00,2024-03-25 14:50:00,26.2,4.9,15.7,25.5,314,0.0,0.0,0.0,0.0,0.0,0.23,27.76,96,3,327.9,,,27.76,347,9.6,1,308.0,308.0
2024-03-25 14:55:00-05:00,2024-03-25 14:55:00,26.4,16.6,17.2,25.5,346,0.0,0.0,0.0,0.0,0.0,0.23,27.75,96,3,340.1,,,27.75,351,8.7,1,308.0,308.0
2024-03-25 15:00:00-05:00,2024-03-25 15:00:00,26.1,10.3,21.7,25.5,346,0.0,0.0,0.0,0.0,0.0,0.23,27.75,96,3,349.9,,,27.75,18,8.9,1,308.0,308.0
2024-03-25 15:05:00-05:00,2024-03-25 15:05:00,26.6,9.2,21.3,25.5,342,0.0,0.0,0.0,0.0,0.0,0.23,27.75,96,3,353.5,,,27.75,351,9.2,1,308.0,308.0
2024-03-25 15:10:00-05:00,2024-03-25 15:10:00,26.2,10.5,23.3,25.5,9,0.0,0.0,0.0,0.0,0.0,0.23,27.75,96,3,356.0,,,27.75,10,9.8,1,308.0,308.0
2024-03-25 15:15:00-05:00,2024-03-25 15:15:00,26.2,13.9,19.0,25.5,32,0.0,0.0,0.0,0.0,0.0,0.23,27.76,96,3,371.9,,,27.76,347,9.6,1,308.0,308.0
2024-03-25 15:20:00-05:00,2024-03-25 15:20:00,26.4,7.6,21.0,29.5,7,0.0,0.0,0.0,0.0,0.0,0.23,27.75,96,3,386.6,,,27.75,15,9.4,1,308.0,308.0
2024-03-25 15:25:00-05:00,2024-03-25 15:25:00,26.6,6.3,19.9,29.5,359,0.0,0.0,0.0,0.0,0.0,0.23,27.75,96,4,419.6,,,27.75,6,11.9,1,308.0,308.0
2024-03-25 15:30:00-05:00,2024-03-25 15:30:00,26.8,9.6,18.3,31.1,14,0.0,0.0,0.0,0.0,0.0,0.23,27.75,96,3,409.8,,,27.75,6,11.0,1,308.0,308.0
2024-03-25 15:35:00-05:00,2024-03-25 15:35:00,26.6,6.7,19.7,31.1,11,0.0,0.0,0.0,0.0,0.0,0.23,27.76,96,3,406.2,,,27.76,352,10.3,1,308.0,308.0
2024-03-25 15:40:00-05:00,2024-03-25 15:40:00,26.6,12.5,20.4,31.1,0,0.0,0.0,0.0,0.0,0.0,0.23,27.76,96,4,436.7,,,27.76,352,10.5,1,308.0,308.0
2024-03-25 15:45:00-05:00,2024-03-25 15:45:00,26.4,8.5,21.9,31.1,354,0.0,0.0,0.0,0.0,0.0,0.23,27.76,96,3,396.4,,,27.76,0,11.6,1,308.0,308.0
2024-03-25 15:50:00-05:00,2024-03-25 15:50:00,26.6,7.6,20.8,31.1,339,0.0,0.0,0.0,0.0,0.0,0.23,27.75,96,3,387.8,,,27.75,342,13.0,1,308.0,308.0
2024-03-25 15:55:00-05:00,2024-03-25 15:55:00,26.1,8.7,30.2,31.1,20,0.0,0.0,0.0,0.0,0.0,0.23,27.75,96,3,323.0,,,27.75,6,12.3,1,308.0,308.0
2024-03-25 16:00:00-05:00,2024-03-25 16:00:00,26.4,8.9,20.6,31.1,354,0.0,0.0,0.0,0.0,0.0,0.23,27.76,96,2,275.2,,,27.76,10,11.2,1,308.0,308.0
2024-03-25 16:05:00-05:00,2024-03-25 16:05:00,26.2,10.3,23.0,31.1,6,0.0,0.0,0.0,0.0,0.0,0.23,27.76,96,2,260.5,,,27.76,357,10.1,1,308.0,308.0
2024-03-25 16:10:00-05:00,2024-03-25 16:10:00,26.4,8.9,27.3,31.1,297,0.0,0.0,0.0,0.0,0.0,0.23,27.77,96,2,234.9,,,27.77,17,10.3,1,308.0,308.0
2024-03-25 16:15:00-05:00,2024-03-25 16:15:00,26.2,9.6,21.0,31.1,0,0.0,0.0,0.0,0.0,0.0,0.23,27.76,96,2,227.6,,,27.76,346,11.0,1,308.0,308.0
2024-03-25 16:20:00-05:00,2024-03-25 16:20:00,26.1,15.4,24.6,31.1,12,0.0,0.0,0.0,0.0,0.0,0.23,27.77,96,2,215.3,,,27.77,344,11.0,1,308.0,308.0
2024-03-25 16:25:00-05:00,2024-03-25 16:25:00,26.2,11.0,25.9,31.1,320,0.0,0.0,0.0,0.0,0.0,0.23,27.76,96,2,227.6,,,27.76,1,10.7,1,308.0,308.0
2024-03-25 16:30:00-05:00,2024-03-25 16:30:00,25.9,9.4,23.3,31.1,359,0.0,0.0,0.0,0.0,0.0,0.23,27.76,96,2,263.0,,,27.76,352,10.7,1,308.0,308.0
2024-03-25 16:35:00-05:00,2024-03-25 16:35:00,26.2,6.7,18.3,31.1,341,0.0,0.0,0.0,0.0,0.0,0.23,27.76,96,2,276.5,,,27.76,349,9.4,1,308.0,308.0
2024-03-25 16:40:00-05:00,2024-03-25 16:40:00,26.2,10.1,16.3,31.1,359,0.0,0.0,0.0,0.0,0.0,0.23,27.76,96,2,238.5,,,27.76,351,8.9,1,308.0,308.0
2024-03-25 16:45:00-05:00,2024-03-25 16:45:00,25.9,7.2,21.7,31.1,358,0.0,0.0,0.0,0.0,0.0,0.23,27.77,96,2,206.7,,,27.77,351,11.0,1,308.0,308.0
2024-03-25 16:50:00-05:00,2024-03-25 16:50:00,25.9,11.0,27.5,31.1,350,0.0,0.0,0.0,0.0,0.0,0.23,27.77,96,1,194.5,,,27.77,3,13.4,1,308.0,308.0
2024-03-25 16:55:00-05:00,2024-03-25 16:55:00,26.1,10.1,22.8,31.1,11,0.0,0.0,0.0,0.0,0.0,0.23,27.76,96,2,217.8,,,27.76,2,10.5,1,308.0,308.0
2024-03-25 17:01:00-05:00,2024-03-25 17:01:00,26.1,14.5,19.5,31.1,4,0.0,0.0,0.0,0.0,0.0,0.23,27.76,96,1,195.7,,,27.76,9,8.7,1,308.0,308.0
2024-03-25 17:05:00-05:00,2024-03-25 17:05:00,25.7,13.9,24.8,31.1,12,0.0,0.0,0.0,0.0,0.0,0.23,27.78,96,1,183.5,,,27.78,344,10.3,1,308.0,308.0
2024-03-25 17:10:00-05:00,2024-03-25 17:10:00,25.5,4.9,20.4,31.1,14,0.0,0.0,0.0,0.0,0.0,0.23,27.77,96,1,148.0,,,27.77,353,11.4,1,308.0,308.0
2024-03-25 17:15:00-05:00,2024-03-25 17:15:00,25.3,7.8,25.5,31.1,2,0.0,0.0,0.0,0.0,0.0,0.23,27.78,96,1,111.3,,,27.78,2,10.1,1,308.0,308.0
2024-03-25 17:20:00-05:00,2024-03-25 17:20:00,25.2,10.3,27.3,31.1,319,0.0,0.0,0.0,0.0,0.0,0.23,27.77,96,1,102.8,,,27.77,342,9.4,1,308.0,308.0
2024-03-25 17:25:00-05:00,2024-03-25 17:25:00,25.2,10.7,22.4,31.1,335,0.0,0.0,0.0,0.0,0.0,0.23,27.78,96,0,91.7,,,27.78,343,10.7,1,308.0,308.0
2024-03-25 17:30:00-05:00,2024-03-25 17:30:00,25.2,7.8,19.7,31.1,59,0.0,0.0,0.0,0.0,0.0,0.23,27.79,96,0,75.8,,,27.79,336,10.5,1,308.0,308.0
2024-03-25 17:35:00-05:00,2024-03-25 17:35:00,25.5,13.6,13.6,31.1,338,0.0,0.0,0.0,0.0,0.0,0.23,27.79,96,0,63.6,,,27.79,2,7.8,1,308.0,308.0
2024-03-25 17:40:00-05:00,2024-03-25 17:40:00,25.2,5.6,13.4,31.1,0,0.0,0.0,0.0,0.0,0.0,0.23,27.79,96,0,52.6,,,27.79,0,7.6,1,308.0,308.0
2024-03-25 17:45:00-05:00,2024-03-25 17:45:00,25.0,6.3,22.8,31.1,24,0.0,0.0,0.0,0.0,0.0,0.23,27.79,96,0,45.2,,,27.79,351,7.8,1,308.0,308.0
2024-03-25 17:50:00-05:00,2024-03-25 17:50:00,25.2,12.8,15.0,31.1,20,0.0,0.0,0.0,0.0,0.0,0.23,27.8,96,0,39.1,,,27.8,349,8.1,1,308.0,308.0
2024-03-25 17:55:00-05:00,2024-03-25 17:55:00,24.8,7.6,18.3,31.1,8,0.0,0.0,0.0,0.0,0.0,0.23,27.8,96,0,35.4,,,27.8,354,8.3,1,308.0,308.0
2024-03-25 18:00:00-05:00,2024-03-25 18:00:00,24.8,14.8,21.0,31.1,12,0.0,0.0,0.0,0.0,0.0,0.23,27.8,96,0,34.3,,,27.8,359,9.4,1,308.0,308.0
2024-03-25 18:05:00-05:00,2024-03-25 18:05:00,25.0,15.7,19.7,31.1,358,0.0,0.0,0.0,0.0,0.0,0.23,27.8,96,0,31.8,,,27.8,351,8.7,1,308.0,308.0
2024-03-25 18:10:00-05:00,2024-03-25 18:10:00,25.0,9.2,20.4,31.1,17,0.0,0.0,0.0,0.0,0.0,0.23,27.81,96,0,30.5,,,27.81,347,8.3,1,308.0,308.0
2024-03-25 18:15:00-05:00,2024-03-25 18:15:00,24.6,10.3,19.0,31.1,18,0.0,0.0,0.0,0.0,0.0,0.23,27.8,96,0,28.1,,,27.8,347,9.6,1,308.0,308.0
2024-03-25 18:20:00-05:00,2024-03-25 18:20:00,24.8,13.4,17.0,31.1,356,0.0,0.0,0.0,0.0,0.0,0.23,27.8,96,0,25.6,,,27.8,10,8.9,1,308.0,308.0
2024-03-25 18:25:00-05:00,2024-03-25 18:25:00,24.8,9.8,18.8,31.1,0,0.0,0.0,0.0,0.0,0.0,0.23,27.8,96,0,26.9,,,27.8,342,8.3,1,308.0,308.0
2024-03-25 18:30:00-05:00,2024-03-25 18:30:00,24.6,13.9,23.0,31.1,350,0.0,0.0,0.0,0.0,0.0,0.23,27.79,96,0,30.5,,,27.79,338,10.1,1,308.0,308.0
2024-03-25 18:35:00-05:00,2024-03-25 18:35:00,24.6,11.4,15.0,31.1,345,0.0,0.0,0.0,0.0,0.0,0.23,27.78,96,0,29.4,,,27.78,336,8.5,1,308.0,308.0
2024-03-25 18:40:00-05:00,2024-03-25 18:40:00,24.6,10.3,18.3,31.1,349,0.0,0.0,0.0,0.0,0.0,0.23,27.79,96,0,23.2,,,27.79,338,6.5,1,308.0,308.0
2024-03-25 18:45:00-05:00,2024-03-25 18:45:00,24.6,6.7,12.3,31.1,30,0.0,0.0,0.0,0.0,0.0,0.23,27.79,96,0,18.3,,,27.79,347,8.5,1,308.0,308.0
2024-03-25 18:50:00-05:00,2024-03-25 18:50:00,24.6,7.6,13.2,31.1,8,0.0,0.0,0.0,0.0,0.0,0.23,27.79,96,0,15.9,,,27.79,356,8.3,1,308.0,308.0
2024-03-25 18:55:00-05:00,2024-03-25 18:55:00,24.4,11.0,22.6,31.1,330,0.0,0.0,0.0,0.0,0.0,0.23,27.78,96,0,12.2,,,27.78,348,9.4,1,308.0,308.0
2024-03-25 19:00:00-05:00,2024-03-25 19:00:00,24.8,11.9,18.3,31.1,26,0.0,0.0,0.0,0.0,0.0,0.23,27.79,96,0,11.0,,,27.79,353,11.0,1,308.0,308.0
2024-03-25 19:05:00-05:00,2024-03-25 19:05:00,24.8,6.3,16.6,31.1,336,0.0,0.0,0.0,0.0,0.0,0.23,27.79,96,0,11.0,,,27.79,352,8.9,1,308.0,308.0
2024-03-25 19:11:00-05:00,2024-03-25 19:11:00,24.8,9.8,16.3,31.1,352,0.0,0.0,0.0,0.0,0.0,0.23,27.8,96,0,7.3,,,27.8,359,8.9,1,308.0,308.0
2024-03-25 19:15:00-05:00,2024-03-25 19:15:00,24.6,11.9,18.8,31.1,346,0.0,0.0,0.0,0.0,0.0,0.23,27.8,96,0,4.9,,,27.8,7,7.2,1,308.0,308.0
2024-03-25 19:20:00-05:00,2024-03-25 19:20:00,24.8,4.9,17.7,31.1,359,0.0,0.0,0.0,0.0,0.0,0.23,27.8,96,0,3.6,,,27.8,351,7.4,1,308.0,308.0
2024-03-25 19:25:00-05:00,2024-03-25 19:25:00,24.8,5.6,14.5,31.1,354,0.0,0.0,0.0,0.0,0.0,0.23,27.81,96,0,2.5,,,27.81,348,7.2,1,308.0,308.0
2024-03-25 19:30:00-05:00,2024-03-25 19:30:00,24.8,10.7,11.9,31.1,17,0.0,0.0,0.0,0.0,0.0,0.23,27.82,96,0,1.2,,,27.82,339,7.2,1,308.0,308.0
2024-03-25 19:35:00-05:00,2024-03-25 19:35:00,24.8,4.9,15.0,31.1,0,0.0,0.0,0.0,0.0,0.0,0.23,27.81,96,0,0.0,,,27.81,346,7.6,1,308.0,308.0
2024-03-25 19:40:00-05:00,2024-03-25 19:40:00,24.8,6.5,15.4,31.1,21,0.0,0.0,0.0,0.0,0.0,0.23,27.8,96,0,0.0,,,27.8,0,7.8,1,308.0,308.0
2024-03-25 19:45:00-05:00,2024-03-25 19:45:00,24.8,3.4,17.0,31.1,335,0.0,0.0,0.0,0.0,0.0,0.23,27.79,96,0,0.0,,,27.79,335,10.3,1,308.0,308.0
2024-03-25 19:50:00-05:00,2024-03-25 19:50:00,24.8,13.9,19.9,31.1,37,0.0,0.0,0.0,0.0,0.0,0.23,27.8,96,0,0.0,,,27.8,4,7.8,1,308.0,308.0
2024-03-25 19:55:00-05:00,2024-03-25 19:55:00,24.8,8.7,13.6,31.1,35,0.0,0.0,0.0,0.0,0.0,0.23,27.8,96,0,0.0,,,27.8,351,8.3,1,308.0,308.0
2024-03-25 20:00:00-05:00,2024-03-25 20:00:00,24.6,2.9,26.8,31.1,347,0.0,0.0,0.0,0.0,0.0,0.23,27.8,95,0,0.0,,,27.8,353,8.5,1,308.0,308.0
2024-03-25 20:05:00-05:00,2024-03-25 20:05:00,24.6,7.4,17.4,31.1,330,0.0,0.0,0.0,0.0,0.0,0.23,27.79,95,0,0.0,,,27.79,354,8.7,1,308.0,308.0
2024-03-25 20:10:00-05:00,2024-03-25 20:10:00,24.4,4.7,20.8,31.1,355,0.0,0.0,0.0,0.0,0.0,0.23,27.8,95,0,0.0,,,27.8,350,8.1,1,308.0,308.0
2024-03-25 20:15:00-05:00,2024-03-25 20:15:00,24.4,6.0,17.4,31.1,341,0.0,0.0,0.0,0.0,0.0,0.23,27.8,96,0,0.0,,,27.8,12,8.9,1,308.0,308.0
2024-03-25 20:20:00-05:00,2024-03-25 20:20:00,24.4,19.7,19.7,31.1,339,0.0,0.0,0.0,0.0,0.0,0.23,27.79,95,0,0.0,,,27.79,345,8.9,1,308.0,308.0
2024-03-25 20:25:00-05:00,2024-03-25 20:25:00,24.3,11.6,26.6,31.1,8,0.0,0.0,0.0,0.0,0.0,0.23,27.78,95,0,0.0,,,27.78,341,7.6,1,308.0,308.0
2024-03-25 20:30:00-05:00,2024-03-25 20:30:00,24.1,5.1,19.2,31.1,317,0.0,0.0,0.0,0.0,0.0,0.23,27.77,95,0,0.0,,,27.77,339,6.9,1,308.0,308.0
2024-03-25 20:35:00-05:00,2024-03-25 20:35:00,23.9,8.3,19.5,31.1,315,0.0,0.0,0.0,0.0,0.0,0.23,27.78,95,0,0.0,,,27.78,3,8.1,1,308.0,308.0
2024-03-25 20:40:00-05:00,2024-03-25 20:40:00,23.9,13.2,19.0,31.1,340,0.0,0.0,0.0,0.0,0.0,0.23,27.78,95,0,0.0,,,27.78,353,10.5,1,308.0,308.0
2024-03-25 20:45:00-05:00,2024-03-25 20:45:00,23.7,5.1,26.4,31.1,11,0.0,0.0,0.0,0.0,0.0,0.23,27.78,95,0,0.0,,,27.78,327,10.7,1,308.0,308.0
2024-03-25 20:50:00-05:00,2024-03-25 20:50:00,23.7,10.7,21.0,31.1,323,0.0,0.0,0.0,0.0,0.0,0.23,27.78,95,0,0.0,,,27.78,356,9.4,1,308.0,308.0
2024-03-25 20:55:00-05:00,2024-03-25 20:55:00,23.7,9.2,18.1,31.1,356,0.0,0.0,0.0,0.0,0.0,0.23,27.79,95,0,0.0,,,27.79,353,7.6,1,308.0,308.0
2024-03-25 21:00:00-05:00,2024-03-25 21:00:00,23.7,12.1,23.7,31.1,23,0.0,0.0,0.0,0.0,0.0,0.23,27.8,95,0,0.0,,,27.8,335,8.3,1,308.0,308.0
2024-03-25 21:05:00-05:00,2024-03-25 21:05:00,23.7,12.8,18.1,31.1,20,0.0,0.0,0.0,0.0,0.0,0.23,27.8,95,0,0.0,,,27.8,329,8.3,1,308.0,308.0
2024-03-25 21:10:00-05:00,2024-03-25 21:10:00,23.4,11.0,16.1,31.1,338,0.0,0.0,0.0,0.0,0.0,0.23,27.8,95,0,0.0,,,27.8,357,8.5,1,308.0,308.0
2024-03-25 21:15:00-05:00,2024-03-25 21:15:00,23.4,8.7,13.2,31.1,334,0.0,0.0,0.0,0.0,0.0,0.23,27.81,95,0,0.0,,,27.81,0,8.5,1,308.0,308.0
2024-03-25 21:20:00-05:00,2024-03-25 21:20:00,23.4,7.8,14.1,31.1,11,0.0,0.0,0.0,0.0,0.0,0.23,27.8,95,0,0.0,,,27.8,11,7.6,1,308.0,308.0
2024-03-25 21:25:00-05:00,2024-03-25 21:25:00,23.4,6.5,20.6,31.1,353,0.0,0.0,0.0,0.0,0.0,0.23,27.82,95,0,0.0,,,27.82,11,7.8,1,308.0,308.0
2024-03-25 21:30:00-05:00,2024-03-25 21:30:00,23.2,13.0,16.8,31.1,357,0.0,0.0,0.0,0.0,0.0,0.23,27.81,95,0,0.0,,,27.81,7,9.6,1,308.0,308.0
2024-03-25 21:35:00-05:00,2024-03-25 21:35:00,23.4,6.0,10.7,31.1,21,0.0,0.0,0.0,0.0,0.0,0.23,27.82,95,0,0.0,,,27.82,352,8.7,1,308.0,308.0
2024-03-25 21:40:00-05:00,2024-03-25 21:40:00,23.2,15.2,15.2,31.1,352,0.0,0.0,0.0,0.0,0.0,0.23,27.83,95,0,0.0,,,27.83,349,7.2,1,308.0,308.0
2024-03-25 21:45:00-05:00,2024-03-25 21:45:00,23.2,8.9,13.9,31.1,9,0.0,0.0,0.0,0.0,0.0,0.23,27.82,94,0,0.0,,,27.82,0,6.9,1,308.0,308.0
2024-03-25 21:50:00-05:00,2024-03-25 21:50:00,23.2,2.9,11.0,31.1,45,0.0,0.0,0.0,0.0,0.0,0.23,27.82,94,0,0.0,,,27.82,0,6.0,1,308.0,308.0
2024-03-25 21:55:00-05:00,2024-03-25 21:55:00,23.0,6.3,18.3,31.1,30,0.0,0.0,0.0,0.0,0.0,0.23,27.81,94,0,0.0,,,27.81,324,7.6,1,308.0,308.0
2024-03-25 22:00:00-05:00,2024-03-25 22:00:00,23.0,5.4,14.1,31.1,356,0.0,0.0,0.0,0.0,0.0,0.23,27.82,94,0,0.0,,,27.82,342,7.4,1,308.0,308.0
2024-03-25 22:06:00-05:00,2024-03-25 22:06:00,23.0,5.1,18.3,31.1,343,0.0,0.0,0.0,0.0,0.0,0.23,27.81,94,0,0.0,,,27.81,343,7.2,1,308.0,308.0
2024-03-25 22:10:00-05:00,2024-03-25 22:10:00,23.0,6.3,13.6,31.1,279,0.0,0.0,0.0,0.0,0.0,0.23,27.8,94,0,0.0,,,27.8,353,7.2,1,308.0,308.0
2024-03-25 22:15:00-05:00,2024-03-25 22:15:00,22.8,3.1,16.6,31.1,348,0.0,0.0,0.0,0.0,0.0,0.23,27.81,94,0,0.0,,,27.81,352,7.4,1,308.0,308.0
2024-03-25 22:20:00-05:00,2024-03-25 22:20:00,22.8,5.8,12.1,31.1,355,0.0,0.0,0.0,0.0,0.0,0.23,27.81,94,0,0.0,,,27.81,333,8.3,1,308.0,308.0
2024-03-25 22:25:00-05:00,2024-03-25 22:25:00,22.8,6.3,14.5,31.1,285,0.0,0.0,0.0,0.0,0.0,0.23,27.81,93,0,0.0,,,27.81,0,6.7,1,308.0,308.0
2024-03-25 22:30:00-05:00,2024-03-25 22:30:00,22.6,8.9,19.9,31.1,321,0.0,0.0,0.0,0.0,0.0,0.23,27.8,94,0,0.0,,,27.8,4,8.7,1,308.0,308.0
2024-03-25 22:35:00-05:00,2024-03-25 22:35:00,22.5,6.7,21.7,31.1,311,0.0,0.0,0.0,0.0,0.0,0.23,27.79,93,0,0.0,,,27.79,4,10.1,1,308.0,308.0
2024-03-25 22:40:00-05:00,2024-03-25 22:40:00,22.5,9.2,21.7,31.1,311,0.0,0.0,0.0,0.0,0.0,0.23,27.79,93,0,0.0,,,27.79,4,9.2,1,308.0,308.0
2024-03-25 22:45:00-05:00,2024-03-25 22:45:00,22.5,4.7,17.2,31.1,343,0.0,0.0,0.0,0.0,0.0,0.23,27.79,93,0,0.0,,,27.79,2,11.0,1,308.0,308.0
2024-03-25 22:50:00-05:00,2024-03-25 22:50:00,22.3,7.8,20.6,31.1,336,0.0,0.0,0.0,0.0,0.0,0.23,27.79,93,0,0.0,,,27.79,355,8.9,1,308.0,308.0
2024-03-25 22:55:00-05:00,2024-03-25 22:55:00,22.3,11.2,16.1,31.1,320,0.0,0.0,0.0,0.0,0.0,0.23,27.8,93,0,0.0,,,27.8,348,7.4,1,308.0,308.0
2024-03-25 23:00:00-05:00,2024-03-25 23:00:00,22.1,8.9,19.9,31.1,0,0.0,0.0,0.0,0.0,0.0,0.23,27.8,93,0,0.0,,,27.8,3,8.3,1,308.0,308.0
2024-03-25 23:05:00-05:00,2024-03-25 23:05:00,22.1,7.6,19.9,31.1,11,0.0,0.0,0.0,0.0,0.0,0.23,27.79,93,0,0.0,,,27.79,10,8.1,1,308.0,308.0
2024-03-25 23:10:00-05:00,2024-03-25 23:10:00,22.1,6.7,13.6,31.1,52,0.0,0.0,0.0,0.0,0.0,0.23,27.79,93,0,0.0,,,27.79,8,6.7,1,308.0,308.0
2024-03-25 23:15:00-05:00,2024-03-25 23:15:00,22.1,11.4,19.0,31.1,18,0.0,0.0,0.0,0.0,0.0,0.23,27.79,93,0,0.0,,,27.79,337,7.4,1,308.0,308.0
2024-03-25 23:20:00-05:00,2024-03-25 23:20:00,22.1,4.0,25.5,31.1,20,0.0,0.0,0.0,0.0,0.0,0.23,27.79,93,0,0.0,,,27.79,9,8.5,1,308.0,308.0
2024-03-25 23:25:00-05:00,2024-03-25 23:25:00,22.1,6.3,22.6,31.1,340,0.0,0.0,0.0,0.0,0.0,0.23,27.78,93,0,0.0,,,27.78,331,6.5,1,308.0,308.0
2024-03-25 23:30:00-05:00,2024-03-25 23:30:00,22.1,4.9,22.6,31.1,0,0.0,0.0,0.0,0.0,0.0,0.23,27.78,93,0,0.0,,,27.78,0,8.5,1,308.0,308.0
2024-03-25 23:35:00-05:00,2024-03-25 23:35:00,21.9,13.4,19.2,31.1,342,0.0,0.0,0.0,0.0,0.0,0.23,27.78,92,0,0.0,,,27.78,4,8.5,1,308.0,308.0
2024-03-25 23:40:00-05:00,2024-03-25 23:40:00,22.1,5.4,11.4,31.1,34,0.0,0.0,0.0,0.0,0.0,0.23,27.79,93,0,0.0,,,27.79,348,8.3,1,308.0,308.0
2024-03-25 23:45:00-05:00,2024-03-25 23:45:00,21.9,8.9,19.2,31.1,310,0.0,0.0,0.0,0.0,0.0,0.23,27.79,92,0,0.0,,,27.79,339,7.6,1,308.0,308.0
2024-03-25 23:50:00-05:00,2024-03-25 23:50:00,22.1,5.1,15.7,31.1,1,0.0,0.0,0.0,0.0,0.0,0.23,27.78,92,0,0.0,,,27.78,335,6.5,1,308.0,308.0
2024-03-25 23:55:00-05:00,2024-03-25 23:55:00,21.9,5.1,23.0,31.1,17,0.0,0.0,0.0,0.0,0.0,0.23,27.79,92,0,0.0,,,27.79,337,5.6,1,308.0,308.0
2024-03-26 00:00:00-05:00,2024-03-26 00:00:00,21.9,6.5,23.0,31.1,346,0.0,0.0,0.0,0.0,0.0,0.23,27.79,92,0,0.0,,,27.79,346,6.3,1,308.0,308.0
2024-03-26 00:05:00-05:00,2024-03-26 00:05:00,21.7,5.4,15.0,20.8,4,0.0,0.0,0.0,0.0,0.0,0.23,27.79,92,0,0.0,,,27.79,352,8.7,1,308.0,308.0
2024-03-26 00:10:00-05:00,2024-03-26 00:10:00,21.7,14.1,23.0,23.0,0,0.0,0.0,0.0,0.0,0.0,0.23,27.79,92,0,0.0,,,27.79,354,8.3,1,308.0,308.0
2024-03-26 00:15:00-05:00,2024-03-26 00:15:00,21.7,5.4,15.9,23.0,344,0.0,0.0,0.0,0.0,0.0,0.23,27.79,92,0,0.0,,,27.79,345,6.0,1,308.0,308.0
2024-03-26 00:20:00-05:00,2024-03-26 00:20:00,21.7,5.4,19.7,23.3,358,0.0,0.0,0.0,0.0,0.0,0.23,27.78,92,0,0.0,,,27.78,354,5.1,1,308.0,308.0
2024-03-26 00:25:00-05:00,2024-03-26 00:25:00,21.6,4.5,17.2,23.3,322,0.0,0.0,0.0,0.0,0.0,0.23,27.78,92,0,0.0,,,27.78,346,7.6,1,308.0,308.0
2024-03-26 00:30:00-05:00,2024-03-26 00:30:00,21.4,7.4,25.9,25.9,27,0.0,0.0,0.0,0.0,0.0,0.23,27.77,92,0,0.0,,,27.77,344,8.9,1,308.0,308.0
2024-03-26 00:35:00-05:00,2024-03-26 00:35:00,21.4,4.7,17.9,25.9,350,0.0,0.0,0.0,0.0,0.0,0.23,27.77,92,0,0.0,,,27.77,348,8.7,1,308.0,308.0
2024-03-26 00:40:00-05:00,2024-03-26 00:40:00,21.6,19.5,20.8,25.9,13,0.0,0.0,0.0,0.0,0.0,0.23,27.77,91,0,0.0,,,27.77,346,7.4,1,308.0,308.0
2024-03-26 00:45:00-05:00,2024-03-26 00:45:00,21.4,8.3,21.9,25.9,4,0.0,0.0,0.0,0.0,0.0,0.23,27.77,91,0,0.0,,,27.77,337,6.5,1,308.0,308.0
2024-03-26 00:50:00-05:00,2024-03-26 00:50:00,21.6,12.8,12.8,25.9,343,0.0,0.0,0.0,0.0,0.0,0.23,27.78,91,0,0.0,,,27.78,305,7.8,1,308.0,308.0
2024-03-26 00:55:00-05:00,2024-03-26 00:55:00,21.4,6.9,17.2,25.9,318,0.0,0.0,0.0,0.0,0.0,0.23,27.78,91,0,0.0,,,27.78,356,7.2,1,308.0,308.0
2024-03-26 01:00:00-05:00,2024-03-26 01:00:00,21.4,12.3,21.9,25.9,0,0.0,0.0,0.0,0.0,0.0,0.23,27.78,91,0,0.0,,,27.78,348,7.2,1,308.0,308.0
2024-03-26 01:05:00-05:00,2024-03-26 01:05:00,21.2,4.7,20.4,25.9,352,0.0,0.0,0.0,0.0,0.0,0.23,27.77,91,0,0.0,,,27.77,11,9.2,1,308.0,308.0
2024-03-26 01:10:00-05:00,2024-03-26 01:10:00,21.4,3.6,14.8,25.9,10,0.0,0.0,0.0,0.0,0.0,0.23,27.77,91,0,0.0,,,27.77,319,6.9,1,308.0,308.0
2024-03-26 01:15:00-05:00,2024-03-26 01:15:00,21.2,1.8,19.7,25.9,4,0.0,0.0,0.0,0.0,0.0,0.23,27.77,91,0,0.0,,,27.77,342,5.1,1,308.0,308.0
2024-03-26 01:20:00-05:00,2024-03-26 01:20:00,21.4,4.3,7.8,25.9,312,0.0,0.0,0.0,0.0,0.0,0.23,27.78,91,0,0.0,,,27.78,330,5.4,1,308.0,308.0
2024-03-26 01:25:00-05:00,2024-03-26 01:25:00,21.2,11.4,24.6,25.9,335,0.0,0.0,0.0,0.0,0.0,0.23,27.78,91,0,0.0,,,27.78,350,6.3,1,308.0,308.0
2024-03-26 01:30:00-05:00,2024-03-26 01:30:00,21.2,5.1,15.0,25.9,349,0.0,0.0,0.0,0.0,0.0,0.23,27.78,91,0,0.0,,,27.78,344,8.1,1,308.0,308.0
2024-03-26 01:35:00-05:00,2024-03-26 01:35:00,21.2,2.9,17.7,25.9,324,0.0,0.0,0.0,0.0,0.0,0.23,27.79,91,0,0.0,,,27.79,359,7.6,1,308.0,308.0
2024-03-26 01:40:00-05:00,2024-03-26 01:40:00,21.2,5.1,14.1,25.9,324,0.0,0.0,0.0,0.0,0.0,0.23,27.78,91,0,0.0,,,27.78,328,6.0,1,308.0,308.0
2024-03-26 01:45:00-05:00,2024-03-26 01:45:00,21.2,4.0,13.2,25.9,16,0.0,0.0,0.0,0.0,0.0,0.23,27.78,91,0,0.0,,,27.78,4,6.7,1,308.0,308.0
2024-03-26 01:50:00-05:00,2024-03-26 01:50:00,21.0,9.8,13.0,25.9,357,0.0,0.0,0.0,0.0,0.0,0.23,27.77,91,0,0.0,,,27.77,323,6.5,1,308.0,308.0
2024-03-26 01:55:00-05:00,2024-03-26 01:55:00,21.0,9.6,11.9,25.9,8,0.0,0.0,0.0,0.0,0.0,0.23,27.77,91,0,0.0,,,27.77,327,5.8,1,308.0,308.0
2024-03-26 02:00:00-05:00,2024-03-26 02:00:00,20.8,4.5,12.5,25.9,337,0.0,0.0,0.0,0.0,0.0,0.23,27.77,91,0,0.0,,,27.77,353,6.0,1,308.0,308.0
2024-03-26 02:05:00-05:00,2024-03-26 02:05:00,21.0,1.3,12.5,25.9,342,0.0,0.0,0.0,0.0,0.0,0.23,27.77,91,0,0.0,,,27.77,333,6.3,1,308.0,308.0
2024-03-26 02:10:00-05:00,2024-03-26 02:10:00,20.8,8.3,16.3,25.9,25,0.0,0.0,0.0,0.0,0.0,0.23,27.78,91,0,0.0,,,27.78,342,6.3,1,308.0,308.0
2024-03-26 02:15:00-05:00,2024-03-26 02:15:00,20.8,5.1,12.1,25.9,354,0.0,0.0,0.0,0.0,0.0,0.23,27.77,91,0,0.0,,,27.77,346,5.6,1,308.0,308.0
2024-03-26 02:20:00-05:00,2024-03-26 02:20:00,20.7,5.6,19.2,25.9,359,0.0,0.0,0.0,0.0,0.0,0.23,27.77,91,0,0.0,,,27.77,332,8.3,1,308.0,308.0
2024-03-26 02:25:00-05:00,2024-03-26 02:25:00,20.7,6.0,17.9,25.9,338,0.0,0.0,0.0,0.0,0.0,0.23,27.77,90,0,0.0,,,27.77,313,8.3,1,308.0,308.0
2024-03-26 02:30:00-05:00,2024-03-26 02:30:00,20.5,6.9,17.4,25.9,333,0.0,0.0,0.0,0.0,0.0,0.23,27.77,90,0,0.0,,,27.77,345,6.5,1,308.0,308.0
2024-03-26 02:35:00-05:00,2024-03-26 02:35:00,20.5,2.0,15.0,25.9,322,0.0,0.0,0.0,0.0,0.0,0.23,27.77,90,0,0.0,,,27.77,334,6.0,1,308.0,308.0
2024-03-26 02:40:00-05:00,2024-03-26 02:40:00,20.5,3.8,13.2,25.9,336,0.0,0.0,0.0,0.0,0.0,0.23,27.77,90,0,0.0,,,27.77,336,5.8,1,308.0,308.0
2024-03-26 02:45:00-05:00,2024-03-26 02:45:00,20.5,7.8,14.5,25.9,332,0.0,0.0,0.0,0.0,0.0,0.23,27.77,90,0,0.0,,,27.77,332,5.8,1,308.0,308.0
2024-03-26 02:50:00-05:00,2024-03-26 02:50:00,20.3,2.7,18.1,25.9,273,0.0,0.0,0.0,0.0,0.0,0.23,27.77,91,0,0.0,,,27.77,331,6.3,1,308.0,308.0
2024-03-26 02:55:00-05:00,2024-03-26 02:55:00,20.3,8.9,13.6,25.9,8,0.0,0.0,0.0,0.0,0.0,0.23,27.77,91,0,0.0,,,27.77,355,6.9,1,308.0,308.0
2024-03-26 03:00:00-05:00,2024-03-26 03:00:00,20.1,4.0,21.3,25.9,330,0.0,0.0,0.0,0.0,0.0,0.23,27.77,91,0,0.0,,,27.77,0,7.8,1,308.0,308.0
2024-03-26 03:05:00-05:00,2024-03-26 03:05:00,20.1,5.8,18.1,25.9,302,0.0,0.0,0.0,0.0,0.0,0.23,27.77,91,0,0.0,,,27.77,8,6.9,1,308.0,308.0
2024-03-26 03:10:00-05:00,2024-03-26 03:10:00,20.1,3.4,15.4,25.9,335,0.0,0.0,0.0,0.0,0.0,0.23,27.77,91,0,0.0,,,27.77,346,6.5,1,308.0,308.0
2024-03-26 03:15:00-05:00,2024-03-26 03:15:00,19.9,11.0,22.4,25.9,22,0.0,0.0,0.0,0.0,0.0,0.23,27.77,91,0,0.0,,,27.77,349,6.5,1,308.0,308.0
2024-03-26 03:20:00-05:00,2024-03-26 03:20:00,19.8,2.7,15.4,25.9,293,0.0,0.0,0.0,0.0,0.0,0.23,27.77,92,0,0.0,,,27.77,351,6.5,1,308.0,308.0
2024-03-26 03:25:00-05:00,2024-03-26 03:25:00,19.8,3.4,20.8,25.9,315,0.0,0.0,0.0,0.0,0.0,0.23,27.77,92,0,0.0,,,27.77,322,7.6,1,308.0,308.0
2024-03-26 03:31:00-05:00,2024-03-26 03:31:00,19.6,2.5,20.6,25.9,303,0.0,0.0,0.0,0.0,0.0,0.23,27.77,92,0,0.0,,,27.77,338,8.5,1,308.0,308.0
2024-03-26 03:36:00-05:00,2024-03-26 03:36:00,19.6,8.7,13.2,25.9,328,0.0,0.0,0.0,0.0,0.0,0.23,27.77,92,0,0.0,,,27.77,301,6.3,1,308.0,308.0
2024-03-26 03:40:00-05:00,2024-03-26 03:40:00,19.8,5.8,8.5,25.9,331,0.0,0.0,0.0,0.0,0.0,0.23,27.77,92,0,0.0,,,27.77,298,5.6,1,308.0,308.0
2024-03-26 03:45:00-05:00,2024-03-26 03:45:00,19.6,10.5,12.3,25.9,308,0.0,0.0,0.0,0.0,0.0,0.23,27.77,92,0,0.0,,,27.77,347,5.8,1,308.0,308.0
2024-03-26 03:50:00-05:00,2024-03-26 03:50:00,19.6,5.8,10.1,25.9,324,0.0,0.0,0.0,0.0,0.0,0.23,27.77,92,0,0.0,,,27.77,338,5.8,1,308.0,308.0
2024-03-26 03:55:00-05:00,2024-03-26 03:55:00,19.6,6.3,15.9,25.9,257,0.0,0.0,0.0,0.0,0.0,0.23,27.77,92,0,0.0,,,27.77,335,6.3,1,308.0,308.0
2024-03-26 04:00:00-05:00,2024-03-26 04:00:00,19.6,6.5,16.1,25.9,324,0.0,0.0,0.0,0.0,0.0,0.23,27.76,92,0,0.0,,,27.76,310,6.3,1,308.0,308.0
2024-03-26 04:05:00-05:00,2024-03-26 04:05:00,19.6,4.5,17.7,25.9,270,0.0,0.0,0.0,0.0,0.0,0.23,27.76,92,0,0.0,,,27.76,317,6.7,1,308.0,308.0
2024-03-26 04:10:00-05:00,2024-03-26 04:10:00,19.6,4.9,17.9,25.9,304,0.0,0.0,0.0,0.0,0.0,0.23,27.76,91,0,0.0,,,27.76,334,6.5,1,308.0,308.0
2024-03-26 04:15:00-05:00,2024-03-26 04:15:00,19.6,2.7,12.8,25.9,334,0.0,0.0,0.0,0.0,0.0,0.23,27.76,91,0,0.0,,,27.76,334,4.7,1,308.0,308.0
2024-03-26 04:20:00-05:00,2024-03-26 04:20:00,19.4,10.3,23.7,25.9,14,0.0,0.0,0.0,0.0,0.0,0.23,27.76,91,0,0.0,,,27.76,335,4.9,1,308.0,308.0
2024-03-26 04:25:00-05:00,2024-03-26 04:25:00,19.4,5.8,15.0,25.9,323,0.0,0.0,0.0,0.0,0.0,0.23,27.76,91,0,0.0,,,27.76,328,5.6,1,308.0,308.0
2024-03-26 04:30:00-05:00,2024-03-26 04:30:00,19.4,2.5,10.5,25.9,6,0.0,0.0,0.0,0.0,0.0,0.23,27.76,90,0,0.0,,,27.76,327,6.0,1,308.0,308.0
2024-03-26 04:35:00-05:00,2024-03-26 04:35:00,19.4,5.8,14.5,25.9,335,0.0,0.0,0.0,0.0,0.0,0.23,27.74,90,0,0.0,,,27.74,13,6.5,1,308.0,308.0
2024-03-26 04:40:00-05:00,2024-03-26 04:40:00,19.4,7.8,17.7,25.9,293,0.0,0.0,0.0,0.0,0.0,0.23,27.76,90,0,0.0,,,27.76,336,7.2,1,308.0,308.0
2024-03-26 04:45:00-05:00,2024-03-26 04:45:00,19.4,2.5,10.7,25.9,12,0.0,0.0,0.0,0.0,0.0,0.23,27.76,90,0,0.0,,,27.76,5,5.4,1,308.0,308.0
2024-03-26 04:50:00-05:00,2024-03-26 04:50:00,19.2,4.3,13.0,25.9,359,0.0,0.0,0.0,0.0,0.0,0.23,27.76,90,0,0.0,,,27.76,327,5.4,1,308.0,308.0
2024-03-26 04:55:00-05:00,2024-03-26 04:55:00,19.2,8.3,11.9,25.9,356,0.0,0.0,0.0,0.0,0.0,0.23,27.76,89,0,0.0,,,27.76,331,5.4,1,308.0,308.0
2024-03-26 05:01:00-05:00,2024-03-26 05:01:00,19.2,6.0,12.1,25.9,284,0.0,0.0,0.0,0.0,0.0,0.23,27.77,89,0,0.0,,,27.77,331,4.5,1,308.0,308.0
2024-03-26 05:05:00-05:00,2024-03-26 05:05:00,19.0,3.6,11.6,25.9,323,0.0,0.0,0.0,0.0,0.0,0.23,27.77,89,0,0.0,,,27.77,322,4.9,1,308.0,308.0
2024-03-26 05:10:00-05:00,2024-03-26 05:10:00,18.9,3.4,14.3,25.9,315,0.0,0.0,0.0,0.0,0.0,0.23,27.77,89,0,0.0,,,27.77,325,7.8,1,308.0,308.0
2024-03-26 05:15:00-05:00,2024-03-26 05:15:00,18.9,9.2,15.4,25.9,354,0.0,0.0,0.0,0.0,0.0,0.23,27.77,89,0,0.0,,,27.77,359,7.8,1,308.0,308.0
2024-03-26 05:20:00-05:00,2024-03-26 05:20:00,18.9,5.8,18.8,25.9,337,0.0,0.0,0.0,0.0,0.0,0.23,27.77,89,0,0.0,,,27.77,327,6.0,1,308.0,308.0
2024-03-26 05:25:00-05:00,2024-03-26 05:25:00,18.9,15.4,17.9,25.9,15,0.0,0.0,0.0,0.0,0.0,0.23,27.76,88,0,0.0,,,27.76,318,6.3,1,308.0,308.0
2024-03-26 05:30:00-05:00,2024-03-26 05:30:00,18.9,7.6,13.6,25.9,315,0.0,0.0,0.0,0.0,0.0,0.23,27.76,88,0,0.0,,,27.76,325,6.5,1,308.0,308.0
2024-03-26 05:35:00-05:00,2024-03-26 05:35:00,18.7,10.5,21.0,25.9,0,0.0,0.0,0.0,0.0,0.0,0.23,27.77,88,0,0.0,,,27.77,322,6.7,1,308.0,308.0
2024-03-26 05:40:00-05:00,2024-03-26 05:40:00,18.7,6.5,17.4,25.9,335,0.0,0.0,0.0,0.0,0.0,0.23,27.77,88,0,0.0,,,27.77,295,6.0,1,308.0,308.0
2024-03-26 05:45:00-05:00,2024-03-26 05:45:00,18.5,1.3,19.0,25.9,29,0.0,0.0,0.0,0.0,0.0,0.23,27.77,88,0,0.0,,,27.77,332,8.1,1,308.0,308.0
2024-03-26 05:50:00-05:00,2024-03-26 05:50:00,18.5,16.3,16.3,25.9,311,0.0,0.0,0.0,0.0,0.0,0.23,27.77,88,0,0.0,,,27.77,331,8.1,1,308.0,308.0
2024-03-26 05:55:00-05:00,2024-03-26 05:55:00,18.5,2.2,11.0,25.9,288,0.0,0.0,0.0,0.0,0.0,0.23,27.77,88,0,0.0,,,27.77,329,6.0,1,308.0,308.0
2024-03-26 06:00:00-05:00,2024-03-26 06:00:00,18.5,5.8,11.0,25.9,293,0.0,0.0,0.0,0.0,0.0,0.23,27.77,88,0,0.0,,,27.77,299,5.4,1,308.0,308.0
2024-03-26 06:05:00-05:00,2024-03-26 06:05:00,18.3,4.0,14.1,25.9,319,0.0,0.0,0.0,0.0,0.0,0.23,27.77,88,0,0.0,,,27.77,332,5.8,1,308.0,308.0
2024-03-26 06:10:00-05:00,2024-03-26 06:10:00,18.3,4.5,16.8,25.9,25,0.0,0.0,0.0,0.0,0.0,0.23,27.77,88,0,0.0,,,27.77,320,6.0,1,308.0,308.0
2024-03-26 06:15:00-05:00,2024-03-26 06:15:00,18.1,4.5,10.7,27.5,335,0.0,0.0,0.0,0.0,0.0,0.23,27.77,88,0,0.0,,,27.77,320,8.5,1,308.0,308.0
2024-03-26 06:20:00-05:00,2024-03-26 06:20:00,18.3,4.5,11.9,27.5,278,0.0,0.0,0.0,0.0,0.0,0.23,27.77,88,0,0.0,,,27.77,9,6.9,1,308.0,308.0
2024-03-26 06:25:00-05:00,2024-03-26 06:25:00,18.0,10.7,17.9,27.5,306,0.0,0.0,0.0,0.0,0.0,0.23,27.77,87,0,0.0,,,27.77,308,5.6,1,308.0,308.0
2024-03-26 06:30:00-05:00,2024-03-26 06:30:00,18.0,6.7,17.0,27.5,330,0.0,0.0,0.0,0.0,0.0,0.23,27.77,87,0,0.0,,,27.77,328,6.7,1,308.0,308.0
2024-03-26 06:35:00-05:00,2024-03-26 06:35:00,18.0,5.4,11.0,27.5,306,0.0,0.0,0.0,0.0,0.0,0.23,27.77,87,0,0.0,,,27.77,328,6.7,1,308.0,308.0
2024-03-26 06:40:00-05:00,2024-03-26 06:40:00,18.0,6.3,19.0,27.5,303,0.0,0.0,0.0,0.0,0.0,0.23,27.77,87,0,0.0,,,27.77,313,6.3,1,308.0,308.0
2024-03-26 06:45:00-05:00,2024-03-26 06:45:00,18.0,11.2,12.1,27.5,335,0.0,0.0,0.0,0.0,0.0,0.23,27.77,87,0,0.0,,,27.77,340,7.6,1,308.0,308.0
2024-03-26 06:50:00-05:00,2024-03-26 06:50:00,17.8,2.5,18.6,27.5,37,0.0,0.0,0.0,0.0,0.0,0.23,27.77,87,0,0.0,,,27.77,337,6.7,1,308.0,308.0
2024-03-26 06:55:00-05:00,2024-03-26 06:55:00,17.8,10.1,11.9,27.5,329,0.0,0.0,0.0,0.0,0.0,0.23,27.77,87,0,0.0,,,27.77,277,5.4,1,308.0,308.0
2024-03-26 07:00:00-05:00,2024-03-26 07:00:00,17.8,1.8,10.5,27.5,295,0.0,0.0,0.0,0.0,0.0,0.23,27.77,87,0,0.0,,,27.77,277,4.5,1,308.0,308.0
2024-03-26 07:05:00-05:00,2024-03-26 07:05:00,17.8,5.6,12.3,27.5,332,0.0,0.0,0.0,0.0,0.0,0.23,27.78,87,0,0.0,,,27.78,290,4.3,1,308.0,308.0
2024-03-26 07:10:00-05:00,2024-03-26 07:10:00,17.8,6.9,17.0,27.5,330,0.0,0.0,0.0,0.0,0.0,0.23,27.78,87,0,0.0,,,27.78,315,5.8,1,308.0,308.0
2024-03-26 07:15:00-05:00,2024-03-26 07:15:00,17.8,8.1,15.7,27.5,312,0.0,0.0,0.0,0.0,0.0,0.23,27.78,87,0,0.0,,,27.78,326,5.8,1,308.0,308.0
2024-03-26 07:20:00-05:00,2024-03-26 07:20:00,17.8,6.7,11.9,27.5,358,0.0,0.0,0.0,0.0,0.0,0.23,27.78,87,0,0.0,,,27.78,298,4.9,1,308.0,308.0
2024-03-26 07:25:00-05:00,2024-03-26 07:25:00,17.8,10.1,21.7,27.5,315,0.0,0.0,0.0,0.0,0.0,0.23,27.79,87,0,1.2,,,27.79,327,5.8,1,308.0,308.0
2024-03-26 07:30:00-05:00,2024-03-26 07:30:00,17.8,5.8,11.2,27.5,259,0.0,0.0,0.0,0.0,0.0,0.23,27.79,86,0,2.5,,,27.79,306,6.7,1,308.0,308.0
2024-03-26 07:35:00-05:00,2024-03-26 07:35:00,17.8,13.6,16.6,27.5,343,0.0,0.0,0.0,0.0,0.0,0.23,27.79,86,0,4.9,,,27.79,311,7.6,1,308.0,308.0
2024-03-26 07:40:00-05:00,2024-03-26 07:40:00,17.8,9.4,21.3,27.5,338,0.0,0.0,0.0,0.0,0.0,0.23,27.79,86,0,7.3,,,27.79,330,6.5,1,308.0,308.0
2024-03-26 07:45:00-05:00,2024-03-26 07:45:00,18.0,15.2,15.2,27.5,9,0.0,0.0,0.0,0.0,0.0,0.23,27.79,86,0,8.5,,,27.79,316,6.3,1,308.0,308.0
2024-03-26 07:50:00-05:00,2024-03-26 07:50:00,17.8,18.1,23.5,27.5,307,0.0,0.0,0.0,0.0,0.0,0.23,27.79,85,0,9.8,,,27.79,316,7.6,1,308.0,308.0
2024-03-26 07:55:00-05:00,2024-03-26 07:55:00,17.8,7.6,18.6,27.5,321,0.0,0.0,0.0,0.0,0.0,0.23,27.79,85,0,11.0,,,27.79,328,9.2,1,308.0,308.0
2024-03-26 08:00:00-05:00,2024-03-26 08:00:00,17.8,2.7,17.9,27.5,304,0.0,0.0,0.0,0.0,0.0,0.23,27.79,86,0,12.2,,,27.79,352,7.2,1,308.0,308.0
2024-03-26 08:05:00-05:00,2024-03-26 08:05:00,17.8,6.3,15.2,27.5,343,0.0,0.0,0.0,0.0,0.0,0.23,27.8,85,0,17.1,,,27.8,2,5.1,1,308.0,308.0
2024-03-26 08:10:00-05:00,2024-03-26 08:10:00,17.8,10.3,18.1,27.5,286,0.0,0.0,0.0,0.0,0.0,0.23,27.8,85,0,23.2,,,27.8,10,5.1,1,308.0,308.0
2024-03-26 08:15:00-05:00,2024-03-26 08:15:00,17.8,7.6,17.9,27.5,265,0.0,0.0,0.0,0.0,0.0,0.23,27.81,85,0,31.8,,,27.81,291,6.9,1,308.0,308.0
2024-03-26 08:21:00-05:00,2024-03-26 08:21:00,17.8,6.7,16.1,27.5,348,0.0,0.0,0.0,0.0,0.0,0.23,27.8,85,0,37.9,,,27.8,322,6.5,1,308.0,308.0
2024-03-26 08:25:00-05:00,2024-03-26 08:25:00,17.8,6.5,21.5,27.5,330,0.0,0.0,0.0,0.0,0.0,0.23,27.8,85,0,44.0,,,27.8,324,6.0,1,308.0,308.0
2024-03-26 08:30:00-05:00,2024-03-26 08:30:00,18.0,5.1,12.5,27.5,323,0.0,0.0,0.0,0.0,0.0,0.23,27.81,85,0,56.3,,,27.81,329,6.0,1,308.0,308.0
2024-03-26 08:35:00-05:00,2024-03-26 08:35:00,18.0,7.6,13.2,27.5,340,0.0,0.0,0.0,0.0,0.0,0.23,27.81,85,0,63.6,,,27.81,315,7.6,1,308.0,308.0
2024-03-26 08:40:00-05:00,2024-03-26 08:40:00,18.0,7.8,14.1,27.5,315,0.0,0.0,0.0,0.0,0.0,0.23,27.82,84,0,71.0,,,27.82,310,8.7,1,308.0,308.0
2024-03-26 08:45:00-05:00,2024-03-26 08:45:00,18.0,6.7,15.0,27.5,13,0.0,0.0,0.0,0.0,0.0,0.23,27.81,84,0,79.5,,,27.81,310,7.8,1,308.0,308.0
2024-03-26 08:50:00-05:00,2024-03-26 08:50:00,18.1,3.6,7.8,27.5,284,0.0,0.0,0.0,0.0,0.0,0.23,27.81,84,0,81.9,,,27.81,305,7.4,1,308.0,308.0
2024-03-26 08:55:00-05:00,2024-03-26 08:55:00,18.1,3.1,15.4,27.5,348,0.0,0.0,0.0,0.0,0.0,0.23,27.82,84,0,89.3,,,27.82,288,5.6,1,308.0,308.0
2024-03-26 09:00:00-05:00,2024-03-26 09:00:00,18.3,7.8,14.1,27.5,339,0.0,0.0,0.0,0.0,0.0,0.23,27.81,84,0,95.4,,,27.81,341,5.6,1,308.0,308.0
2024-03-26 09:05:00-05:00,2024-03-26 09:05:00,18.3,8.7,12.3,27.5,320,0.0,0.0,0.0,0.0,0.0,0.23,27.81,84,1,107.7,,,27.81,339,6.0,1,308.0,308.0
2024-03-26 09:10:00-05:00,2024-03-26 09:10:00,18.3,2.9,19.5,27.5,324,0.0,0.0,0.0,0.0,0.0,0.23,27.82,84,1,112.5,,,27.82,340,6.7,1,308.0,308.0
2024-03-26 09:15:00-05:00,2024-03-26 09:15:00,18.7,2.0,12.8,27.5,236,0.0,0.0,0.0,0.0,0.0,0.23,27.82,85,1,121.1,,,27.82,311,5.8,1,308.0,308.0
2024-03-26 09:20:00-05:00,2024-03-26 09:20:00,18.9,11.2,21.9,27.5,15,0.0,0.0,0.0,0.0,0.0,0.23,27.82,85,1,127.2,,,27.82,337,4.9,1,308.0,308.0
2024-03-26 09:25:00-05:00,2024-03-26 09:25:00,18.3,13.6,26.4,27.5,5,0.0,0.0,0.0,0.0,0.0,0.23,27.82,83,1,150.4,,,27.82,341,6.9,1,308.0,308.0
2024-03-26 09:30:00-05:00,2024-03-26 09:30:00,18.3,15.2,16.8,27.5,329,0.0,0.0,0.0,0.0,0.0,0.23,27.82,82,1,152.9,,,27.82,305,9.2,1,308.0,308.0
2024-03-26 09:35:00-05:00,2024-03-26 09:35:00,18.3,7.2,13.9,27.5,330,0.0,0.0,0.0,0.0,0.0,0.23,27.81,83,1,151.7,,,27.81,82,8.1,1,308.0,308.0
2024-03-26 09:40:00-05:00,2024-03-26 09:40:00,18.1,8.7,14.5,27.5,4,0.0,0.0,0.0,0.0,0.0,0.23,27.82,83,1,167.6,,,27.82,346,6.9,1,308.0,308.0
2024-03-26 09:45:00-05:00,2024-03-26 09:45:00,18.5,6.7,18.8,27.5,270,0.0,0.0,0.0,0.0,0.0,0.23,27.82,82,1,166.4,,,27.82,327,7.2,1,308.0,308.0
2024-03-26 09:51:00-05:00,2024-03-26 09:51:00,18.7,5.6,12.3,27.5,295,0.0,0.0,0.0,0.0,0.0,0.23,27.82,82,1,170.0,,,27.82,318,7.4,1,308.0,308.0
2024-03-26 09:55:00-05:00,2024-03-26 09:55:00,19.0,8.3,21.3,27.5,347,0.0,0.0,0.0,0.0,0.0,0.23,27.82,81,2,248.3,,,27.82,331,7.4,1,308.0,308.0
2024-03-26 10:00:00-05:00,2024-03-26 10:00:00,19.2,8.7,17.9,27.5,323,0.0,0.0,0.0,0.0,0.0,0.23,27.83,81,2,234.9,,,27.83,322,9.8,1,308.0,308.0
2024-03-26 10:05:00-05:00,2024-03-26 10:05:00,19.8,10.1,18.1,27.5,328,0.0,0.0,0.0,0.0,0.0,0.23,27.83,81,2,255.6,,,27.83,338,9.8,1,308.0,308.0
2024-03-26 10:10:00-05:00,2024-03-26 10:10:00,19.6,5.6,17.9,27.5,312,0.0,0.0,0.0,0.0,0.0,0.23,27.84,81,2,242.2,,,27.84,332,6.7,1,308.0,308.0
2024-03-26 10:15:00-05:00,2024-03-26 10:15:00,20.3,6.7,10.1,27.5,321,0.0,0.0,0.0,0.0,0.0,0.23,27.83,81,2,276.5,,,27.83,323,6.0,1,308.0,308.0
2024-03-26 10:20:00-05:00,2024-03-26 10:20:00,20.1,9.8,21.9,27.5,297,0.0,0.0,0.0,0.0,0.0,0.23,27.83,81,2,280.1,,,27.83,323,5.8,1,308.0,308.0
2024-03-26 10:25:00-05:00,2024-03-26 10:25:00,19.6,7.8,27.1,28.0,3,0.0,0.0,0.0,0.0,0.0,0.23,27.83,80,2,292.3,,,27.83,340,7.4,1,308.0,308.0
2024-03-26 10:30:00-05:00,2024-03-26 10:30:00,19.9,9.6,18.1,28.0,333,0.0,0.0,0.0,0.0,0.0,0.23,27.84,80,3,326.6,,,27.84,328,9.6,1,308.0,308.0
2024-03-26 10:35:00-05:00,2024-03-26 10:35:00,20.3,8.5,14.3,28.0,333,0.0,0.0,0.0,0.0,0.0,0.23,27.84,80,3,338.8,,,27.84,355,7.6,1,308.0,308.0
2024-03-26 10:40:00-05:00,2024-03-26 10:40:00,20.5,7.8,18.3,28.0,344,0.0,0.0,0.0,0.0,0.0,0.23,27.84,81,2,287.4,,,27.84,333,7.6,1,308.0,308.0
2024-03-26 10:45:00-05:00,2024-03-26 10:45:00,21.0,7.6,9.2,28.0,299,0.0,0.0,0.0,0.0,0.0,0.23,27.84,81,3,373.1,,,27.84,345,8.1,1,308.0,308.0
2024-03-26 10:50:00-05:00,2024-03-26 10:50:00,20.3,7.2,28.0,28.0,321,0.0,0.0,0.0,0.0,0.0,0.23,27.84,80,5,513.8,,,27.84,337,7.2,1,308.0,308.0
2024-03-26 10:55:00-05:00,2024-03-26 10:55:00,20.8,7.2,19.0,28.0,313,0.0,0.0,0.0,0.0,0.0,0.23,27.84,79,3,403.7,,,27.84,353,7.2,1,308.0,308.0
2024-03-26 11:00:00-05:00,2024-03-26 11:00:00,21.2,4.9,14.8,28.0,303,0.0,0.0,0.0,0.0,0.0,0.23,27.84,80,3,352.3,,,27.84,353,8.1,1,308.0,308.0
2024-03-26 11:05:00-05:00,2024-03-26 11:05:00,20.8,7.4,16.8,28.0,27,0.0,0.0,0.0,0.0,0.0,0.23,27.85,81,3,337.6,,,27.85,347,8.1,1,308.0,308.0
2024-03-26 11:10:00-05:00,2024-03-26 11:10:00,20.5,4.7,23.3,28.0,0,0.0,0.0,0.0,0.0,0.0,0.23,27.85,77,3,385.3,,,27.85,316,9.2,1,308.0,308.0
2024-03-26 11:15:00-05:00,2024-03-26 11:15:00,20.7,8.7,18.3,28.0,311,0.0,0.0,0.0,0.0,0.0,0.23,27.86,80,3,343.7,,,27.86,308,9.8,1,308.0,308.0
2024-03-26 11:20:00-05:00,2024-03-26 11:20:00,20.7,14.1,15.0,28.0,300,0.0,0.0,0.0,0.0,0.0,0.23,27.85,81,3,342.5,,,27.85,337,8.7,1,308.0,308.0
2024-03-26 11:25:00-05:00,2024-03-26 11:25:00,20.5,14.1,18.6,28.0,339,0.0,0.0,0.0,0.0,0.0,0.23,27.85,80,3,359.7,,,27.85,337,8.7,1,308.0,308.0
2024-03-26 11:30:00-05:00,2024-03-26 11:30:00,20.5,5.4,15.2,28.0,33,0.0,0.0,0.0,0.0,0.0,0.23,27.85,80,3,348.6,,,27.85,308,7.4,1,308.0,308.0
2024-03-26 11:35:00-05:00,2024-03-26 11:35:00,21.0,7.2,17.7,28.0,322,0.0,0.0,0.0,0.0,0.0,0.23,27.85,81,3,400.0,,,27.85,338,6.0,1,308.0,308.0
2024-03-26 11:40:00-05:00,2024-03-26 11:40:00,21.0,4.9,20.4,28.0,326,0.0,0.0,0.0,0.0,0.0,0.23,27.85,80,3,390.2,,,27.85,339,6.7,1,308.0,308.0
2024-03-26 11:45:00-05:00,2024-03-26 11:45:00,21.0,9.2,14.3,28.0,338,0.0,0.0,0.0,0.0,0.0,0.23,27.85,82,3,349.9,,,27.85,334,6.0,1,308.0,308.0
2024-03-26 11:50:00-05:00,2024-03-26 11:50:00,20.5,13.6,24.8,28.0,332,0.0,0.0,0.0,0.0,0.0,0.23,27.85,80,6,615.3,,,27.85,10,6.3,1,308.0,308.0
2024-03-26 11:55:00-05:00,2024-03-26 11:55:00,21.2,12.3,19.7,28.0,292,0.0,0.0,0.0,0.0,0.0,0.23,27.85,80,3,376.8,,,27.85,336,7.8,1,308.0,308.0
2024-03-26 12:00:00-05:00,2024-03-26 12:00:00,21.9,11.6,22.6,28.0,340,0.0,0.0,0.0,0.0,0.0,0.23,27.85,78,5,519.9,,,27.85,313,6.0,1,308.0,308.0
2024-03-26 12:05:00-05:00,2024-03-26 12:05:00,21.4,12.8,24.6,28.0,337,0.0,0.0,0.0,0.0,0.0,0.23,27.85,79,3,391.5,,,27.85,315,8.5,1,308.0,308.0
2024-03-26 12:10:00-05:00,2024-03-26 12:10:00,21.9,5.4,20.1,28.0,12,0.0,0.0,0.0,0.0,0.0,0.23,27.85,78,3,397.6,,,27.85,312,11.0,1,308.0,308.0
2024-03-26 12:15:00-05:00,2024-03-26 12:15:00,22.3,4.3,21.9,28.0,305,0.0,0.0,0.0,0.0,0.0,0.23,27.86,79,3,392.7,,,27.86,342,8.5,1,308.0,308.0
2024-03-26 12:20:00-05:00,2024-03-26 12:20:00,21.6,14.1,23.3,28.0,20,0.0,0.0,0.0,0.0,0.0,0.23,27.86,78,4,444.0,,,27.86,316,8.3,1,308.0,308.0
2024-03-26 12:25:00-05:00,2024-03-26 12:25:00,21.9,2.0,18.3,28.0,26,0.0,0.0,0.0,0.0,0.0,0.23,27.86,78,4,444.0,,,27.86,336,8.9,1,308.0,308.0
2024-03-26 12:30:00-05:00,2024-03-26 12:30:00,22.1,17.0,17.0,28.0,313,0.0,0.0,0.0,0.0,0.0,0.23,27.86,78,3,401.3,,,27.86,337,10.1,1,308.0,308.0
2024-03-26 12:35:00-05:00,2024-03-26 12:35:00,22.3,3.4,18.8,28.0,332,0.0,0.0,0.0,0.0,0.0,0.23,27.86,78,3,392.7,,,27.86,337,7.6,1,308.0,308.0
2024-03-26 12:40:00-05:00,2024-03-26 12:40:00,22.1,5.4,14.5,28.0,20,0.0,0.0,0.0,0.0,0.0,0.23,27.86,78,4,409.8,,,27.86,328,7.6,1,308.0,308.0
2024-03-26 12:45:00-05:00,2024-03-26 12:45:00,21.6,7.6,25.1,28.0,323,0.0,0.0,0.0,0.0,0.0,0.23,27.86,78,4,414.7,,,27.86,328,8.7,1,308.0,308.0
2024-03-26 12:50:00-05:00,2024-03-26 12:50:00,21.9,10.7,19.7,28.0,290,0.0,0.0,0.0,0.0,0.0,0.23,27.86,77,3,398.8,,,27.86,315,6.9,1,308.0,308.0
2024-03-26 12:55:00-05:00,2024-03-26 12:55:00,22.1,5.8,18.6,28.0,293,0.0,0.0,0.0,0.0,0.0,0.23,27.86,79,3,391.5,,,27.86,308,6.3,1,308.0,308.0
2024-03-26 13:00:00-05:00,2024-03-26 13:00:00,22.5,8.3,26.6,28.0,303,0.0,0.0,0.0,0.0,0.0,0.23,27.86,77,4,418.4,,,27.86,337,7.4,1,308.0,308.0
2024-03-26 13:05:00-05:00,2024-03-26 13:05:00,21.9,7.4,17.2,28.0,347,0.0,0.0,0.0,0.0,0.0,0.23,27.86,78,4,418.4,,,27.86,337,6.3,1,308.0,308.0
2024-03-26 13:10:00-05:00,2024-03-26 13:10:00,21.6,10.1,25.9,28.0,323,0.0,0.0,0.0,0.0,0.0,0.23,27.86,78,3,367.0,,,27.86,291,6.9,1,308.0,308.0
2024-03-26 13:15:00-05:00,2024-03-26 13:15:00,21.9,14.8,15.4,28.0,337,0.0,0.0,0.0,0.0,0.0,0.23,27.87,78,3,389.0,,,27.87,293,8.3,1,308.0,308.0
2024-03-26 13:20:00-05:00,2024-03-26 13:20:00,22.1,4.0,11.9,28.0,311,0.0,0.0,0.0,0.0,0.0,0.23,27.87,78,3,379.2,,,27.87,309,7.4,1,308.0,308.0
2024-03-26 13:25:00-05:00,2024-03-26 13:25:00,22.3,8.3,10.1,28.0,315,0.0,0.0,0.0,0.0,0.0,0.23,27.87,78,3,354.8,,,27.87,309,5.6,1,308.0,308.0
2024-03-26 13:30:00-05:00,2024-03-26 13:30:00,21.9,6.3,15.0,28.0,297,0.0,0.0,0.0,0.0,0.0,0.23,27.87,78,3,362.1,,,27.87,303,4.7,1,308.0,308.0
2024-03-26 13:35:00-05:00,2024-03-26 13:35:00,21.6,6.3,15.4,28.0,308,0.0,0.0,0.0,0.0,0.0,0.23,27.87,79,3,343.7,,,27.87,308,5.6,1,308.0,308.0
2024-03-26 13:40:00-05:00,2024-03-26 13:40:00,20.8,7.6,24.8,28.0,311,0.0,0.0,0.0,0.0,0.0,0.23,27.88,79,3,340.1,,,27.88,300,7.2,1,308.0,308.0
2024-03-26 13:45:00-05:00,2024-03-26 13:45:00,21.4,4.3,19.5,28.0,268,0.0,0.0,0.0,0.0,0.0,0.23,27.88,78,3,323.0,,,27.88,324,7.6,1,308.0,308.0
2024-03-26 13:50:00-05:00,2024-03-26 13:50:00,21.7,7.4,13.2,28.0,286,0.0,0.0,0.0,0.0,0.0,0.23,27.89,80,3,319.3,,,27.89,348,6.0,1,308.0,308.0
2024-03-26 13:55:00-05:00,2024-03-26 13:55:00,21.6,4.0,14.1,28.0,302,0.0,0.0,0.0,0.0,0.0,0.23,27.88,78,3,345.0,,,27.88,308,6.0,1,308.0,308.0
2024-03-26 14:00:00-05:00,2024-03-26 14:00:00,21.2,3.8,19.2,28.0,350,0.0,0.0,0.0,0.0,0.0,0.23,27.88,79,3,363.3,,,27.88,326,6.5,1,308.0,308.0
2024-03-26 14:05:00-05:00,2024-03-26 14:05:00,21.2,4.7,16.6,28.0,336,0.0,0.0,0.0,0.0,0.0,0.23,27.89,81,3,311.9,,,27.89,328,6.5,1,308.0,308.0
2024-03-26 14:10:00-05:00,2024-03-26 14:10:00,21.7,8.3,14.8,28.0,313,0.0,0.0,0.0,0.0,0.0,0.23,27.88,80,3,320.5,,,27.88,336,5.6,1,308.0,308.0
2024-03-26 14:15:00-05:00,2024-03-26 14:15:00,21.2,4.5,18.3,28.0,299,0.0,0.0,0.0,0.0,0.0,0.23,27.88,79,3,364.6,,,27.88,313,5.1,1,308.0,308.0
2024-03-26 14:20:00-05:00,2024-03-26 14:20:00,21.4,8.7,26.4,28.0,293,0.0,0.0,0.0,0.0,0.0,0.23,27.89,78,3,365.8,,,27.89,336,6.3,1,308.0,308.0
2024-03-26 14:25:00-05:00,2024-03-26 14:25:00,22.3,7.2,8.3,28.0,17,0.0,0.0,0.0,0.0,0.0,0.23,27.89,78,3,374.4,,,27.89,287,5.8,1,308.0,308.0
2024-03-26 14:30:00-05:00,2024-03-26 14:30:00,21.4,8.7,21.3,28.0,298,0.0,0.0,0.0,0.0,0.0,0.23,27.89,77,3,401.3,,,27.89,354,5.1,1,308.0,308.0
2024-03-26 14:35:00-05:00,2024-03-26 14:35:00,21.4,6.3,24.4,28.0,270,0.0,0.0,0.0,0.0,0.0,0.23,27.89,76,4,442.9,,,27.89,354,6.0,1,308.0,308.0
2024-03-26 14:40:00-05:00,2024-03-26 14:40:00,21.2,5.4,15.9,28.0,335,0.0,0.0,0.0,0.0,0.0,0.23,27.89,78,3,387.8,,,27.89,316,8.7,1,308.0,308.0
2024-03-26 14:45:00-05:00,2024-03-26 14:45:00,22.1,3.1,13.9,28.0,267,0.0,0.0,0.0,0.0,0.0,0.23,27.9,77,3,319.3,,,27.9,321,7.8,1,308.0,308.0
2024-03-26 14:50:00-05:00,2024-03-26 14:50:00,21.7,6.0,17.9,28.0,359,0.0,0.0,0.0,0.0,0.0,0.23,27.9,78,3,316.8,,,27.9,339,6.5,1,308.0,308.0
2024-03-26 14:55:00-05:00,2024-03-26 14:55:00,20.8,3.1,27.1,28.0,315,0.0,0.0,0.0,0.0,0.0,0.23,27.9,78,3,343.7,,,27.9,299,8.1,1,308.0,308.0
2024-03-26 15:00:00-05:00,2024-03-26 15:00:00,20.7,7.2,20.4,28.0,334,0.0,0.0,0.0,0.0,0.0,0.23,27.9,79,3,343.7,,,27.9,324,8.1,1,308.0,308.0
2024-03-26 15:05:00-05:00,2024-03-26 15:05:00,21.9,4.9,18.6,28.0,258,0.0,0.0,0.0,0.0,0.0,0.23,27.89,77,3,382.9,,,27.89,317,7.2,1,308.0,308.0
2024-03-26 15:10:00-05:00,2024-03-26 15:10:00,21.6,9.8,16.8,28.0,337,0.0,0.0,0.0,0.0,0.0,0.23,27.9,77,3,319.3,,,27.9,272,5.8,1,308.0,308.0
2024-03-26 15:15:00-05:00,2024-03-26 15:15:00,21.6,9.2,23.5,28.0,342,0.0,0.0,0.0,0.0,0.0,0.23,27.9,77,3,359.7,,,27.9,329,7.8,1,308.0,308.0
2024-03-26 15:20:00-05:00,2024-03-26 15:20:00,22.3,9.4,16.8,28.0,285,0.0,0.0,0.0,0.0,0.0,0.23,27.9,77,3,313.2,,,27.9,308,6.7,1,308.0,308.0
2024-03-26 15:25:00-05:00,2024-03-26 15:25:00,21.2,3.8,21.3,28.0,336,0.0,0.0,0.0,0.0,0.0,0.23,27.9,77,3,330.3,,,27.9,340,5.4,1,308.0,308.0
2024-03-26 15:30:00-05:00,2024-03-26 15:30:00,21.0,2.2,21.0,28.0,281,0.0,0.0,0.0,0.0,0.0,0.23,27.9,77,3,320.5,,,27.9,341,6.5,1,308.0,308.0
2024-03-26 15:35:00-05:00,2024-03-26 15:35:00,21.6,8.3,10.3,28.0,333,0.0,0.0,0.0,0.0,0.0,0.23,27.92,77,3,308.3,,,27.92,341,6.7,1,308.0,308.0
2024-03-26 15:40:00-05:00,2024-03-26 15:40:00,20.8,5.8,18.3,28.0,288,0.0,0.0,0.0,0.0,0.0,0.23,27.91,77,2,285.0,,,27.91,329,6.9,1,308.0,308.0
2024-03-26 15:45:00-05:00,2024-03-26 15:45:00,21.2,7.6,17.2,28.0,311,0.0,0.0,0.0,0.0,0.0,0.23,27.91,77,3,315.6,,,27.91,330,6.9,1,308.0,308.0
2024-03-26 15:50:00-05:00,2024-03-26 15:50:00,21.0,6.7,17.0,28.0,325,0.0,0.0,0.0,0.0,0.0,0.23,27.91,77,2,305.8,,,27.91,332,5.8,1,308.0,308.0
2024-03-26 15:55:00-05:00,2024-03-26 15:55:00,21.2,2.2,15.9,28.0,342,0.0,0.0,0.0,0.0,0.0,0.23,27.92,77,3,307.0,,,27.92,332,6.5,1,308.0,308.0
2024-03-26 16:00:00-05:00,2024-03-26 16:00:00,21.4,2.0,15.2,28.0,19,0.0,0.0,0.0,0.0,0.0,0.23,27.92,77,2,296.1,,,27.92,291,5.8,1,308.0,308.0
2024-03-26 16:05:00-05:00,2024-03-26 16:05:00,21.4,8.5,15.4,28.0,274,0.0,0.0,0.0,0.0,0.0,0.23,27.91,77,2,272.8,,,27.91,296,5.6,1,308.0,308.0
2024-03-26 16:10:00-05:00,2024-03-26 16:10:00,21.2,5.4,17.9,28.0,278,0.0,0.0,0.0,0.0,0.0,0.23,27.92,78,2,265.4,,,27.92,324,6.0,1,308.0,308.0
2024-03-26 16:15:00-05:00,2024-03-26 16:15:00,21.4,10.5,18.6,28.0,300,0.0,0.0,0.0,0.0,0.0,0.23,27.92,78,2,232.4,,,27.92,330,5.8,1,308.0,308.0
2024-03-26 16:20:00-05:00,2024-03-26 16:20:00,21.2,5.1,17.9,28.0,341,0.0,0.0,0.0,0.0,0.0,0.23,27.93,78,2,222.7,,,27.93,304,5.8,1,308.0,308.0
2024-03-26 16:25:00-05:00,2024-03-26 16:25:00,21.2,2.7,18.1,28.0,285,0.0,0.0,0.0,0.0,0.0,0.23,27.93,79,2,239.8,,,27.93,348,5.1,1,308.0,308.0
2024-03-26 16:30:00-05:00,2024-03-26 16:30:00,21.0,5.6,18.6,28.0,297,0.0,0.0,0.0,0.0,0.0,0.23,27.93,78,2,220.2,,,27.93,0,5.6,1,308.0,308.0
2024-03-26 16:35:00-05:00,2024-03-26 16:35:00,21.6,4.3,11.2,28.0,324,0.0,0.0,0.0,0.0,0.0,0.23,27.93,79,2,233.6,,,27.93,332,6.3,1,308.0,308.0
2024-03-26 16:40:00-05:00,2024-03-26 16:40:00,21.2,4.3,18.3,28.0,327,0.0,0.0,0.0,0.0,0.0,0.23,27.93,78,2,203.1,,,27.93,338,7.4,1,308.0,308.0
2024-03-26 16:45:00-05:00,2024-03-26 16:45:00,21.0,3.1,14.8,28.0,317,0.0,0.0,0.0,0.0,0.0,0.23,27.94,79,1,190.8,,,27.94,331,7.2,1,308.0,308.0
2024-03-26 16:50:00-05:00,2024-03-26 16:50:00,21.2,6.3,17.9,28.0,355,0.0,0.0,0.0,0.0,0.0,0.23,27.94,80,2,205.5,,,27.94,325,6.7,1,308.0,308.0
2024-03-26 16:55:00-05:00,2024-03-26 16:55:00,21.2,4.3,15.4,28.0,327,0.0,0.0,0.0,0.0,0.0,0.23,27.94,79,1,188.4,,,27.94,285,7.8,1,308.0,308.0
2024-03-26 17:00:00-05:00,2024-03-26 17:00:00,21.4,5.4,12.3,28.0,314,0.0,0.0,0.0,0.0,0.0,0.23,27.95,79,1,190.8,,,27.95,349,6.3,1,308.0,308.0
2024-03-26 17:05:00-05:00,2024-03-26 17:05:00,21.4,17.4,17.4,28.0,234,0.0,0.0,0.0,0.0,0.0,0.23,27.95,79,1,179.8,,,27.95,341,5.4,1,308.0,308.0
2024-03-26 17:10:00-05:00,2024-03-26 17:10:00,21.4,1.6,9.8,28.0,270,0.0,0.0,0.0,0.0,0.0,0.23,27.95,79,1,176.2,,,27.95,335,4.9,1,308.0,308.0
2024-03-26 17:15:00-05:00,2024-03-26 17:15:00,21.2,3.8,8.7,28.0,277,0.0,0.0,0.0,0.0,0.0,0.23,27.95,79,1,156.6,,,27.95,294,4.9,1,308.0,308.0
2024-03-26 17:20:00-05:00,2024-03-26 17:20:00,21.4,2.7,11.6,28.0,14,0.0,0.0,0.0,0.0,0.0,0.23,27.95,80,1,146.8,,,27.95,294,4.9,1,308.0,308.0
2024-03-26 17:25:00-05:00,2024-03-26 17:25:00,20.7,2.2,16.1,28.0,255,0.0,0.0,0.0,0.0,0.0,0.23,27.96,80,1,137.0,,,27.96,265,6.0,1,308.0,308.0
2024-03-26 17:30:00-05:00,2024-03-26 17:30:00,20.7,2.9,13.2,28.0,294,0.0,0.0,0.0,0.0,0.0,0.23,27.95,82,1,137.0,,,27.95,281,4.5,1,308.0,308.0
2024-03-26 17:35:00-05:00,2024-03-26 17:35:00,21.0,7.4,7.8,28.0,335,0.0,0.0,0.0,0.0,0.0,0.23,27.96,81,1,122.3,,,27.96,282,3.8,1,308.0,308.0
2024-03-26 17:40:00-05:00,2024-03-26 17:40:00,20.8,4.0,13.0,28.0,253,0.0,0.0,0.0,0.0,0.0,0.23,27.96,80,1,127.2,,,27.96,35,4.5,1,308.0,308.0
2024-03-26 17:45:00-05:00,2024-03-26 17:45:00,20.8,11.0,13.6,28.0,336,0.0,0.0,0.0,0.0,0.0,0.23,27.96,79,1,124.8,,,27.96,307,5.6,1,308.0,308.0
2024-03-26 17:50:00-05:00,2024-03-26 17:50:00,20.5,9.4,18.3,28.0,328,0.0,0.0,0.0,0.0,0.0,0.23,27.96,80,1,110.1,,,27.96,319,6.3,1,308.0,308.0
2024-03-26 17:55:00-05:00,2024-03-26 17:55:00,20.5,7.6,12.8,28.0,306,0.0,0.0,0.0,0.0,0.0,0.23,27.97,80,1,105.2,,,27.97,325,6.5,1,308.0,308.0
2024-03-26 18:00:00-05:00,2024-03-26 18:00:00,21.0,3.1,8.5,28.0,335,0.0,0.0,0.0,0.0,0.0,0.23,27.97,81,0,91.7,,,27.97,310,4.7,1,308.0,308.0
2024-03-26 18:05:00-05:00,2024-03-26 18:05:00,21.0,9.2,15.9,28.0,287,0.0,0.0,0.0,0.0,0.0,0.23,27.97,81,0,81.9,,,27.97,303,4.7,1,308.0,308.0
2024-03-26 18:10:00-05:00,2024-03-26 18:10:00,20.8,2.9,10.5,28.0,281,0.0,0.0,0.0,0.0,0.0,0.23,27.97,81,0,80.7,,,27.97,298,6.0,1,308.0,308.0
2024-03-26 18:15:00-05:00,2024-03-26 18:15:00,21.0,4.3,11.4,28.0,327,0.0,0.0,0.0,0.0,0.0,0.23,27.97,80,0,73.4,,,27.97,298,5.8,1,308.0,308.0
2024-03-26 18:20:00-05:00,2024-03-26 18:20:00,21.2,13.6,20.6,28.0,326,0.0,0.0,0.0,0.0,0.0,0.23,27.97,80,0,66.1,,,27.97,302,5.8,1,308.0,308.0
2024-03-26 18:25:00-05:00,2024-03-26 18:25:00,21.4,2.2,8.5,28.0,68,0.0,0.0,0.0,0.0,0.0,0.23,27.97,80,0,61.2,,,27.97,324,5.1,1,308.0,308.0
2024-03-26 18:30:00-05:00,2024-03-26 18:30:00,21.0,2.7,13.6,28.0,309,0.0,0.0,0.0,0.0,0.0,0.23,27.98,81,0,55.0,,,27.98,324,5.6,1,308.0,308.0
2024-03-26 18:35:00-05:00,2024-03-26 18:35:00,20.8,9.4,16.1,28.0,316,0.0,0.0,0.0,0.0,0.0,0.23,27.98,81,0,52.6,,,27.98,330,6.3,1,308.0,308.0
2024-03-26 18:40:00-05:00,2024-03-26 18:40:00,21.0,2.5,14.1,28.0,294,0.0,0.0,0.0,0.0,0.0,0.23,27.98,80,0,42.8,,,27.98,276,6.0,1,308.0,308.0
2024-03-26 18:45:00-05:00,2024-03-26 18:45:00,21.0,6.3,14.3,28.0,313,0.0,0.0,0.0,0.0,0.0,0.23,27.98,80,0,37.9,,,27.98,301,5.4,1,308.0,308.0
2024-03-26 18:50:00-05:00,2024-03-26 18:50:00,21.2,7.6,11.9,28.0,290,0.0,0.0,0.0,0.0,0.0,0.23,27.98,80,0,34.3,,,27.98,310,3.8,1,308.0,308.0
2024-03-26 18:55:00-05:00,2024-03-26 18:55:00,21.0,2.9,13.6,28.0,311,0.0,0.0,0.0,0.0,0.0,0.23,27.99,80,0,28.1,,,27.99,331,5.1,1,308.0,308.0
2024-03-26 19:00:00-05:00,2024-03-26 19:00:00,21.0,2.7,15.2,28.0,0,0.0,0.0,0.0,0.0,0.0,0.23,27.99,80,0,20.8,,,27.99,333,5.8,1,308.0,308.0
2024-03-26 19:05:00-05:00,2024-03-26 19:05:00,21.0,4.9,11.2,28.0,286,0.0,0.0,0.0,0.0,0.0,0.23,27.99,81,0,17.1,,,27.99,259,5.4,1,308.0,308.0
2024-03-26 19:10:00-05:00,2024-03-26 19:10:00,20.8,3.8,13.2,28.0,274,0.0,0.0,0.0,0.0,0.0,0.23,27.99,81,0,15.9,,,27.99,307,5.4,1,308.0,308.0
2024-03-26 19:15:00-05:00,2024-03-26 19:15:00,21.2,3.8,9.2,28.0,304,0.0,0.0,0.0,0.0,0.0,0.23,28.0,82,0,12.2,,,28.0,280,4.9,1,308.0,308.0
2024-03-26 19:20:00-05:00,2024-03-26 19:20:00,21.2,4.3,6.9,28.0,307,0.0,0.0,0.0,0.0,0.0,0.23,27.99,82,0,8.5,,,27.99,319,4.0,1,308.0,308.0
2024-03-26 19:25:00-05:00,2024-03-26 19:25:00,20.8,1.1,10.3,28.0,60,0.0,0.0,0.0,0.0,0.0,0.23,28.0,82,0,7.3,,,28.0,314,4.3,1,308.0,308.0
2024-03-26 19:30:00-05:00,2024-03-26 19:30:00,21.2,2.2,6.3,28.0,270,0.0,0.0,0.0,0.0,0.0,0.23,28.0,82,0,3.6,,,28.0,306,2.7,1,308.0,308.0
2024-03-26 19:35:00-05:00,2024-03-26 19:35:00,21.4,3.4,9.8,28.0,270,0.0,0.0,0.0,0.0,0.0,0.23,28.01,82,0,2.5,,,28.01,270,2.5,1,308.0,308.0
2024-03-26 19:40:00-05:00,2024-03-26 19:40:00,20.8,3.8,26.4,28.0,352,0.0,0.0,0.0,0.0,0.0,0.23,28.0,82,0,1.2,,,28.0,270,4.0,1,308.0,308.0
2024-03-26 19:45:00-05:00,2024-03-26 19:45:00,20.7,2.7,15.9,28.0,301,0.0,0.0,0.0,0.0,0.0,0.23,28.0,81,0,0.0,,,28.0,265,5.4,1,308.0,308.0
2024-03-26 19:50:00-05:00,2024-03-26 19:50:00,21.0,1.8,4.9,28.0,326,0.0,0.0,0.0,0.0,0.0,0.23,28.01,81,0,0.0,,,28.01,319,4.7,1,308.0,308.0
2024-03-26 19:55:00-05:00,2024-03-26 19:55:00,21.0,4.9,6.5,28.0,275,0.0,0.0,0.0,0.0,0.0,0.23,28.01,80,0,0.0,,,28.01,277,3.1,1,308.0,308.0
2024-03-26 20:00:00-05:00,2024-03-26 20:00:00,21.0,3.8,7.8,28.0,298,0.0,0.0,0.0,0.0,0.0,0.23,28.01,80,0,0.0,,,28.01,276,3.1,1,308.0,308.0
2024-03-26 20:05:00-05:00,2024-03-26 20:05:00,21.0,6.0,17.4,28.0,344,0.0,0.0,0.0,0.0,0.0,0.23,28.01,80,0,0.0,,,28.01,40,3.4,1,308.0,308.0
2024-03-26 20:10:00-05:00,2024-03-26 20:10:00,21.0,5.8,9.8,28.0,323,0.0,0.0,0.0,0.0,0.0,0.23,28.02,81,0,0.0,,,28.02,321,3.8,1,308.0,308.0
2024-03-26 20:15:00-05:00,2024-03-26 20:15:00,21.0,5.6,11.0,28.0,264,0.0,0.0,0.0,0.0,0.0,0.23,28.01,81,0,0.0,,,28.01,294,3.8,1,308.0,308.0
2024-03-26 20:20:00-05:00,2024-03-26 20:20:00,21.2,6.0,9.6,28.0,330,0.0,0.0,0.0,0.0,0.0,0.23,28.01,81,0,0.0,,,28.01,273,3.1,1,308.0,308.0
2024-03-26 20:25:00-05:00,2024-03-26 20:25:00,21.2,3.4,10.5,28.0,341,0.0,0.0,0.0,0.0,0.0,0.23,28.02,81,0,0.0,,,28.02,282,3.1,1,308.0,308.0
2024-03-26 20:30:00-05:00,2024-03-26 20:30:00,21.0,4.9,11.2,28.0,240,0.0,0.0,0.0,0.0,0.0,0.23,28.02,81,0,0.0,,,28.02,263,3.4,1,308.0,308.0
2024-03-26 20:35:00-05:00,2024-03-26 20:35:00,21.2,2.0,8.7,28.0,341,0.0,0.0,0.0,0.0,0.0,0.23,28.02,81,0,0.0,,,28.02,323,4.9,1,308.0,308.0
2024-03-26 20:40:00-05:00,2024-03-26 20:40:00,21.2,2.9,16.6,28.0,307,0.0,0.0,0.0,0.0,0.0,0.23,28.02,80,0,0.0,,,28.02,279,3.8,1,308.0,308.0
2024-03-26 20:45:00-05:00,2024-03-26 20:45:00,21.2,4.3,10.7,28.0,297,0.0,0.0,0.0,0.0,0.0,0.23,28.02,80,0,0.0,,,28.02,279,4.0,1,308.0,308.0
2024-03-26 20:50:00-05:00,2024-03-26 20:50:00,21.4,0.0,4.5,28.0,8,0.0,0.0,0.0,0.0,0.0,0.23,28.02,80,0,0.0,,,28.02,323,4.5,1,308.0,308.0
2024-03-26 20:55:00-05:00,2024-03-26 20:55:00,21.4,2.7,9.2,28.0,267,0.0,0.0,0.0,0.0,0.0,0.23,28.03,80,0,0.0,,,28.03,327,4.3,1,308.0,308.0
2024-03-26 21:00:00-05:00,2024-03-26 21:00:00,21.4,3.4,9.4,28.0,310,0.0,0.0,0.0,0.0,0.0,0.23,28.03,80,0,0.0,,,28.03,278,4.9,1,308.0,308.0
2024-03-26 21:05:00-05:00,2024-03-26 21:05:00,21.4,4.0,11.4,28.0,317,0.0,0.0,0.0,0.0,0.0,0.23,28.03,80,0,0.0,,,28.03,278,4.0,1,308.0,308.0
2024-03-26 21:10:00-05:00,2024-03-26 21:10:00,21.4,3.4,7.8,28.0,285,0.0,0.0,0.0,0.0,0.0,0.23,28.03,81,0,0.0,,,28.03,270,3.4,1,308.0,308.0
2024-03-26 21:15:00-05:00,2024-03-26 21:15:00,21.4,2.2,7.6,28.0,259,0.0,0.0,0.0,0.0,0.0,0.23,28.03,82,0,0.0,,,28.03,267,3.1,1,308.0,308.0
2024-03-26 21:20:00-05:00,2024-03-26 21:20:00,21.4,2.2,6.3,28.0,259,0.0,0.0,0.0,0.0,0.0,0.23,28.03,82,0,0.0,,,28.03,261,2.2,1,308.0,308.0
2024-03-26 21:25:00-05:00,2024-03-26 21:25:00,21.2,1.8,7.6,28.0,293,0.0,0.0,0.0,0.0,0.0,0.23,28.03,82,0,0.0,,,28.03,279,2.5,1,308.0,308.0
2024-03-26 21:30:00-05:00,2024-03-26 21:30:00,21.0,1.1,7.2,28.0,285,0.0,0.0,0.0,0.0,0.0,0.23,28.03,82,0,0.0,,,28.03,279,2.7,1,308.0,308.0
2024-03-26 21:35:00-05:00,2024-03-26 21:35:00,20.8,1.8,3.8,28.0,265,0.0,0.0,0.0,0.0,0.0,0.23,28.03,82,0,0.0,,,28.03,255,2.5,1,308.0,308.0
2024-03-26 21:40:00-05:00,2024-03-26 21:40:00,20.7,3.4,8.9,28.0,285,0.0,0.0,0.0,0.0,0.0,0.23,28.04,81,0,0.0,,,28.04,228,2.0,1,308.0,308.0
2024-03-26 21:45:00-05:00,2024-03-26 21:45:00,20.5,7.2,10.7,28.0,241,0.0,0.0,0.0,0.0,0.0,0.23,28.04,81,0,0.0,,,28.04,262,3.6,1,308.0,308.0
2024-03-26 21:50:00-05:00,2024-03-26 21:50:00,20.1,2.0,8.1,28.0,239,0.0,0.0,0.0,0.0,0.0,0.23,28.04,81,0,0.0,,,28.04,265,3.6,1,308.0,308.0
2024-03-26 21:55:00-05:00,2024-03-26 21:55:00,20.1,3.6,9.4,28.0,265,0.0,0.0,0.0,0.0,0.0,0.23,28.05,80,0,0.0,,,28.05,68,3.4,1,308.0,308.0
2024-03-26 22:00:00-05:00,2024-03-26 22:00:00,19.9,2.5,5.6,28.0,240,0.0,0.0,0.0,0.0,0.0,0.23,28.05,80,0,0.0,,,28.05,264,3.1,1,308.0,308.0
2024-03-26 22:05:00-05:00,2024-03-26 22:05:00,19.6,2.9,6.3,28.0,334,0.0,0.0,0.0,0.0,0.0,0.23,28.05,80,0,0.0,,,28.05,263,2.9,1,308.0,308.0
2024-03-26 22:10:00-05:00,2024-03-26 22:10:00,19.2,5.4,11.9,28.0,230,0.0,0.0,0.0,0.0,0.0,0.23,28.05,81,0,0.0,,,28.05,270,2.5,1,308.0,308.0
2024-03-26 22:15:00-05:00,2024-03-26 22:15:00,19.0,4.0,9.8,28.0,283,0.0,0.0,0.0,0.0,0.0,0.23,28.05,81,0,0.0,,,28.05,261,2.7,1,308.0,308.0
2024-03-26 22:20:00-05:00,2024-03-26 22:20:00,18.9,1.6,9.6,28.0,199,0.0,0.0,0.0,0.0,0.0,0.23,28.05,81,0,0.0,,,28.05,249,2.9,1,308.0,308.0
2024-03-26 22:25:00-05:00,2024-03-26 22:25:00,18.7,6.0,9.6,28.0,253,0.0,0.0,0.0,0.0,0.0,0.23,28.05,80,0,0.0,,,28.05,254,2.9,1,308.0,308.0
2024-03-26 22:31:00-05:00,2024-03-26 22:31:00,18.3,4.5,9.8,28.0,359,0.0,0.0,0.0,0.0,0.0,0.23,28.05,80,0,0.0,,,28.05,268,4.3,1,308.0,308.0
2024-03-26 22:35:00-05:00,2024-03-26 22:35:00,18.3,4.9,7.2,28.0,217,0.0,0.0,0.0,0.0,0.0,0.23,28.05,80,0,0.0,,,28.05,270,4.3,1,308.0,308.0
2024-03-26 22:40:00-05:00,2024-03-26 22:40:00,18.0,1.6,8.3,28.0,240,0.0,0.0,0.0,0.0,0.0,0.23,28.05,80,0,0.0,,,28.05,254,3.8,1,308.0,308.0
2024-03-26 22:45:00-05:00,2024-03-26 22:45:00,17.8,3.1,9.2,28.0,298,0.0,0.0,0.0,0.0,0.0,0.23,28.05,80,0,0.0,,,28.05,246,3.8,1,308.0,308.0
2024-03-26 22:50:00-05:00,2024-03-26 22:50:00,17.4,3.4,8.1,28.0,258,0.0,0.0,0.0,0.0,0.0,0.23,28.06,80,0,0.0,,,28.06,245,3.1,1,308.0,308.0
2024-03-26 22:55:00-05:00,2024-03-26 22:55:00,17.1,2.0,6.3,28.0,201,0.0,0.0,0.0,0.0,0.0,0.23,28.05,81,0,0.0,,,28.05,249,3.1,1,308.0,308.0
2024-03-26 23:00:00-05:00,2024-03-26 23:00:00,16.9,4.0,6.0,28.0,231,0.0,0.0,0.0,0.0,0.0,0.23,28.06,81,0,0.0,,,28.06,228,2.5,1,308.0,308.0
2024-03-26 23:05:00-05:00,2024-03-26 23:05:00,16.5,1.8,8.5,28.0,270,0.0,0.0,0.0,0.0,0.0,0.23,28.06,81,0,0.0,,,28.06,233,3.6,1,308.0,308.0
2024-03-26 23:10:00-05:00,2024-03-26 23:10:00,16.3,6.5,10.5,28.0,227,0.0,0.0,0.0,0.0,0.0,0.23,28.06,81,0,0.0,,,28.06,225,4.0,1,308.0,308.0
2024-03-26 23:15:00-05:00,2024-03-26 23:15:00,16.2,4.7,9.8,28.0,258,0.0,0.0,0.0,0.0,0.0,0.23,28.05,81,0,0.0,,,28.05,230,2.9,1,308.0,308.0
2024-03-26 23:20:00-05:00,2024-03-26 23:20:00,16.2,2.2,8.3,28.0,274,0.0,0.0,0.0,0.0,0.0,0.23,28.06,80,0,0.0,,,28.06,255,3.6,1,308.0,308.0
2024-03-26 23:25:00-05:00,2024-03-26 23:25:00,16.0,3.8,8.5,28.0,252,0.0,0.0,0.0,0.0,0.0,0.23,28.06,80,0,0.0,,,28.06,265,3.4,1,308.0,308.0
2024-03-26 23:30:00-05:00,2024-03-26 23:30:00,15.8,1.3,5.4,28.0,276,0.0,0.0,0.0,0.0,0.0,0.23,28.06,80,0,0.0,,,28.06,237,2.5,1,308.0,308.0
2024-03-26 23:35:00-05:00,2024-03-26 23:35:00,15.6,3.6,8.7,28.0,209,0.0,0.0,0.0,0.0,0.0,0.23,28.05,80,0,0.0,,,28.05,242,2.9,1,308.0,308.0
2024-03-26 23:40:00-05:00,2024-03-26 23:40:00,15.8,3.1,6.5,28.0,229,0.0,0.0,0.0,0.0,0.0,0.23,28.06,80,0,0.0,,,28.06,261,3.4,1,308.0,308.0
2024-03-26 23:45:00-05:00,2024-03-26 23:45:00,15.6,1.6,5.6,28.0,221,0.0,0.0,0.0,0.0,0.0,0.23,28.06,80,0,0.0,,,28.06,180,2.9,1,308.0,308.0
2024-03-26 23:50:00-05:00,2024-03-26 23:50:00,15.4,2.5,7.4,28.0,232,0.0,0.0,0.0,0.0,0.0,0.23,28.06,79,0,0.0,,,28.06,263,2.9,1,308.0,308.0
2024-03-26 23:55:00-05:00,2024-03-26 23:55:00,15.4,3.4,5.8,28.0,199,0.0,0.0,0.0,0.0,0.0,0.23,28.06,79,0,0.0,,,28.06,240,3.4,1,308.0,308.0
2024-03-27 00:00:00-05:00,2024-03-27 00:00:00,15.3,3.6,9.4,28.0,245,0.0,0.0,0.0,0.0,0.0,0.23,28.06,79,0,0.0,,,28.06,227,3.6,1,308.0,308.0
2024-03-27 00:05:00-05:00,2024-03-27 00:05:00,15.3,2.2,4.0,5.1,203,0.0,0.0,0.0,0.0,0.0,0.23,28.06,79,0,0.0,,,28.06,203,3.1,1,308.0,308.0
2024-03-27 00:10:00-05:00,2024-03-27 00:10:00,15.1,0.0,4.9,5.4,231,0.0,0.0,0.0,0.0,0.0,0.23,28.07,79,0,0.0,,,28.07,242,2.5,1,308.0,308.0
2024-03-27 00:15:00-05:00,2024-03-27 00:15:00,15.1,0.0,7.4,7.4,207,0.0,0.0,0.0,0.0,0.0,0.23,28.07,79,0,0.0,,,28.07,245,3.4,1,308.0,308.0
2024-03-27 00:20:00-05:00,2024-03-27 00:20:00,14.9,2.5,3.6,7.4,270,0.0,0.0,0.0,0.0,0.0,0.23,28.07,79,0,0.0,,,28.07,198,3.1,1,308.0,308.0
2024-03-27 00:25:00-05:00,2024-03-27 00:25:00,14.7,2.5,8.1,8.1,244,0.0,0.0,0.0,0.0,0.0,0.23,28.07,79,0,0.0,,,28.07,227,2.5,1,308.0,308.0
2024-03-27 00:30:00-05:00,2024-03-27 00:30:00,14.5,0.0,4.0,9.4,201,0.0,0.0,0.0,0.0,0.0,0.23,28.07,79,0,0.0,,,28.07,211,2.9,1,308.0,308.0
2024-03-27 00:35:00-05:00,2024-03-27 00:35:00,14.5,2.5,6.0,9.4,225,0.0,0.0,0.0,0.0,0.0,0.23,28.08,78,0,0.0,,,28.08,220,2.9,1,308.0,308.0
2024-03-27 00:40:00-05:00,2024-03-27 00:40:00,14.2,4.7,6.3,9.4,205,0.0,0.0,0.0,0.0,0.0,0.23,28.07,78,0,0.0,,,28.07,229,3.1,1,308.0,308.0
2024-03-27 00:45:00-05:00,2024-03-27 00:45:00,14.0,0.0,4.9,9.4,241,0.0,0.0,0.0,0.0,0.0,0.23,28.07,78,0,0.0,,,28.07,241,3.1,1,308.0,308.0
2024-03-27 00:50:00-05:00,2024-03-27 00:50:00,14.0,3.1,6.5,11.2,204,0.0,0.0,0.0,0.0,0.0,0.23,28.07,78,0,0.0,,,28.07,229,2.7,1,308.0,308.0
2024-03-27 00:55:00-05:00,2024-03-27 00:55:00,14.0,1.6,6.0,11.2,184,0.0,0.0,0.0,0.0,0.0,0.23,28.07,78,0,0.0,,,28.07,201,2.5,1,308.0,308.0
2024-03-27 01:00:00-05:00,2024-03-27 01:00:00,13.8,1.1,4.9,11.2,243,0.0,0.0,0.0,0.0,0.0,0.23,28.08,78,0,0.0,,,28.08,246,1.6,1,308.0,308.0
2024-03-27 01:05:00-05:00,2024-03-27 01:05:00,13.5,1.3,5.4,11.2,198,0.0,0.0,0.0,0.0,0.0,0.23,28.08,78,0,0.0,,,28.08,234,2.5,1,308.0,308.0
2024-03-27 01:10:00-05:00,2024-03-27 01:10:00,13.5,4.0,5.4,11.2,231,0.0,0.0,0.0,0.0,0.0,0.23,28.08,78,0,0.0,,,28.08,231,3.1,1,308.0,308.0
2024-03-27 01:15:00-05:00,2024-03-27 01:15:00,13.5,1.3,7.2,11.2,209,0.0,0.0,0.0,0.0,0.0,0.23,28.08,79,0,0.0,,,28.08,249,4.0,1,308.0,308.0
2024-03-27 01:20:00-05:00,2024-03-27 01:20:00,13.3,4.3,5.4,11.2,201,0.0,0.0,0.0,0.0,0.0,0.23,28.08,79,0,0.0,,,28.08,216,4.0,1,308.0,308.0
2024-03-27 01:25:00-05:00,2024-03-27 01:25:00,12.9,4.3,8.9,11.2,246,0.0,0.0,0.0,0.0,0.0,0.23,28.09,79,0,0.0,,,28.09,229,3.6,1,308.0,308.0
2024-03-27 01:30:00-05:00,2024-03-27 01:30:00,12.7,2.9,7.8,11.2,218,0.0,0.0,0.0,0.0,0.0,0.23,28.08,80,0,0.0,,,28.08,210,3.4,1,308.0,308.0
2024-03-27 01:35:00-05:00,2024-03-27 01:35:00,12.7,1.1,4.7,11.2,180,0.0,0.0,0.0,0.0,0.0,0.23,28.08,80,0,0.0,,,28.08,209,3.4,1,308.0,308.0
2024-03-27 01:40:00-05:00,2024-03-27 01:40:00,12.7,3.1,8.5,13.2,200,0.0,0.0,0.0,0.0,0.0,0.23,28.08,79,0,0.0,,,28.08,210,2.9,1,308.0,308.0
2024-03-27 01:45:00-05:00,2024-03-27 01:45:00,12.4,4.3,7.2,13.2,252,0.0,0.0,0.0,0.0,0.0,0.23,28.09,80,0,0.0,,,28.09,281,2.9,1,308.0,308.0
2024-03-27 01:50:00-05:00,2024-03-27 01:50:00,12.2,4.5,7.6,13.2,209,0.0,0.0,0.0,0.0,0.0,0.23,28.09,80,0,0.0,,,28.09,212,3.4,1,308.0,308.0
2024-03-27 01:55:00-05:00,2024-03-27 01:55:00,12.0,2.0,10.1,13.2,230,0.0,0.0,0.0,0.0,0.0,0.23,28.09,80,0,0.0,,,28.09,235,3.6,1,308.0,308.0
2024-03-27 02:00:00-05:00,2024-03-27 02:00:00,12.0,3.6,5.6,13.2,240,0.0,0.0,0.0,0.0,0.0,0.23,28.1,80,0,0.0,,,28.1,233,3.6,1,308.0,308.0
2024-03-27 02:05:00-05:00,2024-03-27 02:05:00,12.0,5.6,5.6,13.2,220,0.0,0.0,0.0,0.0,0.0,0.23,28.1,80,0,0.0,,,28.1,240,3.6,1,308.0,308.0
2024-03-27 02:10:00-05:00,2024-03-27 02:10:00,11.8,7.2,7.2,13.2,232,0.0,0.0,0.0,0.0,0.0,0.23,28.09,80,0,0.0,,,28.09,232,3.8,1,308.0,308.0
2024-03-27 02:15:00-05:00,2024-03-27 02:15:00,11.7,5.8,7.6,13.2,231,0.0,0.0,0.0,0.0,0.0,0.23,28.1,80,0,0.0,,,28.1,231,4.3,1,308.0,308.0
2024-03-27 02:20:00-05:00,2024-03-27 02:20:00,11.5,5.1,8.3,13.2,232,0.0,0.0,0.0,0.0,0.0,0.23,28.09,80,0,0.0,,,28.09,227,4.3,1,308.0,308.0
2024-03-27 02:25:00-05:00,2024-03-27 02:25:00,11.3,3.4,8.1,13.2,207,0.0,0.0,0.0,0.0,0.0,0.23,28.09,80,0,0.0,,,28.09,225,4.7,1,308.0,308.0
2024-03-27 02:30:00-05:00,2024-03-27 02:30:00,11.1,2.2,8.9,13.2,190,0.0,0.0,0.0,0.0,0.0,0.23,28.09,80,0,0.0,,,28.09,217,4.7,1,308.0,308.0
2024-03-27 02:35:00-05:00,2024-03-27 02:35:00,10.9,4.3,9.6,13.2,232,0.0,0.0,0.0,0.0,0.0,0.23,28.1,80,0,0.0,,,28.1,217,4.0,1,308.0,308.0
2024-03-27 02:40:00-05:00,2024-03-27 02:40:00,10.8,3.1,9.8,13.2,219,0.0,0.0,0.0,0.0,0.0,0.23,28.1,80,0,0.0,,,28.1,233,4.3,1,308.0,308.0
2024-03-27 02:45:00-05:00,2024-03-27 02:45:00,10.8,3.8,7.2,13.2,245,0.0,0.0,0.0,0.0,0.0,0.23,28.1,80,0,0.0,,,28.1,225,4.3,1,308.0,308.0
2024-03-27 02:50:00-05:00,2024-03-27 02:50:00,10.6,1.6,11.9,13.2,239,0.0,0.0,0.0,0.0,0.0,0.23,28.1,80,0,0.0,,,28.1,212,5.1,1,308.0,308.0
2024-03-27 02:55:00-05:00,2024-03-27 02:55:00,10.4,2.7,12.1,13.2,185,0.0,0.0,0.0,0.0,0.0,0.23,28.1,81,0,0.0,,,28.1,214,4.9,1,308.0,308.0
2024-03-27 03:00:00-05:00,2024-03-27 03:00:00,10.4,1.6,12.1,13.2,180,0.0,0.0,0.0,0.0,0.0,0.23,28.1,81,0,0.0,,,28.1,222,4.7,1,308.0,308.0
2024-03-27 03:05:00-05:00,2024-03-27 03:05:00,10.2,5.1,8.3,13.2,215,0.0,0.0,0.0,0.0,0.0,0.23,28.1,81,0,0.0,,,28.1,231,4.7,1,308.0,308.0
2024-03-27 03:10:00-05:00,2024-03-27 03:10:00,10.0,6.0,7.6,13.2,249,0.0,0.0,0.0,0.0,0.0,0.23,28.1,81,0,0.0,,,28.1,219,4.9,1,308.0,308.0
2024-03-27 03:15:00-05:00,2024-03-27 03:15:00,10.2,3.4,6.7,13.2,226,0.0,0.0,0.0,0.0,0.0,0.23,28.11,81,0,0.0,,,28.11,209,4.3,1,308.0,308.0
2024-03-27 03:20:00-05:00,2024-03-27 03:20:00,10.0,4.3,10.3,13.2,255,0.0,0.0,0.0,0.0,0.0,0.23,28.11,80,0,0.0,,,28.11,216,4.0,1,308.0,308.0
2024-03-27 03:25:00-05:00,2024-03-27 03:25:00,9.9,6.5,6.5,13.2,209,0.0,0.0,0.0,0.0,0.0,0.23,28.1,81,0,0.0,,,28.1,236,3.6,1,308.0,308.0
2024-03-27 03:30:00-05:00,2024-03-27 03:30:00,9.7,4.3,11.9,13.2,210,0.0,0.0,0.0,0.0,0.0,0.23,28.11,81,0,0.0,,,28.11,245,3.6,1,308.0,308.0
2024-03-27 03:35:00-05:00,2024-03-27 03:35:00,9.5,4.0,9.8,13.2,205,0.0,0.0,0.0,0.0,0.0,0.23,28.11,81,0,0.0,,,28.11,222,4.3,1,308.0,308.0
2024-03-27 03:40:00-05:00,2024-03-27 03:40:00,9.5,0.0,8.7,13.2,238,0.0,0.0,0.0,0.0,0.0,0.23,28.11,80,0,0.0,,,28.11,208,4.0,1,308.0,308.0
2024-03-27 03:45:00-05:00,2024-03-27 03:45:00,9.5,6.0,10.7,13.2,209,0.0,0.0,0.0,0.0,0.0,0.23,28.11,81,0,0.0,,,28.11,223,4.3,1,308.0,308.0
2024-03-27 03:50:00-05:00,2024-03-27 03:50:00,9.3,6.5,11.0,13.2,231,0.0,0.0,0.0,0.0,0.0,0.23,28.11,81,0,0.0,,,28.11,223,4.5,1,308.0,308.0
2024-03-27 03:55:00-05:00,2024-03-27 03:55:00,9.3,2.7,8.5,13.2,216,0.0,0.0,0.0,0.0,0.0,0.23,28.11,81,0,0.0,,,28.11,220,4.7,1,308.0,308.0
2024-03-27 04:00:00-05:00,2024-03-27 04:00:00,9.3,5.8,9.4,13.2,209,0.0,0.0,0.0,0.0,0.0,0.23,28.12,81,0,0.0,,,28.12,211,4.7,1,308.0,308.0
2024-03-27 04:05:00-05:00,2024-03-27 04:05:00,9.0,2.7,8.3,13.2,197,0.0,0.0,0.0,0.0,0.0,0.23,28.11,81,0,0.0,,,28.11,226,4.9,1,308.0,308.0
2024-03-27 04:10:00-05:00,2024-03-27 04:10:00,9.1,0.0,10.1,13.2,210,0.0,0.0,0.0,0.0,0.0,0.23,28.12,81,0,0.0,,,28.12,234,5.4,1,308.0,308.0
2024-03-27 04:15:00-05:00,2024-03-27 04:15:00,9.0,2.7,5.8,13.2,191,0.0,0.0,0.0,0.0,0.0,0.23,28.12,81,0,0.0,,,28.12,230,3.4,1,308.0,308.0
2024-03-27 04:20:00-05:00,2024-03-27 04:20:00,9.0,3.6,10.3,13.2,219,0.0,0.0,0.0,0.0,0.0,0.23,28.11,81,0,0.0,,,28.11,228,4.3,1,308.0,308.0
2024-03-27 04:25:00-05:00,2024-03-27 04:25:00,8.8,4.5,12.1,13.2,204,0.0,0.0,0.0,0.0,0.0,0.23,28.12,81,0,0.0,,,28.12,212,4.5,1,308.0,308.0
2024-03-27 04:30:00-05:00,2024-03-27 04:30:00,8.8,0.0,8.5,13.2,226,0.0,0.0,0.0,0.0,0.0,0.23,28.12,81,0,0.0,,,28.12,205,4.7,1,308.0,308.0
2024-03-27 04:35:00-05:00,2024-03-27 04:35:00,8.8,4.7,9.6,13.2,223,0.0,0.0,0.0,0.0,0.0,0.23,28.12,81,0,0.0,,,28.12,229,4.9,1,308.0,308.0
2024-03-27 04:40:00-05:00,2024-03-27 04:40:00,8.8,6.3,11.6,13.2,234,0.0,0.0,0.0,0.0,0.0,0.23,28.12,81,0,0.0,,,28.12,232,4.7,1,308.0,308.0
2024-03-27 04:45:00-05:00,2024-03-27 04:45:00,8.6,8.9,8.9,13.2,245,0.0,0.0,0.0,0.0,0.0,0.23,28.12,81,0,0.0,,,28.12,234,3.8,1,308.0,308.0
2024-03-27 04:50:00-05:00,2024-03-27 04:50:00,8.4,3.8,8.7,13.2,213,0.0,0.0,0.0,0.0,0.0,0.23,28.13,81,0,0.0,,,28.13,222,3.8,1,308.0,308.0
2024-03-27 04:55:00-05:00,2024-03-27 04:55:00,8.2,5.1,8.5,13.2,227,0.0,0.0,0.0,0.0,0.0,0.23,28.13,82,0,0.0,,,28.13,257,3.8,1,308.0,308.0
2024-03-27 05:00:00-05:00,2024-03-27 05:00:00,8.2,3.1,8.5,15.0,197,0.0,0.0,0.0,0.0,0.0,0.23,28.13,82,0,0.0,,,28.13,229,3.4,1,308.0,308.0
2024-03-27 05:05:00-05:00,2024-03-27 05:05:00,8.1,4.0,6.9,15.0,232,0.0,0.0,0.0,0.0,0.0,0.23,28.13,82,0,0.0,,,28.13,234,3.6,1,308.0,308.0
2024-03-27 05:11:00-05:00,2024-03-27 05:11:00,7.9,4.7,4.9,15.0,246,0.0,0.0,0.0,0.0,0.0,0.23,28.13,82,0,0.0,,,28.13,227,3.8,1,308.0,308.0
2024-03-27 05:15:00-05:00,2024-03-27 05:15:00,7.9,1.6,5.6,15.0,245,0.0,0.0,0.0,0.0,0.0,0.23,28.13,82,0,0.0,,,28.13,216,3.8,1,308.0,308.0
2024-03-27 05:21:00-05:00,2024-03-27 05:21:00,7.9,6.9,8.3,15.0,222,0.0,0.0,0.0,0.0,0.0,0.23,28.13,82,0,0.0,,,28.13,216,3.6,1,308.0,308.0
2024-03-27 05:25:00-05:00,2024-03-27 05:25:00,7.7,1.3,7.4,15.0,175,0.0,0.0,0.0,0.0,0.0,0.23,28.13,82,0,0.0,,,28.13,231,3.8,1,308.0,308.0
2024-03-27 05:30:00-05:00,2024-03-27 05:30:00,7.7,6.0,9.2,15.0,226,0.0,0.0,0.0,0.0,0.0,0.23,28.13,82,0,0.0,,,28.13,226,4.0,1,308.0,308.0
2024-03-27 05:35:00-05:00,2024-03-27 05:35:00,7.5,1.8,5.6,15.0,198,0.0,0.0,0.0,0.0,0.0,0.23,28.14,82,0,0.0,,,28.14,209,4.3,1,308.0,308.0
2024-03-27 05:40:00-05:00,2024-03-27 05:40:00,7.5,3.4,5.8,15.0,214,0.0,0.0,0.0,0.0,0.0,0.23,28.14,82,0,0.0,,,28.14,198,3.8,1,308.0,308.0
2024-03-27 05:45:00-05:00,2024-03-27 05:45:00,7.5,3.6,5.4,15.0,233,0.0,0.0,0.0,0.0,0.0,0.23,28.14,81,0,0.0,,,28.14,203,3.1,1,308.0,308.0
2024-03-27 05:50:00-05:00,2024-03-27 05:50:00,7.3,3.6,6.9,15.0,174,0.0,0.0,0.0,0.0,0.0,0.23,28.13,81,0,0.0,,,28.13,209,2.5,1,308.0,308.0
2024-03-27 05:55:00-05:00,2024-03-27 05:55:00,7.3,2.2,5.6,15.0,205,0.0,0.0,0.0,0.0,0.0,0.23,28.14,81,0,0.0,,,28.14,190,2.9,1,308.0,308.0
2024-03-27 06:00:00-05:00,2024-03-27 06:00:00,7.3,1.3,5.6,15.0,203,0.0,0.0,0.0,0.0,0.0,0.23,28.15,81,0,0.0,,,28.15,213,3.6,1,308.0,308.0
2024-03-27 06:05:00-05:00,2024-03-27 06:05:00,7.2,1.3,3.4,15.0,175,0.0,0.0,0.0,0.0,0.0,0.23,28.14,81,0,0.0,,,28.14,216,2.7,1,308.0,308.0
2024-03-27 06:10:00-05:00,2024-03-27 06:10:00,7.2,2.9,5.4,15.0,199,0.0,0.0,0.0,0.0,0.0,0.23,28.15,81,0,0.0,,,28.15,187,2.0,1,308.0,308.0
2024-03-27 06:15:00-05:00,2024-03-27 06:15:00,7.2,4.5,5.4,15.0,201,0.0,0.0,0.0,0.0,0.0,0.23,28.15,81,0,0.0,,,28.15,208,2.9,1,308.0,308.0
2024-03-27 06:20:00-05:00,2024-03-27 06:20:00,7.0,3.4,6.0,15.0,146,0.0,0.0,0.0,0.0,0.0,0.23,28.15,81,0,0.0,,,28.15,212,3.6,1,308.0,308.0
2024-03-27 06:26:00-05:00,2024-03-27 06:26:00,6.8,1.3,5.8,15.0,292,0.0,0.0,0.0,0.0,0.0,0.23,28.15,81,0,0.0,,,28.15,205,2.9,1,308.0,308.0
2024-03-27 06:30:00-05:00,2024-03-27 06:30:00,6.6,3.8,3.8,15.0,180,0.0,0.0,0.0,0.0,0.0,0.23,28.15,82,0,0.0,,,28.15,190,2.9,1,308.0,308.0
2024-03-27 06:35:00-05:00,2024-03-27 06:35:00,6.4,2.7,7.6,15.0,207,0.0,0.0,0.0,0.0,0.0,0.23,28.16,82,0,0.0,,,28.16,204,3.4,1,308.0,308.0
2024-03-27 06:40:00-05:00,2024-03-27 06:40:00,6.4,3.1,7.4,15.0,197,0.0,0.0,0.0,0.0,0.0,0.23,28.15,82,0,0.0,,,28.15,220,3.6,1,308.0,308.0
2024-03-27 06:45:00-05:00,2024-03-27 06:45:00,6.4,3.1,5.8,15.0,225,0.0,0.0,0.0,0.0,0.0,0.23,28.15,82,0,0.0,,,28.15,212,3.6,1,308.0,308.0
2024-03-27 06:50:00-05:00,2024-03-27 06:50:00,6.6,3.4,4.5,15.0,125,0.0,0.0,0.0,0.0,0.0,0.23,28.16,81,0,0.0,,,28.16,212,2.9,1,308.0,308.0
2024-03-27 06:55:00-05:00,2024-03-27 06:55:00,6.6,2.7,4.5,15.0,248,0.0,0.0,0.0,0.0,0.0,0.23,28.15,81,0,0.0,,,28.15,208,2.5,1,308.0,308.0
2024-03-27 07:00:00-05:00,2024-03-27 07:00:00,6.3,1.6,5.1,15.0,210,0.0,0.0,0.0,0.0,0.0,0.23,28.16,82,0,0.0,,,28.16,221,2.7,1,308.0,308.0
2024-03-27 07:05:00-05:00,2024-03-27 07:05:00,6.4,3.4,5.8,15.0,215,0.0,0.0,0.0,0.0,0.0,0.23,28.15,82,0,0.0,,,28.15,221,2.9,1,308.0,308.0
2024-03-27 07:10:00-05:00,2024-03-27 07:10:00,6.4,3.4,4.7,15.0,221,0.0,0.0,0.0,0.0,0.0,0.23,28.16,82,0,0.0,,,28.16,214,3.4,1,308.0,308.0
2024-03-27 07:15:00-05:00,2024-03-27 07:15:00,6.4,2.0,7.8,15.0,195,0.0,0.0,0.0,0.0,0.0,0.23,28.15,82,0,0.0,,,28.15,216,3.8,1,308.0,308.0
2024-03-27 07:20:00-05:00,2024-03-27 07:20:00,6.4,2.9,9.6,15.0,210,0.0,0.0,0.0,0.0,0.0,0.23,28.16,82,0,1.2,,,28.16,207,4.3,1,308.0,308.0
2024-03-27 07:25:00-05:00,2024-03-27 07:25:00,6.4,3.1,10.3,15.0,223,0.0,0.0,0.0,0.0,0.0,0.23,28.16,81,0,3.6,,,28.16,207,3.8,1,308.0,308.0
2024-03-27 07:30:00-05:00,2024-03-27 07:30:00,6.3,4.0,5.4,15.0,252,0.0,0.0,0.0,0.0,0.0,0.23,28.16,82,0,6.1,,,28.16,212,2.9,1,308.0,308.0
2024-03-27 07:35:00-05:00,2024-03-27 07:35:00,6.3,1.8,6.3,15.0,208,0.0,0.0,0.0,0.0,0.0,0.23,28.16,82,0,8.5,,,28.16,216,2.9,1,308.0,308.0
2024-03-27 07:40:00-05:00,2024-03-27 07:40:00,6.4,7.6,8.3,15.0,241,0.0,0.0,0.0,0.0,0.0,0.23,28.16,82,0,12.2,,,28.16,225,3.8,1,308.0,308.0
2024-03-27 07:45:00-05:00,2024-03-27 07:45:00,6.4,2.5,6.0,15.0,196,0.0,0.0,0.0,0.0,0.0,0.23,28.17,81,0,13.4,,,28.17,229,4.3,1,308.0,308.0
2024-03-27 07:50:00-05:00,2024-03-27 07:50:00,6.6,2.2,9.6,15.0,177,0.0,0.0,0.0,0.0,0.0,0.23,28.16,81,0,15.9,,,28.16,232,4.3,1,308.0,308.0
2024-03-27 07:55:00-05:00,2024-03-27 07:55:00,6.8,3.6,8.7,15.0,198,0.0,0.0,0.0,0.0,0.0,0.23,28.17,81,0,20.8,,,28.17,225,3.8,1,308.0,308.0
2024-03-27 08:00:00-05:00,2024-03-27 08:00:00,6.8,2.9,7.4,15.0,214,0.0,0.0,0.0,0.0,0.0,0.23,28.17,80,0,23.2,,,28.17,205,3.6,1,308.0,308.0
2024-03-27 08:05:00-05:00,2024-03-27 08:05:00,6.8,3.1,6.9,15.0,215,0.0,0.0,0.0,0.0,0.0,0.23,28.17,80,0,23.2,,,28.17,209,3.6,1,308.0,308.0
2024-03-27 08:10:00-05:00,2024-03-27 08:10:00,6.8,4.0,5.4,15.0,232,0.0,0.0,0.0,0.0,0.0,0.23,28.18,81,0,26.9,,,28.18,218,3.6,1,308.0,308.0
2024-03-27 08:15:00-05:00,2024-03-27 08:15:00,7.2,3.4,8.3,15.0,215,0.0,0.0,0.0,0.0,0.0,0.23,28.17,80,0,29.4,,,28.17,221,3.8,1,308.0,308.0
2024-03-27 08:20:00-05:00,2024-03-27 08:20:00,7.2,4.5,9.8,15.0,238,0.0,0.0,0.0,0.0,0.0,0.23,28.17,80,0,31.8,,,28.17,216,4.3,1,308.0,308.0
2024-03-27 08:25:00-05:00,2024-03-27 08:25:00,7.5,1.8,7.8,15.0,180,0.0,0.0,0.0,0.0,0.0,0.23,28.18,80,0,31.8,,,28.18,232,3.6,1,308.0,308.0
2024-03-27 08:30:00-05:00,2024-03-27 08:30:00,7.5,0.0,11.4,15.0,190,0.0,0.0,0.0,0.0,0.0,0.23,28.18,79,0,36.7,,,28.18,232,3.6,1,308.0,308.0
2024-03-27 08:35:00-05:00,2024-03-27 08:35:00,7.3,3.1,12.5,16.3,257,0.0,0.0,0.0,0.0,0.0,0.23,28.18,80,0,44.0,,,28.18,247,4.9,1,308.0,308.0
2024-03-27 08:40:00-05:00,2024-03-27 08:40:00,8.2,4.0,6.0,16.3,262,0.0,0.0,0.0,0.0,0.0,0.23,28.18,79,0,41.6,,,28.18,245,4.7,1,308.0,308.0
2024-03-27 08:45:00-05:00,2024-03-27 08:45:00,8.4,4.3,11.9,16.3,250,0.0,0.0,0.0,0.0,0.0,0.23,28.19,78,0,57.5,,,28.19,228,3.8,1,308.0,308.0
2024-03-27 08:50:00-05:00,2024-03-27 08:50:00,8.4,3.1,12.1,16.3,230,0.0,0.0,0.0,0.0,0.0,0.23,28.18,78,0,62.4,,,28.18,242,4.9,1,308.0,308.0
2024-03-27 08:55:00-05:00,2024-03-27 08:55:00,9.1,5.6,10.3,16.3,211,0.0,0.0,0.0,0.0,0.0,0.23,28.19,78,0,79.5,,,28.19,233,5.6,1,308.0,308.0
2024-03-27 09:00:00-05:00,2024-03-27 09:00:00,9.9,3.1,10.3,16.3,211,0.0,0.0,0.0,0.0,0.0,0.23,28.19,78,1,100.3,,,28.19,235,5.6,1,308.0,308.0
2024-03-27 09:05:00-05:00,2024-03-27 09:05:00,10.4,7.4,8.5,16.3,250,0.0,0.0,0.0,0.0,0.0,0.23,28.19,77,1,104.0,,,28.19,225,5.6,1,308.0,308.0
2024-03-27 09:10:00-05:00,2024-03-27 09:10:00,11.3,4.3,8.1,16.3,257,0.0,0.0,0.0,0.0,0.0,0.23,28.2,76,1,123.5,,,28.2,252,4.0,1,308.0,308.0
2024-03-27 09:15:00-05:00,2024-03-27 09:15:00,11.7,3.6,10.7,16.3,252,0.0,0.0,0.0,0.0,0.0,0.23,28.19,76,1,138.2,,,28.19,250,2.7,1,308.0,308.0
2024-03-27 09:20:00-05:00,2024-03-27 09:20:00,11.8,5.4,6.5,16.3,242,0.0,0.0,0.0,0.0,0.0,0.23,28.19,76,1,118.6,,,28.19,235,3.8,1,308.0,308.0
2024-03-27 09:25:00-05:00,2024-03-27 09:25:00,11.3,7.4,11.9,16.3,246,0.0,0.0,0.0,0.0,0.0,0.23,28.2,77,1,123.5,,,28.2,245,4.9,1,308.0,308.0
2024-03-27 09:30:00-05:00,2024-03-27 09:30:00,11.8,7.2,14.8,16.3,230,0.0,0.0,0.0,0.0,0.0,0.23,28.19,77,1,126.0,,,28.19,246,4.7,1,308.0,308.0
2024-03-27 09:35:00-05:00,2024-03-27 09:35:00,12.7,7.8,9.6,16.3,210,0.0,0.0,0.0,0.0,0.0,0.23,28.19,75,1,132.1,,,28.19,218,4.0,1,308.0,308.0
2024-03-27 09:40:00-05:00,2024-03-27 09:40:00,13.3,5.4,7.4,16.3,239,0.0,0.0,0.0,0.0,0.0,0.23,28.2,76,1,144.4,,,28.2,303,3.8,1,308.0,308.0
2024-03-27 09:45:00-05:00,2024-03-27 09:45:00,12.6,6.3,9.2,16.3,261,0.0,0.0,0.0,0.0,0.0,0.23,28.2,77,1,146.8,,,28.2,252,4.9,1,308.0,308.0
2024-03-27 09:50:00-05:00,2024-03-27 09:50:00,13.3,1.1,10.3,16.3,294,0.0,0.0,0.0,0.0,0.0,0.23,28.2,76,2,220.2,,,28.2,252,4.9,1,308.0,308.0
2024-03-27 09:55:00-05:00,2024-03-27 09:55:00,14.4,2.2,5.6,16.3,259,0.0,0.0,0.0,0.0,0.0,0.23,28.2,75,2,250.8,,,28.2,250,4.0,1,308.0,308.0
2024-03-27 10:00:00-05:00,2024-03-27 10:00:00,13.1,7.8,14.1,16.3,241,0.0,0.0,0.0,0.0,0.0,0.23,28.2,77,2,270.3,,,28.2,250,5.1,1,308.0,308.0
2024-03-27 10:05:00-05:00,2024-03-27 10:05:00,14.5,2.9,6.3,16.3,249,0.0,0.0,0.0,0.0,0.0,0.23,28.2,76,2,227.6,,,28.2,250,5.6,1,308.0,308.0
2024-03-27 10:10:00-05:00,2024-03-27 10:10:00,14.7,6.0,9.6,16.3,288,0.0,0.0,0.0,0.0,0.0,0.23,28.2,75,2,263.0,,,28.2,258,4.5,1,308.0,308.0
2024-03-27 10:15:00-05:00,2024-03-27 10:15:00,15.3,8.5,9.2,16.3,275,0.0,0.0,0.0,0.0,0.0,0.23,28.21,76,2,232.4,,,28.21,259,4.5,1,308.0,308.0
2024-03-27 10:20:00-05:00,2024-03-27 10:20:00,16.2,1.1,10.7,16.3,297,0.0,0.0,0.0,0.0,0.0,0.23,28.2,75,3,329.0,,,28.2,259,3.4,1,308.0,308.0
2024-03-27 10:26:00-05:00,2024-03-27 10:26:00,16.9,3.1,6.7,16.3,219,0.0,0.0,0.0,0.0,0.0,0.23,28.2,74,2,304.6,,,28.2,261,2.5,1,308.0,308.0
2024-03-27 10:30:00-05:00,2024-03-27 10:30:00,16.3,6.3,10.3,16.3,251,0.0,0.0,0.0,0.0,0.0,0.23,28.21,74,3,354.8,,,28.21,270,3.1,1,308.0,308.0
2024-03-27 10:35:00-05:00,2024-03-27 10:35:00,17.2,2.2,6.3,16.3,313,0.0,0.0,0.0,0.0,0.0,0.23,28.21,73,3,324.1,,,28.21,227,3.4,1,308.0,308.0
2024-03-27 10:40:00-05:00,2024-03-27 10:40:00,15.4,5.6,13.4,16.3,270,0.0,0.0,0.0,0.0,0.0,0.23,28.2,75,3,374.4,,,28.2,237,4.3,1,308.0,308.0
2024-03-27 10:45:00-05:00,2024-03-27 10:45:00,16.9,3.6,7.6,16.3,245,0.0,0.0,0.0,0.0,0.0,0.23,28.21,74,3,397.6,,,28.21,267,5.1,1,308.0,308.0
2024-03-27 10:50:00-05:00,2024-03-27 10:50:00,16.9,1.8,14.3,16.3,283,0.0,0.0,0.0,0.0,0.0,0.23,28.21,74,3,385.3,,,28.21,237,4.3,1,308.0,308.0
2024-03-27 10:55:00-05:00,2024-03-27 10:55:00,17.4,8.7,11.4,16.3,248,0.0,0.0,0.0,0.0,0.0,0.23,28.22,74,3,364.6,,,28.22,250,4.7,1,308.0,308.0
2024-03-27 11:00:00-05:00,2024-03-27 11:00:00,18.1,1.6,7.8,16.3,350,0.0,0.0,0.0,0.0,0.0,0.23,28.22,74,3,391.5,,,28.22,261,4.7,1,308.0,308.0
2024-03-27 11:05:00-05:00,2024-03-27 11:05:00,18.9,5.8,11.0,16.3,279,0.0,0.0,0.0,0.0,0.0,0.23,28.23,73,3,323.0,,,28.23,275,4.5,1,308.0,308.0
2024-03-27 11:10:00-05:00,2024-03-27 11:10:00,19.0,5.8,6.3,16.3,331,0.0,0.0,0.0,0.0,0.0,0.23,28.22,73,4,420.8,,,28.22,284,3.6,1,308.0,308.0
2024-03-27 11:16:00-05:00,2024-03-27 11:16:00,19.6,6.0,11.2,16.3,284,0.0,0.0,0.0,0.0,0.0,0.23,28.22,72,4,430.6,,,28.22,288,3.6,1,308.0,308.0
2024-03-27 11:20:00-05:00,2024-03-27 11:20:00,18.9,5.6,11.4,16.3,258,0.0,0.0,0.0,0.0,0.0,0.23,28.22,73,4,507.7,,,28.22,305,4.0,1,308.0,308.0
2024-03-27 11:25:00-05:00,2024-03-27 11:25:00,19.9,3.8,11.4,16.3,293,0.0,0.0,0.0,0.0,0.0,0.23,28.22,73,5,511.4,,,28.22,295,4.3,1,308.0,308.0
2024-03-27 11:30:00-05:00,2024-03-27 11:30:00,19.0,4.5,11.9,16.3,302,0.0,0.0,0.0,0.0,0.0,0.23,28.22,74,4,458.7,,,28.22,290,3.8,1,308.0,308.0
2024-03-27 11:35:00-05:00,2024-03-27 11:35:00,20.1,5.1,7.8,16.3,299,0.0,0.0,0.0,0.0,0.0,0.23,28.22,73,5,519.9,,,28.22,252,4.7,1,308.0,308.0
2024-03-27 11:40:00-05:00,2024-03-27 11:40:00,20.7,4.3,6.5,16.3,254,0.0,0.0,0.0,0.0,0.0,0.23,28.22,72,5,530.9,,,28.22,308,3.8,1,308.0,308.0
2024-03-27 11:45:00-05:00,2024-03-27 11:45:00,19.8,4.5,11.0,16.3,240,0.0,0.0,0.0,0.0,0.0,0.23,28.22,74,4,444.0,,,28.22,276,4.3,1,308.0,308.0
2024-03-27 11:50:00-05:00,2024-03-27 11:50:00,20.3,2.0,7.4,16.3,290,0.0,0.0,0.0,0.0,0.0,0.23,28.21,74,5,533.4,,,28.21,268,4.5,1,308.0,308.0
2024-03-27 11:55:00-05:00,2024-03-27 11:55:00,21.2,1.6,13.4,16.3,300,0.0,0.0,0.0,0.0,0.0,0.23,28.22,72,5,523.6,,,28.22,247,4.5,1,308.0,308.0
2024-03-27 12:00:00-05:00,2024-03-27 12:00:00,21.4,5.1,9.8,16.3,247,0.0,0.0,0.0,0.0,0.0,0.23,28.22,71,5,600.6,,,28.22,272,3.8,1,308.0,308.0
2024-03-27 12:05:00-05:00,2024-03-27 12:05:00,21.7,4.0,8.1,16.3,264,0.0,0.0,0.0,0.0,0.0,0.23,28.22,72,4,490.5,,,28.22,270,3.4,1,308.0,308.0
2024-03-27 12:10:00-05:00,2024-03-27 12:10:00,22.5,4.5,4.9,16.3,216,0.0,0.0,0.0,0.0,0.0,0.23,28.22,72,4,438.0,,,28.22,258,3.4,1,308.0,308.0
2024-03-27 12:15:00-05:00,2024-03-27 12:15:00,20.7,7.4,15.9,16.3,236,0.0,0.0,0.0,0.0,0.0,0.23,28.23,73,5,555.4,,,28.23,237,4.0,1,308.0,308.0
2024-03-27 12:22:00-05:00,2024-03-27 12:22:00,22.1,2.2,9.8,16.3,138,0.0,0.0,0.0,0.0,0.0,0.23,28.22,73,6,621.5,,,28.22,253,5.4,1,308.0,308.0
2024-03-27 12:25:00-05:00,2024-03-27 12:25:00,21.6,6.5,11.2,16.3,247,0.0,0.0,0.0,0.0,0.0,0.23,28.22,73,5,523.6,,,28.22,253,4.9,1,308.0,308.0
2024-03-27 12:30:00-05:00,2024-03-27 12:30:00,20.3,5.4,12.5,16.3,211,0.0,0.0,0.0,0.0,0.0,0.23,28.23,76,6,663.1,,,28.23,248,4.9,1,308.0,308.0
2024-03-27 12:35:00-05:00,2024-03-27 12:35:00,22.1,3.1,9.4,16.3,307,0.02,0.0,0.0,0.0,0.0,0.23,28.22,73,5,603.1,,,28.22,270,4.9,1,308.0,308.0
2024-03-27 12:40:00-05:00,2024-03-27 12:40:00,22.6,3.8,10.1,16.3,327,0.02,0.0,0.0,0.0,0.0,0.23,28.22,73,6,626.4,,,28.22,241,4.0,1,308.0,308.0
2024-03-27 12:45:00-05:00,2024-03-27 12:45:00,23.2,9.4,15.2,16.3,224,0.0,0.0,0.0,0.0,0.0,0.23,28.22,73,5,610.4,,,28.22,259,3.8,1,308.0,308.0
2024-03-27 12:50:00-05:00,2024-03-27 12:50:00,21.9,4.7,7.4,16.3,277,0.0,0.0,0.0,0.0,0.0,0.23,28.22,74,5,576.2,,,28.22,267,4.5,1,308.0,308.0
2024-03-27 12:55:00-05:00,2024-03-27 12:55:00,22.5,5.6,12.3,16.3,260,0.0,0.0,0.0,0.0,0.0,0.23,28.21,74,6,661.8,,,28.21,221,5.8,1,308.0,308.0
2024-03-27 13:00:00-05:00,2024-03-27 13:00:00,21.9,2.9,13.4,16.3,290,0.0,0.0,0.0,0.0,0.0,0.23,28.22,74,5,615.3,,,28.22,219,5.6,1,308.0,308.0
2024-03-27 13:05:00-05:00,2024-03-27 13:05:00,22.1,6.5,11.0,16.3,245,0.0,0.0,0.0,0.0,0.0,0.23,28.22,73,5,605.5,,,28.22,259,6.3,1,308.0,308.0
2024-03-27 13:10:00-05:00,2024-03-27 13:10:00,23.0,4.0,11.2,16.3,292,0.0,0.0,0.0,0.0,0.0,0.23,28.22,72,5,599.5,,,28.22,283,4.0,1,308.0,308.0
2024-03-27 13:15:00-05:00,2024-03-27 13:15:00,23.2,1.1,11.9,16.3,294,0.0,0.0,0.0,0.0,0.0,0.23,28.23,71,6,653.3,,,28.23,287,3.6,1,308.0,308.0
2024-03-27 13:20:00-05:00,2024-03-27 13:20:00,22.5,1.8,15.0,16.3,283,0.0,0.0,0.0,0.0,0.0,0.23,28.23,72,6,647.1,,,28.23,254,4.0,1,308.0,308.0
2024-03-27 13:25:00-05:00,2024-03-27 13:25:00,22.8,3.1,13.0,16.3,225,0.0,0.0,0.0,0.0,0.0,0.23,28.22,75,5,566.4,,,28.22,253,3.8,1,308.0,308.0
2024-03-27 13:30:00-05:00,2024-03-27 13:30:00,22.3,2.9,16.6,16.6,267,0.0,0.0,0.0,0.0,0.0,0.23,28.23,74,5,586.0,,,28.23,246,4.7,1,308.0,308.0
2024-03-27 13:35:00-05:00,2024-03-27 13:35:00,22.6,6.0,9.2,19.0,253,0.0,0.0,0.0,0.0,0.0,0.23,28.22,73,5,609.2,,,28.22,317,5.1,1,308.0,308.0
2024-03-27 13:40:00-05:00,2024-03-27 13:40:00,22.5,5.8,14.8,19.0,266,0.0,0.0,0.0,0.0,0.0,0.23,28.22,73,5,606.8,,,28.22,287,4.3,1,308.0,308.0
2024-03-27 13:45:00-05:00,2024-03-27 13:45:00,22.6,4.7,19.5,19.5,290,0.0,0.0,0.0,0.0,0.0,0.23,28.23,71,5,611.7,,,28.23,241,4.5,1,308.0,308.0
2024-03-27 13:50:00-05:00,2024-03-27 13:50:00,22.5,1.6,9.4,19.5,290,0.0,0.0,0.0,0.0,0.0,0.23,28.23,73,5,603.1,,,28.23,273,5.4,1,308.0,308.0
2024-03-27 13:55:00-05:00,2024-03-27 13:55:00,22.8,2.5,9.6,19.5,196,0.0,0.0,0.0,0.0,0.0,0.23,28.23,74,5,527.2,,,28.23,255,6.5,1,308.0,308.0
2024-03-27 14:00:00-05:00,2024-03-27 14:00:00,23.2,1.6,10.1,19.5,250,0.0,0.0,0.0,0.0,0.0,0.23,28.22,73,5,555.4,,,28.22,266,6.0,1,308.0,308.0
2024-03-27 14:05:00-05:00,2024-03-27 14:05:00,22.6,8.7,16.6,19.5,248,0.0,0.0,0.0,0.0,0.0,0.23,28.22,72,5,561.5,,,28.22,274,4.9,1,308.0,308.0
2024-03-27 14:10:00-05:00,2024-03-27 14:10:00,22.5,8.3,22.4,22.4,257,0.0,0.0,0.0,0.0,0.0,0.23,28.22,71,5,583.5,,,28.22,257,5.6,1,308.0,308.0
2024-03-27 14:15:00-05:00,2024-03-27 14:15:00,22.3,4.7,18.3,22.4,288,0.0,0.0,0.0,0.0,0.0,0.23,28.22,72,4,458.7,,,28.22,257,6.3,1,308.0,308.0
2024-03-27 14:20:00-05:00,2024-03-27 14:20:00,23.5,6.3,16.6,22.4,272,0.0,0.0,0.0,0.0,0.0,0.23,28.22,69,5,557.9,,,28.22,263,6.0,1,308.0,308.0
2024-03-27 14:25:00-05:00,2024-03-27 14:25:00,24.1,3.4,11.9,22.4,312,0.0,0.0,0.0,0.0,0.0,0.23,28.22,70,4,457.5,,,28.22,257,4.9,1,308.0,308.0
2024-03-27 14:30:00-05:00,2024-03-27 14:30:00,24.3,11.6,11.6,22.4,254,0.0,0.0,0.0,0.0,0.0,0.23,28.22,69,5,572.5,,,28.22,242,4.7,1,308.0,308.0
2024-03-27 14:35:00-05:00,2024-03-27 14:35:00,23.9,5.8,15.0,22.4,229,0.0,0.0,0.0,0.0,0.0,0.23,28.22,71,5,583.5,,,28.22,265,5.1,1,308.0,308.0
2024-03-27 14:40:00-05:00,2024-03-27 14:40:00,23.5,4.3,12.1,22.4,312,0.0,0.0,0.0,0.0,0.0,0.23,28.21,69,4,507.7,,,28.21,263,6.0,1,308.0,308.0
2024-03-27 14:45:00-05:00,2024-03-27 14:45:00,23.9,2.7,14.8,22.4,218,0.0,0.0,0.0,0.0,0.0,0.23,28.22,69,5,557.9,,,28.22,263,5.8,1,308.0,308.0
2024-03-27 14:50:00-05:00,2024-03-27 14:50:00,23.4,4.7,19.7,22.4,301,0.0,0.0,0.0,0.0,0.0,0.23,28.22,69,5,572.5,,,28.22,247,6.0,1,308.0,308.0
2024-03-27 14:55:00-05:00,2024-03-27 14:55:00,23.2,6.0,16.6,22.4,244,0.0,0.0,0.0,0.0,0.0,0.23,28.22,70,5,543.2,,,28.22,252,5.6,1,308.0,308.0
2024-03-27 15:00:00-05:00,2024-03-27 15:00:00,23.5,5.6,14.3,22.4,314,0.0,0.0,0.0,0.0,0.0,0.23,28.22,69,5,565.2,,,28.22,295,5.6,1,308.0,308.0
2024-03-27 15:05:00-05:00,2024-03-27 15:05:00,23.5,7.8,15.0,22.4,274,0.0,0.0,0.0,0.0,0.0,0.23,28.22,68,5,522.3,,,28.22,295,6.5,1,308.0,308.0
2024-03-27 15:10:00-05:00,2024-03-27 15:10:00,23.9,6.5,16.8,22.4,239,0.0,0.0,0.0,0.0,0.0,0.23,28.22,67,5,526.0,,,28.22,282,6.3,1,308.0,308.0
2024-03-27 15:15:00-05:00,2024-03-27 15:15:00,23.9,5.1,14.3,22.6,266,0.0,0.0,0.0,0.0,0.0,0.23,28.22,69,4,464.9,,,28.22,247,7.8,1,308.0,308.0
2024-03-27 15:21:00-05:00,2024-03-27 15:21:00,24.4,8.9,18.1,22.6,246,0.0,0.0,0.0,0.0,0.0,0.23,28.21,70,5,513.8,,,28.21,245,6.5,1,308.0,308.0
2024-03-27 15:25:00-05:00,2024-03-27 15:25:00,23.7,3.4,18.1,22.6,293,0.0,0.0,0.0,0.0,0.0,0.23,28.22,69,5,532.1,,,28.22,240,6.5,1,308.0,308.0
2024-03-27 15:30:00-05:00,2024-03-27 15:30:00,25.0,10.7,15.0,22.6,254,0.0,0.0,0.0,0.0,0.0,0.23,28.22,68,4,482.0,,,28.22,247,6.3,1,308.0,308.0
2024-03-27 15:35:00-05:00,2024-03-27 15:35:00,24.1,10.1,16.1,22.6,246,0.0,0.0,0.0,0.0,0.0,0.23,28.22,71,5,521.1,,,28.22,266,5.4,1,308.0,308.0
2024-03-27 15:40:00-05:00,2024-03-27 15:40:00,23.5,2.9,17.2,22.6,222,0.0,0.0,0.0,0.0,0.0,0.23,28.23,70,5,521.1,,,28.23,250,7.4,1,308.0,308.0
2024-03-27 15:45:00-05:00,2024-03-27 15:45:00,24.8,6.7,13.6,22.6,240,0.0,0.0,0.0,0.0,0.0,0.23,28.22,70,4,496.7,,,28.22,250,7.8,1,308.0,308.0
2024-03-27 15:50:00-05:00,2024-03-27 15:50:00,24.4,2.5,20.1,22.6,290,0.0,0.0,0.0,0.0,0.0,0.23,28.22,69,4,451.4,,,28.22,248,7.2,1,308.0,308.0
2024-03-27 15:55:00-05:00,2024-03-27 15:55:00,24.8,5.6,15.7,22.6,272,0.0,0.0,0.0,0.0,0.0,0.23,28.22,67,4,471.0,,,28.22,252,6.9,1,308.0,308.0
2024-03-27 16:00:00-05:00,2024-03-27 16:00:00,24.4,7.6,18.3,22.6,293,0.0,0.0,0.0,0.0,0.0,0.23,28.22,68,4,469.8,,,28.22,243,6.9,1,308.0,308.0
2024-03-27 16:05:00-05:00,2024-03-27 16:05:00,24.6,5.4,16.6,22.6,243,0.0,0.0,0.0,0.0,0.0,0.23,28.22,68,4,477.1,,,28.22,248,6.9,1,308.0,308.0
2024-03-27 16:10:00-05:00,2024-03-27 16:10:00,25.0,6.9,13.6,22.6,277,0.0,0.0,0.0,0.0,0.0,0.23,28.22,67,4,440.4,,,28.22,277,5.8,1,308.0,308.0
2024-03-27 16:15:00-05:00,2024-03-27 16:15:00,25.5,10.5,14.1,22.6,254,0.0,0.0,0.0,0.0,0.0,0.23,28.23,67,4,473.4,,,28.23,254,5.8,1,308.0,308.0
2024-03-27 16:20:00-05:00,2024-03-27 16:20:00,24.4,7.4,15.2,24.6,226,0.0,0.0,0.0,0.0,0.0,0.23,28.22,69,4,463.6,,,28.22,247,6.0,1,308.0,308.0
2024-03-27 16:25:00-05:00,2024-03-27 16:25:00,25.5,5.4,17.9,24.6,264,0.0,0.0,0.0,0.0,0.0,0.23,28.23,66,4,440.4,,,28.23,247,6.0,1,308.0,308.0
2024-03-27 16:30:00-05:00,2024-03-27 16:30:00,24.8,10.7,18.1,24.6,259,0.0,0.0,0.0,0.0,0.0,0.23,28.23,69,4,440.4,,,28.23,252,6.5,1,308.0,308.0
2024-03-27 16:35:00-05:00,2024-03-27 16:35:00,25.5,3.6,14.1,24.6,251,0.0,0.0,0.0,0.0,0.0,0.23,28.22,68,4,428.2,,,28.22,241,7.8,1,308.0,308.0
2024-03-27 16:40:00-05:00,2024-03-27 16:40:00,26.2,3.8,9.8,24.6,288,0.0,0.0,0.0,0.0,0.0,0.23,28.23,68,4,438.0,,,28.23,237,6.5,1,308.0,308.0
2024-03-27 16:45:00-05:00,2024-03-27 16:45:00,25.5,11.6,15.0,24.6,259,0.0,0.0,0.0,0.0,0.0,0.23,28.22,68,4,433.1,,,28.22,229,6.5,1,308.0,308.0
2024-03-27 16:50:00-05:00,2024-03-27 16:50:00,26.2,6.3,10.3,24.6,281,0.0,0.0,0.0,0.0,0.0,0.23,28.22,68,3,373.1,,,28.22,251,5.6,1,308.0,308.0
2024-03-27 16:55:00-05:00,2024-03-27 16:55:00,25.7,6.3,22.1,24.6,221,0.0,0.0,0.0,0.0,0.0,0.23,28.23,68,3,316.8,,,28.23,237,5.8,1,308.0,308.0
2024-03-27 17:00:00-05:00,2024-03-27 17:00:00,25.7,5.1,17.4,24.6,286,0.0,0.0,0.0,0.0,0.0,0.23,28.22,66,3,367.0,,,28.22,255,8.3,1,308.0,308.0
2024-03-27 17:05:00-05:00,2024-03-27 17:05:00,26.4,3.1,16.6,24.6,306,0.0,0.0,0.0,0.0,0.0,0.23,28.23,64,3,381.7,,,28.23,251,7.8,1,308.0,308.0
2024-03-27 17:10:00-05:00,2024-03-27 17:10:00,26.1,4.0,17.0,24.6,296,0.0,0.0,0.0,0.0,0.0,0.23,28.22,64,3,333.9,,,28.22,283,6.7,1,308.0,308.0
2024-03-27 17:15:00-05:00,2024-03-27 17:15:00,26.4,4.0,13.4,24.6,290,0.0,0.0,0.0,0.0,0.0,0.23,28.23,63,2,294.8,,,28.23,263,5.1,1,308.0,308.0
2024-03-27 17:20:00-05:00,2024-03-27 17:20:00,26.1,6.0,15.4,24.6,302,0.0,0.0,0.0,0.0,0.0,0.23,28.22,64,3,332.8,,,28.22,254,5.1,1,308.0,308.0
2024-03-27 17:25:00-05:00,2024-03-27 17:25:00,26.1,1.8,12.3,24.6,323,0.0,0.0,0.0,0.0,0.0,0.23,28.23,63,2,302.1,,,28.23,246,5.4,1,308.0,308.0
2024-03-27 17:30:00-05:00,2024-03-27 17:30:00,27.0,3.1,11.4,24.6,292,0.0,0.0,0.0,0.0,0.0,0.23,28.22,64,2,282.6,,,28.22,270,4.5,1,308.0,308.0
2024-03-27 17:35:00-05:00,2024-03-27 17:35:00,27.0,7.4,12.5,24.6,251,0.0,0.0,0.0,0.0,0.0,0.23,28.23,63,2,260.5,,,28.23,252,4.5,1,308.0,308.0
2024-03-27 17:40:00-05:00,2024-03-27 17:40:00,26.2,6.3,14.5,24.6,258,0.0,0.0,0.0,0.0,0.0,0.23,28.23,64,2,250.8,,,28.23,243,6.0,1,308.0,308.0
2024-03-27 17:45:00-05:00,2024-03-27 17:45:00,25.7,4.9,19.7,24.6,266,0.0,0.0,0.0,0.0,0.0,0.23,28.23,64,2,253.2,,,28.23,250,6.3,1,308.0,308.0
2024-03-27 17:50:00-05:00,2024-03-27 17:50:00,26.2,1.1,17.2,24.6,174,0.0,0.0,0.0,0.0,0.0,0.23,28.23,65,2,247.1,,,28.23,279,5.8,1,308.0,308.0
2024-03-27 17:55:00-05:00,2024-03-27 17:55:00,26.2,5.6,14.1,24.6,264,0.0,0.0,0.0,0.0,0.0,0.23,28.22,66,2,228.7,,,28.22,278,5.1,1,308.0,308.0
2024-03-27 18:00:00-05:00,2024-03-27 18:00:00,26.2,6.3,17.2,24.6,250,0.0,0.0,0.0,0.0,0.0,0.23,28.22,64,2,204.3,,,28.22,264,5.1,1,308.0,308.0
2024-03-27 18:05:00-05:00,2024-03-27 18:05:00,26.4,4.7,12.3,24.6,236,0.0,0.0,0.0,0.0,0.0,0.23,28.22,63,2,205.5,,,28.22,254,4.9,1,308.0,308.0
2024-03-27 18:10:00-05:00,2024-03-27 18:10:00,26.6,5.1,12.5,24.6,320,0.0,0.0,0.0,0.0,0.0,0.23,28.22,64,1,167.6,,,28.22,257,4.0,1,308.0,308.0
2024-03-27 18:15:00-05:00,2024-03-27 18:15:00,26.8,7.8,17.7,24.6,231,0.0,0.0,0.0,0.0,0.0,0.23,28.22,63,1,179.8,,,28.22,262,4.0,1,308.0,308.0
2024-03-27 18:20:00-05:00,2024-03-27 18:20:00,26.6,4.0,10.3,24.6,309,0.0,0.0,0.0,0.0,0.0,0.23,28.21,65,1,152.9,,,28.21,273,4.3,1,308.0,308.0
2024-03-27 18:25:00-05:00,2024-03-27 18:25:00,25.9,2.7,15.0,24.6,296,0.0,0.0,0.0,0.0,0.0,0.23,28.22,65,1,152.9,,,28.22,239,5.4,1,308.0,308.0
2024-03-27 18:30:00-05:00,2024-03-27 18:30:00,26.4,5.8,8.9,24.6,225,0.0,0.0,0.0,0.0,0.0,0.23,28.22,65,1,139.5,,,28.22,235,4.9,1,308.0,308.0
2024-03-27 18:35:00-05:00,2024-03-27 18:35:00,25.7,6.3,15.0,24.6,226,0.0,0.0,0.0,0.0,0.0,0.23,28.22,66,1,119.9,,,28.22,262,5.6,1,308.0,308.0
2024-03-27 18:40:00-05:00,2024-03-27 18:40:00,25.9,6.7,13.9,24.6,238,0.0,0.0,0.0,0.0,0.0,0.23,28.23,66,1,110.1,,,28.23,243,6.0,1,308.0,308.0
2024-03-27 18:45:00-05:00,2024-03-27 18:45:00,25.5,4.9,12.5,24.6,235,0.0,0.0,0.0,0.0,0.0,0.23,28.23,66,0,97.9,,,28.23,247,6.7,1,308.0,308.0
2024-03-27 18:50:00-05:00,2024-03-27 18:50:00,26.1,5.8,9.4,24.6,242,0.0,0.0,0.0,0.0,0.0,0.23,28.22,67,0,86.8,,,28.22,243,6.7,1,308.0,308.0
2024-03-27 18:55:00-05:00,2024-03-27 18:55:00,26.1,4.7,10.5,24.6,277,0.0,0.0,0.0,0.0,0.0,0.23,28.22,66,0,68.5,,,28.22,238,4.7,1,308.0,308.0
2024-03-27 19:00:00-05:00,2024-03-27 19:00:00,25.5,5.6,7.6,24.6,258,0.0,0.0,0.0,0.0,0.0,0.23,28.22,68,0,42.8,,,28.22,236,3.8,1,308.0,308.0
2024-03-27 19:05:00-05:00,2024-03-27 19:05:00,25.2,1.3,7.6,24.6,276,0.0,0.0,0.0,0.0,0.0,0.23,28.23,69,0,31.8,,,28.23,252,2.9,1,308.0,308.0
2024-03-27 19:10:00-05:00,2024-03-27 19:10:00,24.8,5.4,8.5,24.6,249,0.0,0.0,0.0,0.0,0.0,0.23,28.22,69,0,24.5,,,28.22,241,3.4,1,308.0,308.0
2024-03-27 19:15:00-05:00,2024-03-27 19:15:00,24.6,6.0,9.2,24.6,259,0.0,0.0,0.0,0.0,0.0,0.23,28.23,69,0,20.8,,,28.23,239,4.0,1,308.0,308.0
2024-03-27 19:20:00-05:00,2024-03-27 19:20:00,24.4,6.3,6.3,24.6,222,0.0,0.0,0.0,0.0,0.0,0.23,28.22,69,0,17.1,,,28.22,270,4.0,1,308.0,308.0
2024-03-27 19:25:00-05:00,2024-03-27 19:25:00,24.3,2.9,9.6,24.6,267,0.0,0.0,0.0,0.0,0.0,0.23,28.22,69,0,14.7,,,28.22,249,4.5,1,308.0,308.0
2024-03-27 19:30:00-05:00,2024-03-27 19:30:00,24.1,1.3,7.6,24.6,297,0.0,0.0,0.0,0.0,0.0,0.23,28.22,70,0,11.0,,,28.22,244,4.5,1,308.0,308.0
2024-03-27 19:35:00-05:00,2024-03-27 19:35:00,23.7,6.3,6.5,24.6,258,0.0,0.0,0.0,0.0,0.0,0.23,28.22,70,0,7.3,,,28.22,244,3.4,1,308.0,308.0
2024-03-27 19:40:00-05:00,2024-03-27 19:40:00,23.7,4.7,5.4,24.6,252,0.0,0.0,0.0,0.0,0.0,0.23,28.22,71,0,4.9,,,28.22,243,3.1,1,308.0,308.0
2024-03-27 19:45:00-05:00,2024-03-27 19:45:00,23.4,2.2,5.4,24.6,219,0.0,0.0,0.0,0.0,0.0,0.23,28.22,70,0,2.5,,,28.22,244,3.1,1,308.0,308.0
2024-03-27 19:50:00-05:00,2024-03-27 19:50:00,23.0,4.3,4.5,24.6,237,0.0,0.0,0.0,0.0,0.0,0.23,28.22,71,0,1.2,,,28.22,212,2.7,1,308.0,308.0
2024-03-27 19:55:00-05:00,2024-03-27 19:55:00,23.0,1.6,4.0,24.6,199,0.0,0.0,0.0,0.0,0.0,0.23,28.22,71,0,0.0,,,28.22,220,2.5,1,308.0,308.0
2024-03-27 20:00:00-05:00,2024-03-27 20:00:00,23.4,1.3,2.9,24.6,107,0.0,0.0,0.0,0.0,0.0,0.23,28.23,71,0,0.0,,,28.23,222,1.8,1,308.0,308.0
2024-03-27 20:05:00-05:00,2024-03-27 20:05:00,23.2,0.0,2.7,24.6,180,0.0,0.0,0.0,0.0,0.0,0.23,28.22,71,0,0.0,,,28.22,188,1.6,1,308.0,308.0
2024-03-27 20:10:00-05:00,2024-03-27 20:10:00,23.0,1.8,3.8,24.6,198,0.0,0.0,0.0,0.0,0.0,0.23,28.22,71,0,0.0,,,28.22,208,1.3,1,308.0,308.0
2024-03-27 20:15:00-05:00,2024-03-27 20:15:00,23.2,1.3,3.1,24.6,196,0.0,0.0,0.0,0.0,0.0,0.23,28.23,71,0,0.0,,,28.23,174,1.6,1,308.0,308.0
2024-03-27 20:20:00-05:00,2024-03-27 20:20:00,23.2,1.3,1.8,24.6,180,0.0,0.0,0.0,0.0,0.0,0.23,28.22,71,0,0.0,,,28.22,180,1.3,1,308.0,308.0
2024-03-27 20:25:00-05:00,2024-03-27 20:25:00,22.8,2.5,3.6,24.6,174,0.0,0.0,0.0,0.0,0.0,0.23,28.22,71,0,0.0,,,28.22,157,1.1,1,308.0,308.0
2024-03-27 20:30:00-05:00,2024-03-27 20:30:00,22.6,1.1,4.0,24.6,200,0.0,0.0,0.0,0.0,0.0,0.23,28.23,72,0,0.0,,,28.23,157,1.8,1,308.0,308.0
2024-03-27 20:35:00-05:00,2024-03-27 20:35:00,22.8,2.0,2.2,24.6,180,0.0,0.0,0.0,0.0,0.0,0.23,28.22,71,0,0.0,,,28.22,186,1.6,1,308.0,308.0
2024-03-27 20:40:00-05:00,2024-03-27 20:40:00,22.6,1.3,2.2,24.6,203,0.0,0.0,0.0,0.0,0.0,0.23,28.23,72,0,0.0,,,28.23,187,1.3,1,308.0,308.0
2024-03-27 20:45:00-05:00,2024-03-27 20:45:00,22.5,0.0,3.1,24.6,195,0.0,0.0,0.0,0.0,0.0,0.23,28.22,72,0,0.0,,,28.22,189,1.8,1,308.0,308.0
2024-03-27 20:50:00-05:00,2024-03-27 20:50:00,23.0,1.3,4.0,24.6,164,0.0,0.0,0.0,0.0,0.0,0.23,28.23,72,0,0.0,,,28.23,176,1.6,1,308.0,308.0
2024-03-27 20:55:00-05:00,2024-03-27 20:55:00,22.6,1.1,2.0,24.6,186,0.0,0.0,0.0,0.0,0.0,0.23,28.22,71,0,0.0,,,28.22,170,1.3,1,308.0,308.0
2024-03-27 21:00:00-05:00,2024-03-27 21:00:00,22.3,2.5,3.1,24.6,160,0.0,0.0,0.0,0.0,0.0,0.23,28.22,73,0,0.0,,,28.22,152,1.8,1,308.0,308.0
2024-03-27 21:05:00-05:00,2024-03-27 21:05:00,22.5,2.5,2.5,24.6,152,0.0,0.0,0.0,0.0,0.0,0.23,28.23,72,0,0.0,,,28.23,156,1.8,1,308.0,308.0
2024-03-27 21:10:00-05:00,2024-03-27 21:10:00,22.6,0.0,2.5,24.6,180,0.0,0.0,0.0,0.0,0.0,0.23,28.22,71,0,0.0,,,28.22,163,1.6,1,308.0,308.0
2024-03-27 21:15:00-05:00,2024-03-27 21:15:00,22.1,2.5,2.9,24.6,151,0.0,0.0,0.0,0.0,0.0,0.23,28.22,72,0,0.0,,,28.22,160,1.6,1,308.0,308.0
2024-03-27 21:20:00-05:00,2024-03-27 21:20:00,21.7,2.7,4.5,24.6,165,0.0,0.0,0.0,0.0,0.0,0.23,28.22,73,0,0.0,,,28.22,156,2.0,1,308.0,308.0
2024-03-27 21:25:00-05:00,2024-03-27 21:25:00,21.9,2.2,3.1,24.6,154,0.0,0.0,0.0,0.0,0.0,0.23,28.23,72,0,0.0,,,28.23,160,2.5,1,308.0,308.0
2024-03-27 21:30:00-05:00,2024-03-27 21:30:00,21.4,3.1,4.5,24.6,156,0.0,0.0,0.0,0.0,0.0,0.23,28.23,73,0,0.0,,,28.23,169,2.2,1,308.0,308.0
2024-03-27 21:35:00-05:00,2024-03-27 21:35:00,21.4,1.8,4.3,24.6,156,0.0,0.0,0.0,0.0,0.0,0.23,28.23,73,0,0.0,,,28.23,188,2.2,1,308.0,308.0
2024-03-27 21:40:00-05:00,2024-03-27 21:40:00,21.4,3.4,3.4,24.6,163,0.0,0.0,0.0,0.0,0.0,0.23,28.23,73,0,0.0,,,28.23,149,2.2,1,308.0,308.0
2024-03-27 21:45:00-05:00,2024-03-27 21:45:00,21.2,3.6,3.6,24.6,174,0.0,0.0,0.0,0.0,0.0,0.23,28.22,73,0,0.0,,,28.22,167,2.2,1,308.0,308.0
2024-03-27 21:50:00-05:00,2024-03-27 21:50:00,20.8,3.1,4.7,24.6,155,0.0,0.0,0.0,0.0,0.0,0.23,28.23,74,0,0.0,,,28.23,167,2.9,1,308.0,308.0
2024-03-27 21:55:00-05:00,2024-03-27 21:55:00,20.7,2.5,4.9,24.6,180,0.0,0.0,0.0,0.0,0.0,0.23,28.23,74,0,0.0,,,28.23,157,3.4,1,308.0,308.0
2024-03-27 22:00:00-05:00,2024-03-27 22:00:00,20.3,3.1,4.0,24.6,155,0.0,0.0,0.0,0.0,0.0,0.23,28.23,75,0,0.0,,,28.23,163,3.1,1,308.0,308.0
2024-03-27 22:05:00-05:00,2024-03-27 22:05:00,20.3,3.6,4.0,24.6,180,0.0,0.0,0.0,0.0,0.0,0.23,28.23,75,0,0.0,,,28.23,164,3.1,1,308.0,308.0
2024-03-27 22:10:00-05:00,2024-03-27 22:10:00,20.5,2.9,4.5,24.6,164,0.0,0.0,0.0,0.0,0.0,0.23,28.23,75,0,0.0,,,28.23,165,3.1,1,308.0,308.0
2024-03-27 22:15:00-05:00,2024-03-27 22:15:00,20.3,2.0,2.7,24.6,183,0.0,0.0,0.0,0.0,0.0,0.23,28.23,75,0,0.0,,,28.23,159,2.9,1,308.0,308.0
2024-03-27 22:20:00-05:00,2024-03-27 22:20:00,20.3,3.4,5.1,24.6,173,0.0,0.0,0.0,0.0,0.0,0.23,28.23,76,0,0.0,,,28.23,171,2.7,1,308.0,308.0
2024-03-27 22:25:00-05:00,2024-03-27 22:25:00,20.3,2.0,4.5,24.6,156,0.0,0.0,0.0,0.0,0.0,0.23,28.23,75,0,0.0,,,28.23,174,2.9,1,308.0,308.0
2024-03-27 22:30:00-05:00,2024-03-27 22:30:00,19.8,2.2,3.6,24.6,159,0.0,0.0,0.0,0.0,0.0,0.23,28.23,76,0,0.0,,,28.23,160,2.7,1,308.0,308.0
2024-03-27 22:35:00-05:00,2024-03-27 22:35:00,19.4,3.8,4.5,24.6,163,0.0,0.0,0.0,0.0,0.0,0.23,28.22,78,0,0.0,,,28.22,155,2.7,1,308.0,308.0
2024-03-27 22:40:00-05:00,2024-03-27 22:40:00,19.0,1.8,4.7,24.6,143,0.0,0.0,0.0,0.0,0.0,0.23,28.23,78,0,0.0,,,28.23,151,2.2,1,308.0,308.0
2024-03-27 22:45:00-05:00,2024-03-27 22:45:00,19.2,3.6,4.7,24.6,156,0.0,0.0,0.0,0.0,0.0,0.23,28.22,79,0,0.0,,,28.22,159,2.5,1,308.0,308.0
2024-03-27 22:50:00-05:00,2024-03-27 22:50:00,19.2,2.7,3.6,24.6,154,0.0,0.0,0.0,0.0,0.0,0.23,28.23,79,0,0.0,,,28.23,159,2.7,1,308.0,308.0
2024-03-27 22:55:00-05:00,2024-03-27 22:55:00,19.2,3.1,4.0,24.6,197,0.0,0.0,0.0,0.0,0.0,0.23,28.22,79,0,0.0,,,28.22,160,2.9,1,308.0,308.0
2024-03-27 23:00:00-05:00,2024-03-27 23:00:00,19.4,2.2,3.8,24.6,166,0.0,0.0,0.0,0.0,0.0,0.23,28.23,79,0,0.0,,,28.23,180,2.9,1,308.0,308.0
2024-03-27 23:05:00-05:00,2024-03-27 23:05:00,19.2,2.5,3.6,24.6,145,0.0,0.0,0.0,0.0,0.0,0.23,28.22,79,0,0.0,,,28.22,169,2.5,1,308.0,308.0
2024-03-27 23:10:00-05:00,2024-03-27 23:10:00,19.2,1.8,2.7,24.6,163,0.0,0.0,0.0,0.0,0.0,0.23,28.23,79,0,0.0,,,28.23,165,2.0,1,308.0,308.0
2024-03-27 23:15:00-05:00,2024-03-27 23:15:00,19.0,2.9,5.1,24.6,166,0.0,0.0,0.0,0.0,0.0,0.23,28.23,80,0,0.0,,,28.23,165,2.5,1,308.0,308.0
2024-03-27 23:20:00-05:00,2024-03-27 23:20:00,19.0,2.9,4.3,24.6,178,0.0,0.0,0.0,0.0,0.0,0.23,28.23,79,0,0.0,,,28.23,175,3.6,1,308.0,308.0
2024-03-27 23:25:00-05:00,2024-03-27 23:25:00,18.7,2.2,4.0,24.6,154,0.0,0.0,0.0,0.0,0.0,0.23,28.22,80,0,0.0,,,28.22,165,3.4,1,308.0,308.0
2024-03-27 23:30:00-05:00,2024-03-27 23:30:00,18.5,3.1,4.5,24.6,176,0.0,0.0,0.0,0.0,0.0,0.23,28.22,81,0,0.0,,,28.22,156,2.7,1,308.0,308.0
2024-03-27 23:35:00-05:00,2024-03-27 23:35:00,18.5,2.9,3.8,24.6,164,0.0,0.0,0.0,0.0,0.0,0.23,28.22,80,0,0.0,,,28.22,177,2.9,1,308.0,308.0
2024-03-27 23:40:00-05:00,2024-03-27 23:40:00,18.5,1.8,3.8,24.6,168,0.0,0.0,0.0,0.0,0.0,0.23,28.22,80,0,0.0,,,28.22,168,2.7,1,308.0,308.0
2024-03-27 23:45:00-05:00,2024-03-27 23:45:00,18.0,0.0,4.0,24.6,177,0.0,0.0,0.0,0.0,0.0,0.23,28.23,81,0,0.0,,,28.23,155,2.7,1,308.0,308.0
2024-03-27 23:50:00-05:00,2024-03-27 23:50:00,18.3,2.5,4.3,24.6,180,0.0,0.0,0.0,0.0,0.0,0.23,28.22,81,0,0.0,,,28.22,168,2.7,1,308.0,308.0
2024-03-27 23:55:00-05:00,2024-03-27 23:55:00,18.7,1.8,2.2,24.6,180,0.0,0.0,0.0,0.0,0.0,0.23,28.23,81,0,0.0,,,28.23,176,2.2,1,308.0,308.0
2024-03-28 00:00:00-05:00,2024-03-28 00:00:00,18.7,1.8,3.1,24.6,152,0.0,0.0,0.0,0.0,0.0,0.23,28.22,80,0,0.0,,,28.22,160,1.8,1,308.0,308.0
2024-03-28 00:05:00-05:00,2024-03-28 00:05:00,17.8,2.5,5.8,5.8,168,0.0,0.0,0.0,0.0,0.0,0.23,28.23,80,0,0.0,,,28.23,163,2.5,1,308.0,308.0
2024-03-28 00:10:00-05:00,2024-03-28 00:10:00,17.4,3.1,4.7,5.8,173,0.0,0.0,0.0,0.0,0.0,0.23,28.23,82,0,0.0,,,28.23,166,3.4,1,308.0,308.0
2024-03-28 00:15:00-05:00,2024-03-28 00:15:00,17.4,3.1,4.3,5.8,159,0.0,0.0,0.0,0.0,0.0,0.23,28.23,82,0,0.0,,,28.23,173,3.1,1,308.0,308.0
2024-03-28 00:20:00-05:00,2024-03-28 00:20:00,17.2,4.3,5.1,5.8,163,0.0,0.0,0.0,0.0,0.0,0.23,28.23,82,0,0.0,,,28.23,171,2.9,1,308.0,308.0
2024-03-28 00:25:00-05:00,2024-03-28 00:25:00,16.7,1.6,5.8,5.8,170,0.0,0.0,0.0,0.0,0.0,0.23,28.23,83,0,0.0,,,28.23,175,2.9,1,308.0,308.0
2024-03-28 00:30:00-05:00,2024-03-28 00:30:00,16.9,2.9,4.7,5.8,155,0.0,0.0,0.0,0.0,0.0,0.23,28.23,83,0,0.0,,,28.23,168,3.4,1,308.0,308.0
2024-03-28 00:35:00-05:00,2024-03-28 00:35:00,16.3,4.3,4.5,5.8,159,0.0,0.0,0.0,0.0,0.0,0.23,28.22,83,0,0.0,,,28.22,164,3.4,1,308.0,308.0
2024-03-28 00:40:00-05:00,2024-03-28 00:40:00,16.5,3.8,5.4,5.8,161,0.0,0.0,0.0,0.0,0.0,0.23,28.23,84,0,0.0,,,28.23,154,3.1,1,308.0,308.0
2024-03-28 00:45:00-05:00,2024-03-28 00:45:00,16.7,4.0,4.9,5.8,159,0.0,0.0,0.0,0.0,0.0,0.23,28.23,84,0,0.0,,,28.23,170,3.1,1,308.0,308.0
2024-03-28 00:50:00-05:00,2024-03-28 00:50:00,16.5,1.6,2.9,5.8,128,0.0,0.0,0.0,0.0,0.0,0.23,28.23,84,0,0.0,,,28.23,163,2.7,1,308.0,308.0
2024-03-28 00:55:00-05:00,2024-03-28 00:55:00,16.5,3.4,5.4,5.8,164,0.0,0.0,0.0,0.0,0.0,0.23,28.23,84,0,0.0,,,28.23,153,2.7,1,308.0,308.0
2024-03-28 01:00:00-05:00,2024-03-28 01:00:00,16.5,3.1,4.9,5.8,153,0.0,0.0,0.0,0.0,0.0,0.23,28.23,84,0,0.0,,,28.23,155,3.1,1,308.0,308.0
2024-03-28 01:05:00-05:00,2024-03-28 01:05:00,16.5,2.5,4.3,5.8,154,0.0,0.0,0.0,0.0,0.0,0.23,28.23,84,0,0.0,,,28.23,154,2.9,1,308.0,308.0
2024-03-28 01:10:00-05:00,2024-03-28 01:10:00,16.3,2.7,4.5,5.8,148,0.0,0.0,0.0,0.0,0.0,0.23,28.23,84,0,0.0,,,28.23,170,2.5,1,308.0,308.0
2024-03-28 01:15:00-05:00,2024-03-28 01:15:00,16.5,3.1,4.5,5.8,153,0.0,0.0,0.0,0.0,0.0,0.23,28.23,84,0,0.0,,,28.23,164,3.1,1,308.0,308.0
2024-03-28 01:20:00-05:00,2024-03-28 01:20:00,16.2,3.8,4.7,5.8,140,0.0,0.0,0.0,0.0,0.0,0.23,28.23,84,0,0.0,,,28.23,158,3.6,1,308.0,308.0
2024-03-28 01:25:00-05:00,2024-03-28 01:25:00,16.2,4.0,4.9,5.8,163,0.0,0.0,0.0,0.0,0.0,0.23,28.22,84,0,0.0,,,28.22,149,3.1,1,308.0,308.0
2024-03-28 01:30:00-05:00,2024-03-28 01:30:00,16.0,3.6,5.1,5.8,169,0.0,0.0,0.0,0.0,0.0,0.23,28.23,84,0,0.0,,,28.23,158,2.9,1,308.0,308.0
2024-03-28 01:35:00-05:00,2024-03-28 01:35:00,16.0,3.6,4.3,5.8,142,0.0,0.0,0.0,0.0,0.0,0.23,28.22,84,0,0.0,,,28.22,161,3.6,1,308.0,308.0
2024-03-28 01:40:00-05:00,2024-03-28 01:40:00,15.6,2.9,3.6,5.8,131,0.0,0.0,0.0,0.0,0.0,0.23,28.23,85,0,0.0,,,28.23,141,3.4,1,308.0,308.0
2024-03-28 01:45:00-05:00,2024-03-28 01:45:00,15.1,2.5,5.4,5.8,172,0.0,0.0,0.0,0.0,0.0,0.23,28.22,85,0,0.0,,,28.22,153,3.6,1,308.0,308.0
2024-03-28 01:50:00-05:00,2024-03-28 01:50:00,15.3,2.9,4.7,6.0,148,0.0,0.0,0.0,0.0,0.0,0.23,28.22,85,0,0.0,,,28.22,155,3.8,1,308.0,308.0
2024-03-28 01:55:00-05:00,2024-03-28 01:55:00,15.4,2.9,3.8,6.0,164,0.0,0.0,0.0,0.0,0.0,0.23,28.23,85,0,0.0,,,28.23,151,3.4,1,308.0,308.0
2024-03-28 02:00:00-05:00,2024-03-28 02:00:00,15.3,3.6,3.8,6.0,162,0.0,0.0,0.0,0.0,0.0,0.23,28.23,85,0,0.0,,,28.23,159,2.9,1,308.0,308.0
2024-03-28 02:05:00-05:00,2024-03-28 02:05:00,15.1,3.1,5.4,6.0,173,0.0,0.0,0.0,0.0,0.0,0.23,28.23,85,0,0.0,,,28.23,158,2.9,1,308.0,308.0
2024-03-28 02:10:00-05:00,2024-03-28 02:10:00,15.1,2.5,4.3,6.0,150,0.0,0.0,0.0,0.0,0.0,0.23,28.23,86,0,0.0,,,28.23,158,3.4,1,308.0,308.0
2024-03-28 02:15:00-05:00,2024-03-28 02:15:00,14.9,3.4,3.4,6.0,164,0.0,0.0,0.0,0.0,0.0,0.23,28.23,85,0,0.0,,,28.23,157,3.1,1,308.0,308.0
2024-03-28 02:20:00-05:00,2024-03-28 02:20:00,14.9,3.8,4.5,6.0,158,0.0,0.0,0.0,0.0,0.0,0.23,28.22,85,0,0.0,,,28.22,161,3.1,1,308.0,308.0
2024-03-28 02:25:00-05:00,2024-03-28 02:25:00,15.3,3.1,4.3,6.0,150,0.0,0.0,0.0,0.0,0.0,0.23,28.23,85,0,0.0,,,28.23,158,3.1,1,308.0,308.0
2024-03-28 02:30:00-05:00,2024-03-28 02:30:00,15.4,2.0,3.8,6.0,173,0.0,0.0,0.0,0.0,0.0,0.23,28.23,85,0,0.0,,,28.23,158,2.9,1,308.0,308.0
2024-03-28 02:35:00-05:00,2024-03-28 02:35:00,15.3,1.6,2.9,6.0,166,0.0,0.0,0.0,0.0,0.0,0.23,28.23,85,0,0.0,,,28.23,162,2.7,1,308.0,308.0
2024-03-28 02:40:00-05:00,2024-03-28 02:40:00,15.4,1.8,3.1,6.0,172,0.0,0.0,0.0,0.0,0.0,0.23,28.23,84,0,0.0,,,28.23,175,2.7,1,308.0,308.0
2024-03-28 02:45:00-05:00,2024-03-28 02:45:00,15.8,1.3,2.7,6.0,180,0.0,0.0,0.0,0.0,0.0,0.23,28.23,84,0,0.0,,,28.23,184,2.5,1,308.0,308.0
2024-03-28 02:50:00-05:00,2024-03-28 02:50:00,15.3,1.6,2.5,6.0,139,0.0,0.0,0.0,0.0,0.0,0.23,28.23,84,0,0.0,,,28.23,173,1.6,1,308.0,308.0
2024-03-28 02:55:00-05:00,2024-03-28 02:55:00,14.7,2.0,4.3,6.0,139,0.0,0.0,0.0,0.0,0.0,0.23,28.23,85,0,0.0,,,28.23,162,2.0,1,308.0,308.0
2024-03-28 03:00:00-05:00,2024-03-28 03:00:00,14.9,3.4,4.5,6.0,132,0.0,0.0,0.0,0.0,0.0,0.23,28.22,85,0,0.0,,,28.22,159,2.9,1,308.0,308.0
2024-03-28 03:05:00-05:00,2024-03-28 03:05:00,14.2,1.6,2.7,6.0,117,0.0,0.0,0.0,0.0,0.0,0.23,28.22,86,0,0.0,,,28.22,159,2.7,1,308.0,308.0
2024-03-28 03:10:00-05:00,2024-03-28 03:10:00,13.8,1.8,4.0,6.0,119,0.0,0.0,0.0,0.0,0.0,0.23,28.22,86,0,0.0,,,28.22,159,2.2,1,308.0,308.0
2024-03-28 03:15:00-05:00,2024-03-28 03:15:00,13.8,1.6,4.0,6.0,210,0.0,0.0,0.0,0.0,0.0,0.23,28.22,86,0,0.0,,,28.22,160,2.5,1,308.0,308.0
2024-03-28 03:20:00-05:00,2024-03-28 03:20:00,13.8,0.0,4.3,6.0,117,0.0,0.0,0.0,0.0,0.0,0.23,28.23,86,0,0.0,,,28.23,161,2.5,1,308.0,308.0
2024-03-28 03:25:00-05:00,2024-03-28 03:25:00,13.3,2.7,2.7,6.0,148,0.0,0.0,0.0,0.0,0.0,0.23,28.23,85,0,0.0,,,28.23,154,1.8,1,308.0,308.0
2024-03-28 03:30:00-05:00,2024-03-28 03:30:00,13.6,4.5,4.9,6.0,149,0.0,0.0,0.0,0.0,0.0,0.23,28.22,85,0,0.0,,,28.22,157,2.2,1,308.0,308.0
2024-03-28 03:35:00-05:00,2024-03-28 03:35:00,13.8,2.9,4.0,6.0,151,0.0,0.0,0.0,0.0,0.0,0.23,28.22,85,0,0.0,,,28.22,163,3.4,1,308.0,308.0
2024-03-28 03:40:00-05:00,2024-03-28 03:40:00,12.7,1.6,3.6,6.0,110,0.0,0.0,0.0,0.0,0.0,0.23,28.23,85,0,0.0,,,28.23,146,2.9,1,308.0,308.0
2024-03-28 03:45:00-05:00,2024-03-28 03:45:00,12.2,2.2,4.7,6.0,149,0.0,0.0,0.0,0.0,0.0,0.23,28.22,85,0,0.0,,,28.22,124,2.2,1,308.0,308.0
2024-03-28 03:50:00-05:00,2024-03-28 03:50:00,12.2,1.3,3.4,6.0,127,0.0,0.0,0.0,0.0,0.0,0.23,28.22,86,0,0.0,,,28.22,152,2.2,1,308.0,308.0
2024-03-28 03:55:00-05:00,2024-03-28 03:55:00,12.7,2.5,5.8,6.0,150,0.0,0.0,0.0,0.0,0.0,0.23,28.22,86,0,0.0,,,28.22,152,2.9,1,308.0,308.0
2024-03-28 04:00:00-05:00,2024-03-28 04:00:00,12.6,2.9,3.6,6.0,166,0.0,0.0,0.0,0.0,0.0,0.23,28.23,86,0,0.0,,,28.23,132,2.5,1,308.0,308.0
2024-03-28 04:05:00-05:00,2024-03-28 04:05:00,12.7,3.8,5.1,6.0,161,0.0,0.0,0.0,0.0,0.0,0.23,28.23,86,0,0.0,,,28.23,156,2.5,1,308.0,308.0
2024-03-28 04:10:00-05:00,2024-03-28 04:10:00,13.1,3.1,4.9,6.0,171,0.0,0.0,0.0,0.0,0.0,0.23,28.22,85,0,0.0,,,28.22,159,3.4,1,308.0,308.0
2024-03-28 04:15:00-05:00,2024-03-28 04:15:00,13.1,0.0,2.7,6.0,131,0.0,0.0,0.0,0.0,0.0,0.23,28.23,85,0,0.0,,,28.23,157,3.4,1,308.0,308.0
2024-03-28 04:20:00-05:00,2024-03-28 04:20:00,12.7,1.6,1.6,6.0,166,0.0,0.0,0.0,0.0,0.0,0.23,28.22,85,0,0.0,,,28.22,157,1.3,1,308.0,308.0
2024-03-28 04:25:00-05:00,2024-03-28 04:25:00,13.1,4.5,5.6,6.0,163,0.0,0.0,0.0,0.0,0.0,0.23,28.22,85,0,0.0,,,28.22,160,1.3,1,308.0,308.0
2024-03-28 04:30:00-05:00,2024-03-28 04:30:00,13.5,4.7,6.3,6.3,169,0.0,0.0,0.0,0.0,0.0,0.23,28.23,84,0,0.0,,,28.23,179,3.6,1,308.0,308.0
2024-03-28 04:35:00-05:00,2024-03-28 04:35:00,12.9,2.9,3.1,6.5,59,0.0,0.0,0.0,0.0,0.0,0.23,28.23,85,0,0.0,,,28.23,177,4.3,1,308.0,308.0
2024-03-28 04:40:00-05:00,2024-03-28 04:40:00,12.9,3.1,3.8,6.5,165,0.0,0.0,0.0,0.0,0.0,0.23,28.22,86,0,0.0,,,28.22,168,2.7,1,308.0,308.0
2024-03-28 04:45:00-05:00,2024-03-28 04:45:00,13.6,2.2,3.1,6.5,180,0.0,0.0,0.0,0.0,0.0,0.23,28.22,85,0,0.0,,,28.22,168,2.2,1,308.0,308.0
2024-03-28 04:50:00-05:00,2024-03-28 04:50:00,13.1,4.9,5.8,6.5,189,0.0,0.0,0.0,0.0,0.0,0.23,28.23,85,0,0.0,,,28.23,186,2.9,1,308.0,308.0
2024-03-28 04:55:00-05:00,2024-03-28 04:55:00,12.9,3.4,5.8,6.5,176,0.0,0.0,0.0,0.0,0.0,0.23,28.23,86,0,0.0,,,28.23,180,3.6,1,308.0,308.0
2024-03-28 05:00:00-05:00,2024-03-28 05:00:00,12.6,3.4,6.0,6.5,119,0.0,0.0,0.0,0.0,0.0,0.23,28.23,86,0,0.0,,,28.23,170,4.0,1,308.0,308.0
2024-03-28 05:05:00-05:00,2024-03-28 05:05:00,13.3,2.7,4.5,6.5,180,0.0,0.0,0.0,0.0,0.0,0.23,28.23,85,0,0.0,,,28.23,174,3.6,1,308.0,308.0
2024-03-28 05:10:00-05:00,2024-03-28 05:10:00,13.6,0.0,3.8,6.5,144,0.0,0.0,0.0,0.0,0.0,0.23,28.22,84,0,0.0,,,28.22,174,2.9,1,308.0,308.0
2024-03-28 05:15:00-05:00,2024-03-28 05:15:00,12.7,2.2,4.0,6.5,180,0.0,0.0,0.0,0.0,0.0,0.23,28.22,84,0,0.0,,,28.22,157,2.0,1,308.0,308.0
2024-03-28 05:20:00-05:00,2024-03-28 05:20:00,12.9,3.8,5.6,6.5,159,0.0,0.0,0.0,0.0,0.0,0.23,28.23,85,0,0.0,,,28.23,151,2.2,1,308.0,308.0
2024-03-28 05:25:00-05:00,2024-03-28 05:25:00,12.7,1.3,4.3,6.5,151,0.0,0.0,0.0,0.0,0.0,0.23,28.22,85,0,0.0,,,28.22,144,2.5,1,308.0,308.0
2024-03-28 05:30:00-05:00,2024-03-28 05:30:00,12.7,3.6,4.9,6.5,160,0.0,0.0,0.0,0.0,0.0,0.23,28.21,85,0,0.0,,,28.21,160,2.5,1,308.0,308.0
2024-03-28 05:35:00-05:00,2024-03-28 05:35:00,12.6,3.1,4.7,6.5,163,0.0,0.0,0.0,0.0,0.0,0.23,28.22,85,0,0.0,,,28.22,166,3.4,1,308.0,308.0
2024-03-28 05:40:00-05:00,2024-03-28 05:40:00,12.2,5.1,5.1,6.5,170,0.0,0.0,0.0,0.0,0.0,0.23,28.22,85,0,0.0,,,28.22,161,3.6,1,308.0,308.0
2024-03-28 05:45:00-05:00,2024-03-28 05:45:00,12.2,3.1,4.9,6.5,165,0.0,0.0,0.0,0.0,0.0,0.23,28.22,85,0,0.0,,,28.22,165,3.6,1,308.0,308.0
2024-03-28 05:50:00-05:00,2024-03-28 05:50:00,13.1,1.6,3.6,6.5,166,0.0,0.0,0.0,0.0,0.0,0.23,28.22,85,0,0.0,,,28.22,173,3.1,1,308.0,308.0
2024-03-28 05:55:00-05:00,2024-03-28 05:55:00,13.3,3.4,4.9,6.5,164,0.0,0.0,0.0,0.0,0.0,0.23,28.22,84,0,0.0,,,28.22,170,2.9,1,308.0,308.0
2024-03-28 06:00:00-05:00,2024-03-28 06:00:00,12.6,3.4,3.6,6.5,150,0.0,0.0,0.0,0.0,0.0,0.23,28.22,84,0,0.0,,,28.22,164,2.9,1,308.0,308.0
2024-03-28 06:05:00-05:00,2024-03-28 06:05:00,12.0,3.1,5.6,6.5,176,0.0,0.0,0.0,0.0,0.0,0.23,28.22,85,0,0.0,,,28.22,157,3.4,1,308.0,308.0
2024-03-28 06:10:00-05:00,2024-03-28 06:10:00,12.0,4.3,4.9,6.5,167,0.0,0.0,0.0,0.0,0.0,0.23,28.22,85,0,0.0,,,28.22,161,3.8,1,308.0,308.0
2024-03-28 06:15:00-05:00,2024-03-28 06:15:00,12.2,1.8,4.3,6.5,108,0.0,0.0,0.0,0.0,0.0,0.23,28.22,85,0,0.0,,,28.22,161,3.8,1,308.0,308.0
2024-03-28 06:20:00-05:00,2024-03-28 06:20:00,12.0,3.8,6.5,6.5,165,0.0,0.0,0.0,0.0,0.0,0.23,28.22,85,0,0.0,,,28.22,157,3.6,1,308.0,308.0
2024-03-28 06:25:00-05:00,2024-03-28 06:25:00,11.8,3.8,4.9,6.5,164,0.0,0.0,0.0,0.0,0.0,0.23,28.21,85,0,0.0,,,28.21,157,3.4,1,308.0,308.0
2024-03-28 06:30:00-05:00,2024-03-28 06:30:00,12.2,3.1,4.0,6.5,173,0.0,0.0,0.0,0.0,0.0,0.23,28.22,86,0,0.0,,,28.22,157,3.8,1,308.0,308.0
2024-03-28 06:35:00-05:00,2024-03-28 06:35:00,12.2,3.6,4.7,6.5,174,0.0,0.0,0.0,0.0,0.0,0.23,28.22,85,0,0.0,,,28.22,155,3.1,1,308.0,308.0
2024-03-28 06:40:00-05:00,2024-03-28 06:40:00,12.7,3.4,4.3,6.5,152,0.0,0.0,0.0,0.0,0.0,0.23,28.22,85,0,0.0,,,28.22,155,2.9,1,308.0,308.0
2024-03-28 06:45:00-05:00,2024-03-28 06:45:00,13.5,2.0,3.1,6.5,157,0.0,0.0,0.0,0.0,0.0,0.23,28.22,84,0,0.0,,,28.22,175,2.9,1,308.0,308.0
2024-03-28 06:50:00-05:00,2024-03-28 06:50:00,14.0,2.0,2.2,6.5,169,0.0,0.0,0.0,0.0,0.0,0.23,28.22,83,0,0.0,,,28.22,173,2.2,1,308.0,308.0
2024-03-28 06:55:00-05:00,2024-03-28 06:55:00,14.4,3.1,4.0,6.5,168,0.0,0.0,0.0,0.0,0.0,0.23,28.23,82,0,0.0,,,28.23,172,2.5,1,308.0,308.0
2024-03-28 07:00:00-05:00,2024-03-28 07:00:00,14.4,0.0,4.5,6.5,173,0.0,0.0,0.0,0.0,0.0,0.23,28.22,82,0,0.0,,,28.22,164,2.5,1,308.0,308.0
2024-03-28 07:05:00-05:00,2024-03-28 07:05:00,12.9,1.3,2.5,6.5,53,0.0,0.0,0.0,0.0,0.0,0.23,28.22,83,0,0.0,,,28.22,151,2.2,1,308.0,308.0
2024-03-28 07:10:00-05:00,2024-03-28 07:10:00,12.9,2.0,4.0,6.5,180,0.0,0.0,0.0,0.0,0.0,0.23,28.23,84,0,0.0,,,28.23,187,1.3,1,308.0,308.0
2024-03-28 07:16:00-05:00,2024-03-28 07:16:00,12.7,1.8,3.6,6.5,142,0.0,0.0,0.0,0.0,0.0,0.23,28.23,85,0,0.0,,,28.23,173,2.2,1,308.0,308.0
2024-03-28 07:20:00-05:00,2024-03-28 07:20:00,13.3,2.5,3.4,6.5,174,0.0,0.0,0.0,0.0,0.0,0.23,28.22,84,0,2.5,,,28.22,172,2.5,1,308.0,308.0
2024-03-28 07:25:00-05:00,2024-03-28 07:25:00,12.9,2.5,3.8,6.5,154,0.0,0.0,0.0,0.0,0.0,0.23,28.23,84,0,3.6,,,28.23,151,2.5,1,308.0,308.0
2024-03-28 07:30:00-05:00,2024-03-28 07:30:00,12.6,1.8,3.8,6.5,148,0.0,0.0,0.0,0.0,0.0,0.23,28.23,85,0,6.1,,,28.23,165,2.5,1,308.0,308.0
2024-03-28 07:35:00-05:00,2024-03-28 07:35:00,12.4,1.8,2.7,6.5,168,0.0,0.0,0.0,0.0,0.0,0.23,28.22,86,0,7.3,,,28.22,154,1.8,1,308.0,308.0
2024-03-28 07:40:00-05:00,2024-03-28 07:40:00,13.3,3.8,4.9,6.5,180,0.0,0.0,0.0,0.0,0.0,0.23,28.22,85,0,11.0,,,28.22,154,1.8,1,308.0,308.0
2024-03-28 07:45:00-05:00,2024-03-28 07:45:00,14.0,5.1,5.1,6.5,168,0.0,0.0,0.0,0.0,0.0,0.23,28.23,85,0,12.2,,,28.23,172,3.4,1,308.0,308.0
2024-03-28 07:50:00-05:00,2024-03-28 07:50:00,13.5,3.8,4.9,6.5,142,0.0,0.0,0.0,0.0,0.0,0.23,28.23,84,0,14.7,,,28.23,172,3.6,1,308.0,308.0
2024-03-28 07:55:00-05:00,2024-03-28 07:55:00,13.6,2.5,4.3,6.5,164,0.0,0.0,0.0,0.0,0.0,0.23,28.23,85,0,18.3,,,28.23,154,3.4,1,308.0,308.0
2024-03-28 08:00:00-05:00,2024-03-28 08:00:00,14.5,3.1,4.5,6.5,176,0.0,0.0,0.0,0.0,0.0,0.23,28.23,84,0,18.3,,,28.23,169,2.9,1,308.0,308.0
2024-03-28 08:05:00-05:00,2024-03-28 08:05:00,16.7,1.6,3.6,6.5,176,0.0,0.0,0.0,0.0,0.0,0.23,28.23,82,0,22.0,,,28.23,171,3.1,1,308.0,308.0
2024-03-28 08:10:00-05:00,2024-03-28 08:10:00,18.1,1.8,2.9,6.5,188,0.0,0.0,0.0,0.0,0.0,0.23,28.24,81,0,25.6,,,28.24,159,2.5,1,308.0,308.0
2024-03-28 08:15:00-05:00,2024-03-28 08:15:00,18.3,2.9,4.3,6.5,135,0.0,0.0,0.0,0.0,0.0,0.23,28.24,80,0,26.9,,,28.24,164,2.2,1,308.0,308.0
2024-03-28 08:20:00-05:00,2024-03-28 08:20:00,17.4,2.2,3.1,6.5,149,0.0,0.0,0.0,0.0,0.0,0.23,28.24,81,0,29.4,,,28.24,144,2.2,1,308.0,308.0
2024-03-28 08:25:00-05:00,2024-03-28 08:25:00,18.3,4.7,4.7,6.5,119,0.0,0.0,0.0,0.0,0.0,0.23,28.23,80,0,28.1,,,28.23,140,2.9,1,308.0,308.0
2024-03-28 08:30:00-05:00,2024-03-28 08:30:00,18.5,2.5,4.7,6.5,97,0.0,0.0,0.0,0.0,0.0,0.23,28.24,80,0,33.0,,,28.24,118,3.4,1,308.0,308.0
2024-03-28 08:35:00-05:00,2024-03-28 08:35:00,19.0,3.8,5.8,6.5,125,0.0,0.0,0.0,0.0,0.0,0.23,28.24,78,0,41.6,,,28.24,110,3.4,1,308.0,308.0
2024-03-28 08:40:00-05:00,2024-03-28 08:40:00,19.6,2.9,4.9,6.5,125,0.0,0.0,0.0,0.0,0.0,0.23,28.24,76,0,48.9,,,28.24,128,3.1,1,308.0,308.0
2024-03-28 08:45:00-05:00,2024-03-28 08:45:00,20.7,2.9,4.3,6.5,144,0.0,0.0,0.0,0.0,0.0,0.23,28.23,75,0,56.3,,,28.23,135,2.7,1,308.0,308.0
2024-03-28 08:50:00-05:00,2024-03-28 08:50:00,20.8,4.3,6.5,6.5,127,0.0,0.0,0.0,0.0,0.0,0.23,28.25,73,0,74.6,,,28.25,131,3.4,1,308.0,308.0
2024-03-28 08:55:00-05:00,2024-03-28 08:55:00,21.4,4.3,5.4,6.5,113,0.0,0.0,0.0,0.0,0.0,0.23,28.24,72,0,77.0,,,28.24,132,3.8,1,308.0,308.0
2024-03-28 09:00:00-05:00,2024-03-28 09:00:00,21.4,3.1,5.1,6.5,130,0.0,0.0,0.0,0.0,0.0,0.23,28.25,72,0,72.1,,,28.25,133,3.8,1,308.0,308.0
2024-03-28 09:05:00-05:00,2024-03-28 09:05:00,21.6,4.5,4.9,6.5,152,0.0,0.0,0.0,0.0,0.0,0.23,28.24,74,0,81.9,,,28.24,142,4.7,1,308.0,308.0
2024-03-28 09:10:00-05:00,2024-03-28 09:10:00,21.7,5.1,5.6,6.5,152,0.0,0.0,0.0,0.0,0.0,0.23,28.25,74,1,100.3,,,28.25,150,4.3,1,308.0,308.0
2024-03-28 09:15:00-05:00,2024-03-28 09:15:00,21.7,2.9,4.9,6.5,138,0.0,0.0,0.0,0.0,0.0,0.23,28.24,74,1,124.8,,,28.24,142,4.0,1,308.0,308.0
2024-03-28 09:20:00-05:00,2024-03-28 09:20:00,24.4,2.5,5.4,6.5,79,0.0,0.0,0.0,0.0,0.0,0.23,28.24,69,1,106.4,,,28.24,135,3.4,1,308.0,308.0
2024-03-28 09:25:00-05:00,2024-03-28 09:25:00,22.5,3.1,7.2,7.2,140,0.0,0.0,0.0,0.0,0.0,0.23,28.24,71,1,106.4,,,28.24,108,3.6,1,308.0,308.0
2024-03-28 09:30:00-05:00,2024-03-28 09:30:00,22.5,2.2,7.6,7.6,117,0.0,0.0,0.0,0.0,0.0,0.23,28.23,72,1,137.0,,,28.23,140,4.7,1,308.0,308.0
2024-03-28 09:35:00-05:00,2024-03-28 09:35:00,24.1,3.6,6.5,7.6,130,0.0,0.0,0.0,0.0,0.0,0.23,28.23,71,1,173.7,,,28.23,128,4.0,1,308.0,308.0
2024-03-28 09:40:00-05:00,2024-03-28 09:40:00,23.5,4.0,5.8,7.6,142,0.0,0.0,0.0,0.0,0.0,0.23,28.23,72,1,185.9,,,28.23,123,4.3,1,308.0,308.0
2024-03-28 09:45:00-05:00,2024-03-28 09:45:00,23.4,3.6,6.9,7.6,151,0.0,0.0,0.0,0.0,0.0,0.23,28.24,71,2,203.1,,,28.24,128,4.7,1,308.0,308.0
2024-03-28 09:50:00-05:00,2024-03-28 09:50:00,22.8,4.5,7.8,7.8,164,0.0,0.0,0.0,0.0,0.0,0.23,28.24,71,2,211.6,,,28.24,144,4.7,1,308.0,308.0
2024-03-28 09:55:00-05:00,2024-03-28 09:55:00,23.2,1.6,9.8,9.8,165,0.0,0.0,0.0,0.0,0.0,0.23,28.24,71,2,220.2,,,28.24,144,4.9,1,308.0,308.0
2024-03-28 10:00:00-05:00,2024-03-28 10:00:00,23.0,4.9,8.7,9.8,128,0.0,0.0,0.0,0.0,0.0,0.23,28.24,69,2,230.0,,,28.24,139,5.1,1,308.0,308.0
2024-03-28 10:05:00-05:00,2024-03-28 10:05:00,23.4,8.7,8.7,9.8,117,0.0,0.0,0.0,0.0,0.0,0.23,28.25,68,2,239.8,,,28.25,122,5.4,1,308.0,308.0
2024-03-28 10:10:00-05:00,2024-03-28 10:10:00,24.4,2.9,6.7,9.8,96,0.0,0.0,0.0,0.0,0.0,0.23,28.24,67,2,291.2,,,28.24,150,5.4,1,308.0,308.0
2024-03-28 10:15:00-05:00,2024-03-28 10:15:00,24.8,3.4,8.5,9.8,137,0.0,0.0,0.0,0.0,0.0,0.23,28.24,65,2,300.9,,,28.24,150,4.5,1,308.0,308.0
2024-03-28 10:20:00-05:00,2024-03-28 10:20:00,24.4,3.6,8.9,9.8,87,0.0,0.0,0.0,0.0,0.0,0.23,28.25,66,3,324.1,,,28.25,154,4.7,1,308.0,308.0
2024-03-28 10:25:00-05:00,2024-03-28 10:25:00,24.4,4.0,6.3,9.8,113,0.0,0.0,0.0,0.0,0.0,0.23,28.25,67,3,323.0,,,28.25,114,5.4,1,308.0,308.0
2024-03-28 10:30:00-05:00,2024-03-28 10:30:00,25.5,6.3,8.3,9.8,132,0.0,0.0,0.0,0.0,0.0,0.23,28.25,65,3,309.5,,,28.25,113,4.9,1,308.0,308.0
2024-03-28 10:36:00-05:00,2024-03-28 10:36:00,24.3,5.1,9.2,12.8,123,0.0,0.0,0.0,0.0,0.0,0.23,28.24,67,3,353.5,,,28.24,125,5.4,1,308.0,308.0
2024-03-28 10:40:00-05:00,2024-03-28 10:40:00,24.4,6.9,11.6,12.8,119,0.0,0.0,0.0,0.0,0.0,0.23,28.24,66,3,357.2,,,28.24,125,6.3,1,308.0,308.0
2024-03-28 10:45:00-05:00,2024-03-28 10:45:00,24.3,5.1,10.5,12.8,97,0.0,0.0,0.0,0.0,0.0,0.23,28.25,67,3,374.4,,,28.25,125,5.4,1,308.0,308.0
2024-03-28 10:50:00-05:00,2024-03-28 10:50:00,24.3,5.4,13.6,13.6,146,0.0,0.0,0.0,0.0,0.0,0.23,28.24,68,3,391.5,,,28.24,125,5.6,1,308.0,308.0
2024-03-28 10:55:00-05:00,2024-03-28 10:55:00,24.6,6.0,10.1,13.6,121,0.0,0.0,0.0,0.0,0.0,0.23,28.24,68,3,392.7,,,28.24,130,6.7,1,308.0,308.0
2024-03-28 11:00:00-05:00,2024-03-28 11:00:00,25.2,5.8,11.6,13.6,97,0.0,0.0,0.0,0.0,0.0,0.23,28.24,69,4,424.5,,,28.24,135,6.9,1,308.0,308.0
2024-03-28 11:05:00-05:00,2024-03-28 11:05:00,25.5,6.7,8.5,13.6,120,0.0,0.0,0.0,0.0,0.0,0.23,28.24,67,4,442.9,,,28.24,110,5.8,1,308.0,308.0
2024-03-28 11:10:00-05:00,2024-03-28 11:10:00,25.9,6.0,13.0,13.6,100,0.0,0.0,0.0,0.0,0.0,0.23,28.24,66,4,460.0,,,28.24,108,6.3,1,308.0,308.0
2024-03-28 11:15:00-05:00,2024-03-28 11:15:00,26.1,6.9,13.0,14.3,123,0.0,0.0,0.0,0.0,0.0,0.23,28.23,65,4,452.6,,,28.23,121,8.3,1,308.0,308.0
2024-03-28 11:20:00-05:00,2024-03-28 11:20:00,27.0,11.0,14.1,14.3,134,0.0,0.0,0.0,0.0,0.0,0.23,28.24,62,4,458.7,,,28.24,98,6.9,1,308.0,308.0
2024-03-28 11:25:00-05:00,2024-03-28 11:25:00,26.4,6.3,12.3,16.3,140,0.0,0.0,0.0,0.0,0.0,0.23,28.24,63,4,473.4,,,28.24,120,6.9,1,308.0,308.0
2024-03-28 11:30:00-05:00,2024-03-28 11:30:00,27.0,4.9,11.0,16.3,76,0.0,0.0,0.0,0.0,0.0,0.23,28.23,63,5,519.9,,,28.23,120,6.7,1,308.0,308.0
2024-03-28 11:35:00-05:00,2024-03-28 11:35:00,26.6,11.2,13.4,16.3,115,0.0,0.0,0.0,0.0,0.0,0.23,28.23,64,5,512.5,,,28.23,118,6.7,1,308.0,308.0
2024-03-28 11:40:00-05:00,2024-03-28 11:40:00,28.0,3.6,10.5,16.3,56,0.0,0.0,0.0,0.0,0.0,0.23,28.24,64,4,491.8,,,28.24,100,7.4,1,308.0,308.0
2024-03-28 11:45:00-05:00,2024-03-28 11:45:00,27.9,8.3,15.2,16.3,81,0.0,0.0,0.0,0.0,0.0,0.23,28.23,65,5,537.0,,,28.23,95,6.9,1,308.0,308.0
2024-03-28 11:50:00-05:00,2024-03-28 11:50:00,28.6,4.0,8.1,16.3,68,0.0,0.0,0.0,0.0,0.0,0.23,28.23,64,5,562.8,,,28.23,77,5.8,1,308.0,308.0
2024-03-28 11:55:00-05:00,2024-03-28 11:55:00,27.9,7.4,9.4,16.3,125,0.0,0.0,0.0,0.0,0.0,0.23,28.23,64,5,571.3,,,28.23,76,5.4,1,308.0,308.0
2024-03-28 12:00:00-05:00,2024-03-28 12:00:00,28.4,4.5,8.9,16.3,119,0.0,0.0,0.0,0.0,0.0,0.23,28.23,64,5,586.0,,,28.23,119,5.1,1,308.0,308.0
2024-03-28 12:05:00-05:00,2024-03-28 12:05:00,28.8,3.6,9.6,16.3,118,0.0,0.0,0.0,0.0,0.0,0.23,28.23,63,5,513.8,,,28.23,112,5.1,1,308.0,308.0
2024-03-28 12:10:00-05:00,2024-03-28 12:10:00,29.3,6.9,9.6,16.3,103,0.0,0.0,0.0,0.0,0.0,0.23,28.23,63,6,620.2,,,28.23,105,5.1,1,308.0,308.0
2024-03-28 12:15:00-05:00,2024-03-28 12:15:00,28.8,4.9,11.6,16.3,132,0.0,0.0,0.0,0.0,0.0,0.23,28.24,63,5,543.2,,,28.24,138,6.0,1,308.0,308.0
2024-03-28 12:20:00-05:00,2024-03-28 12:20:00,28.9,6.3,12.3,16.3,127,0.0,0.0,0.0,0.0,0.0,0.23,28.23,63,6,643.5,,,28.23,114,5.6,1,308.0,308.0
2024-03-28 12:25:00-05:00,2024-03-28 12:25:00,28.9,4.3,12.3,16.3,151,0.0,0.0,0.0,0.0,0.0,0.23,28.23,63,6,647.1,,,28.23,144,5.6,1,308.0,308.0
2024-03-28 12:30:00-05:00,2024-03-28 12:30:00,29.3,5.6,12.5,16.3,78,0.0,0.0,0.0,0.0,0.0,0.23,28.23,63,6,633.7,,,28.23,135,5.8,1,308.0,308.0
2024-03-28 12:35:00-05:00,2024-03-28 12:35:00,30.0,6.5,7.6,16.3,114,0.0,0.0,0.0,0.0,0.0,0.23,28.23,64,6,641.0,,,28.23,114,6.0,1,308.0,308.0
2024-03-28 12:40:00-05:00,2024-03-28 12:40:00,29.7,8.5,10.1,16.3,130,0.0,0.0,0.0,0.0,0.0,0.23,28.23,62,6,639.8,,,28.23,123,6.5,1,308.0,308.0
2024-03-28 12:46:00-05:00,2024-03-28 12:46:00,30.0,4.7,8.1,16.3,131,0.0,0.0,0.0,0.0,0.0,0.23,28.23,64,5,608.0,,,28.23,121,6.7,1,308.0,308.0
2024-03-28 12:51:00-05:00,2024-03-28 12:51:00,30.0,3.8,6.5,16.3,165,0.0,0.0,0.0,0.0,0.0,0.23,28.23,64,6,665.5,,,28.23,121,6.0,1,308.0,308.0
2024-03-28 12:55:00-05:00,2024-03-28 12:55:00,30.9,4.9,13.6,16.3,141,0.0,0.0,0.0,0.0,0.0,0.23,28.23,61,6,645.9,,,28.23,144,5.4,1,308.0,308.0
2024-03-28 13:01:00-05:00,2024-03-28 13:01:00,30.9,4.3,9.2,16.3,146,0.0,0.0,0.0,0.0,0.0,0.23,28.22,62,6,641.0,,,28.22,94,4.7,1,308.0,308.0
2024-03-28 13:05:00-05:00,2024-03-28 13:05:00,30.6,4.9,10.3,16.3,128,0.0,0.0,0.0,0.0,0.0,0.23,28.22,61,6,634.9,,,28.22,143,5.1,1,308.0,308.0
2024-03-28 13:10:00-05:00,2024-03-28 13:10:00,29.8,9.6,14.8,16.3,132,0.0,0.0,0.0,0.0,0.0,0.23,28.23,62,6,627.5,,,28.23,155,6.3,1,308.0,308.0
2024-03-28 13:15:00-05:00,2024-03-28 13:15:00,30.0,5.6,11.6,16.3,121,0.0,0.0,0.0,0.0,0.0,0.23,28.23,64,6,641.0,,,28.23,132,7.4,1,308.0,308.0
2024-03-28 13:20:00-05:00,2024-03-28 13:20:00,30.4,9.8,12.5,16.3,139,0.0,0.0,0.0,0.0,0.0,0.23,28.23,60,6,638.6,,,28.23,126,5.4,1,308.0,308.0
2024-03-28 13:25:00-05:00,2024-03-28 13:25:00,30.7,9.6,11.9,16.3,114,0.0,0.0,0.0,0.0,0.0,0.23,28.23,65,5,589.7,,,28.23,128,5.8,1,308.0,308.0
2024-03-28 13:30:00-05:00,2024-03-28 13:30:00,30.9,6.9,11.2,16.3,109,0.0,0.0,0.0,0.0,0.0,0.23,28.23,63,6,622.6,,,28.23,127,5.8,1,308.0,308.0
2024-03-28 13:35:00-05:00,2024-03-28 13:35:00,31.1,10.3,10.3,16.3,118,0.0,0.0,0.0,0.0,0.0,0.23,28.23,61,5,611.7,,,28.23,127,5.8,1,308.0,308.0
2024-03-28 13:40:00-05:00,2024-03-28 13:40:00,32.0,6.9,9.6,16.3,153,0.0,0.0,0.0,0.0,0.0,0.23,28.23,63,6,621.5,,,28.23,127,5.8,1,308.0,308.0
2024-03-28 13:45:00-05:00,2024-03-28 13:45:00,31.3,6.0,11.2,16.3,127,0.0,0.0,0.0,0.0,0.0,0.23,28.23,64,6,621.5,,,28.23,146,6.3,1,308.0,308.0
2024-03-28 13:50:00-05:00,2024-03-28 13:50:00,31.1,4.3,13.6,16.3,147,0.0,0.0,0.0,0.0,0.0,0.23,28.22,63,5,588.4,,,28.22,146,6.7,1,308.0,308.0
2024-03-28 13:55:00-05:00,2024-03-28 13:55:00,31.1,3.4,9.8,16.3,157,0.0,0.0,0.0,0.0,0.0,0.23,28.23,59,4,466.1,,,28.23,139,7.2,1,308.0,308.0
2024-03-28 14:00:00-05:00,2024-03-28 14:00:00,31.6,7.6,8.5,16.3,131,0.0,0.0,0.0,0.0,0.0,0.23,28.22,60,5,539.5,,,28.22,132,6.0,1,308.0,308.0
2024-03-28 14:05:00-05:00,2024-03-28 14:05:00,31.6,7.8,10.7,16.3,131,0.0,0.0,0.0,0.0,0.0,0.23,28.22,61,5,581.1,,,28.22,132,5.8,1,308.0,308.0
2024-03-28 14:10:00-05:00,2024-03-28 14:10:00,31.5,9.2,10.3,16.3,100,0.0,0.0,0.0,0.0,0.0,0.23,28.22,63,5,586.0,,,28.22,132,5.8,1,308.0,308.0
2024-03-28 14:15:00-05:00,2024-03-28 14:15:00,32.2,1.8,8.5,16.3,115,0.0,0.0,0.0,0.0,0.0,0.23,28.21,62,4,445.3,,,28.21,115,6.3,1,308.0,308.0
2024-03-28 14:20:00-05:00,2024-03-28 14:20:00,31.8,6.3,13.6,16.3,133,0.0,0.0,0.0,0.0,0.0,0.23,28.21,63,5,541.9,,,28.21,127,6.0,1,308.0,308.0
2024-03-28 14:25:00-05:00,2024-03-28 14:25:00,31.8,2.2,7.6,16.3,122,0.0,0.0,0.0,0.0,0.0,0.23,28.2,62,4,475.9,,,28.2,129,5.4,1,308.0,308.0
2024-03-28 14:30:00-05:00,2024-03-28 14:30:00,33.6,3.4,9.4,16.3,135,0.0,0.0,0.0,0.0,0.0,0.23,28.21,62,5,583.5,,,28.21,130,5.1,1,308.0,308.0
2024-03-28 14:35:00-05:00,2024-03-28 14:35:00,33.1,8.3,11.2,16.3,135,0.0,0.0,0.0,0.0,0.0,0.23,28.2,60,5,594.5,,,28.2,105,4.9,1,308.0,308.0
2024-03-28 14:40:00-05:00,2024-03-28 14:40:00,32.2,0.0,10.7,16.3,96,0.0,0.0,0.0,0.0,0.0,0.23,28.2,61,5,543.2,,,28.2,121,6.0,1,308.0,308.0
2024-03-28 14:45:00-05:00,2024-03-28 14:45:00,33.1,8.5,13.0,16.3,104,0.0,0.0,0.0,0.0,0.0,0.23,28.2,61,5,534.6,,,28.2,130,5.6,1,308.0,308.0
2024-03-28 14:50:00-05:00,2024-03-28 14:50:00,33.4,4.5,10.1,16.3,123,0.0,0.0,0.0,0.0,0.0,0.23,28.2,57,5,570.1,,,28.2,138,5.1,1,308.0,308.0
2024-03-28 14:55:00-05:00,2024-03-28 14:55:00,33.1,6.3,12.5,16.3,131,0.0,0.0,0.0,0.0,0.0,0.23,28.2,58,5,563.9,,,28.2,134,5.8,1,308.0,308.0
2024-03-28 15:01:00-05:00,2024-03-28 15:01:00,32.9,6.7,11.6,16.3,74,0.0,0.0,0.0,0.0,0.0,0.23,28.19,59,5,556.6,,,28.19,130,6.9,1,308.0,308.0
2024-03-28 15:05:00-05:00,2024-03-28 15:05:00,33.8,7.4,13.0,16.3,112,0.0,0.0,0.0,0.0,0.0,0.23,28.19,58,5,530.9,,,28.19,122,6.7,1,308.0,308.0
2024-03-28 15:10:00-05:00,2024-03-28 15:10:00,33.4,5.1,9.6,16.3,149,0.0,0.0,0.0,0.0,0.0,0.23,28.19,59,4,456.3,,,28.19,129,5.8,1,308.0,308.0
2024-03-28 15:15:00-05:00,2024-03-28 15:15:00,32.9,5.1,12.1,16.3,109,0.0,0.0,0.0,0.0,0.0,0.23,28.19,60,4,483.2,,,28.19,133,7.4,1,308.0,308.0
2024-03-28 15:20:00-05:00,2024-03-28 15:20:00,33.6,13.9,15.0,16.3,127,0.0,0.0,0.0,0.0,0.0,0.23,28.18,58,4,463.6,,,28.18,138,7.6,1,308.0,308.0
2024-03-28 15:25:00-05:00,2024-03-28 15:25:00,33.1,7.6,12.1,16.3,84,0.0,0.0,0.0,0.0,0.0,0.23,28.19,56,4,464.9,,,28.19,129,7.6,1,308.0,308.0
2024-03-28 15:30:00-05:00,2024-03-28 15:30:00,33.4,7.8,14.1,16.3,147,0.0,0.0,0.0,0.0,0.0,0.23,28.19,56,4,466.1,,,28.19,127,7.6,1,308.0,308.0
2024-03-28 15:35:00-05:00,2024-03-28 15:35:00,34.0,6.3,8.1,16.3,129,0.0,0.0,0.0,0.0,0.0,0.23,28.19,55,5,523.6,,,28.19,135,6.5,1,308.0,308.0
2024-03-28 15:40:00-05:00,2024-03-28 15:40:00,34.3,6.0,9.8,16.3,129,0.0,0.0,0.0,0.0,0.0,0.23,28.19,54,5,527.2,,,28.19,130,6.5,1,308.0,308.0
2024-03-28 15:45:00-05:00,2024-03-28 15:45:00,33.6,0.0,13.0,16.3,53,0.0,0.0,0.0,0.0,0.0,0.23,28.19,57,4,463.6,,,28.19,127,6.5,1,308.0,308.0
2024-03-28 15:50:00-05:00,2024-03-28 15:50:00,33.8,3.8,13.4,16.3,125,0.0,0.0,0.0,0.0,0.0,0.23,28.2,56,4,485.6,,,28.2,123,6.9,1,308.0,308.0
2024-03-28 15:55:00-05:00,2024-03-28 15:55:00,34.2,6.7,10.1,16.3,125,0.0,0.0,0.0,0.0,0.0,0.23,28.19,56,4,472.2,,,28.19,128,6.0,1,308.0,308.0
2024-03-28 16:00:00-05:00,2024-03-28 16:00:00,34.9,5.8,7.6,16.3,142,0.0,0.0,0.0,0.0,0.0,0.23,28.18,56,4,480.7,,,28.18,129,5.8,1,308.0,308.0
2024-03-28 16:05:00-05:00,2024-03-28 16:05:00,34.3,1.3,15.2,16.3,84,0.0,0.0,0.0,0.0,0.0,0.23,28.19,58,4,452.6,,,28.19,107,5.8,1,308.0,308.0
2024-03-28 16:10:00-05:00,2024-03-28 16:10:00,34.2,7.8,11.2,16.6,98,0.0,0.0,0.0,0.0,0.0,0.23,28.19,56,4,464.9,,,28.19,127,5.8,1,308.0,308.0
2024-03-28 16:15:00-05:00,2024-03-28 16:15:00,35.2,5.8,10.7,16.6,143,0.0,0.0,0.0,0.0,0.0,0.23,28.19,53,4,469.8,,,28.19,116,6.0,1,308.0,308.0
2024-03-28 16:20:00-05:00,2024-03-28 16:20:00,34.7,4.0,10.1,16.6,120,0.0,0.0,0.0,0.0,0.0,0.23,28.18,52,4,451.4,,,28.18,122,6.0,1,308.0,308.0
2024-03-28 16:25:00-05:00,2024-03-28 16:25:00,34.7,4.7,11.0,16.6,127,0.0,0.0,0.0,0.0,0.0,0.23,28.18,52,4,446.5,,,28.18,129,6.0,1,308.0,308.0
2024-03-28 16:30:00-05:00,2024-03-28 16:30:00,34.3,6.5,11.6,16.6,131,0.0,0.0,0.0,0.0,0.0,0.23,28.18,54,4,430.6,,,28.18,111,7.6,1,308.0,308.0
2024-03-28 16:35:00-05:00,2024-03-28 16:35:00,34.7,7.4,13.4,16.6,128,0.0,0.0,0.0,0.0,0.0,0.23,28.18,50,4,420.8,,,28.18,124,8.3,1,308.0,308.0
2024-03-28 16:40:00-05:00,2024-03-28 16:40:00,34.7,8.7,9.8,16.6,115,0.0,0.0,0.0,0.0,0.0,0.23,28.18,49,4,431.8,,,28.18,132,7.6,1,308.0,308.0
2024-03-28 16:45:00-05:00,2024-03-28 16:45:00,35.6,6.3,8.3,16.6,124,0.0,0.0,0.0,0.0,0.0,0.23,28.18,49,4,435.5,,,28.18,133,6.7,1,308.0,308.0
2024-03-28 16:50:00-05:00,2024-03-28 16:50:00,35.6,3.8,10.7,16.6,97,0.0,0.0,0.0,0.0,0.0,0.23,28.18,46,3,376.8,,,28.18,129,5.4,1,308.0,308.0
2024-03-28 16:55:00-05:00,2024-03-28 16:55:00,36.9,4.9,6.0,16.6,74,0.0,0.0,0.0,0.0,0.0,0.23,28.18,44,4,415.9,,,28.18,124,5.1,1,308.0,308.0
2024-03-28 17:00:00-05:00,2024-03-28 17:00:00,36.0,8.5,11.0,16.6,104,0.0,0.0,0.0,0.0,0.0,0.23,28.18,36,3,356.0,,,28.18,80,4.5,1,308.0,308.0
2024-03-28 17:05:00-05:00,2024-03-28 17:05:00,36.1,4.9,10.3,16.6,92,0.0,0.0,0.0,0.0,0.0,0.23,28.17,40,3,330.3,,,28.17,118,6.5,1,308.0,308.0
2024-03-28 17:10:00-05:00,2024-03-28 17:10:00,35.6,5.6,12.3,16.6,121,0.0,0.0,0.0,0.0,0.0,0.23,28.17,34,3,354.8,,,28.17,118,6.0,1,308.0,308.0
2024-03-28 17:15:00-05:00,2024-03-28 17:15:00,35.6,6.3,10.1,16.6,124,0.0,0.0,0.0,0.0,0.0,0.23,28.18,34,3,335.2,,,28.18,128,6.0,1,308.0,308.0
2024-03-28 17:20:00-05:00,2024-03-28 17:20:00,36.7,5.4,10.3,16.6,83,0.0,0.0,0.0,0.0,0.0,0.23,28.18,38,2,305.8,,,28.18,134,6.3,1,308.0,308.0
2024-03-28 17:25:00-05:00,2024-03-28 17:25:00,36.0,8.7,11.9,16.6,129,0.0,0.0,0.0,0.0,0.0,0.23,28.17,41,2,278.9,,,28.17,98,6.7,1,308.0,308.0
2024-03-28 17:30:00-05:00,2024-03-28 17:30:00,36.1,6.5,9.8,16.6,108,0.0,0.0,0.0,0.0,0.0,0.23,28.17,41,3,309.5,,,28.17,112,6.7,1,308.0,308.0
2024-03-28 17:35:00-05:00,2024-03-28 17:35:00,36.0,4.5,12.5,16.6,124,0.0,0.0,0.0,0.0,0.0,0.23,28.18,43,2,286.3,,,28.18,115,6.0,1,308.0,308.0
2024-03-28 17:40:00-05:00,2024-03-28 17:40:00,36.0,5.4,11.2,16.6,108,0.0,0.0,0.0,0.0,0.0,0.23,28.18,44,2,267.9,,,28.18,130,5.1,1,308.0,308.0
2024-03-28 17:45:00-05:00,2024-03-28 17:45:00,36.3,5.4,7.6,16.6,63,0.0,0.0,0.0,0.0,0.0,0.23,28.17,43,2,253.2,,,28.17,88,5.6,1,308.0,308.0
2024-03-28 17:50:00-05:00,2024-03-28 17:50:00,35.8,7.6,11.6,16.6,97,0.0,0.0,0.0,0.0,0.0,0.23,28.18,43,2,255.6,,,28.18,85,5.8,1,308.0,308.0
2024-03-28 17:55:00-05:00,2024-03-28 17:55:00,35.6,6.7,12.3,16.6,135,0.0,0.0,0.0,0.0,0.0,0.23,28.17,44,1,185.9,,,28.17,128,6.7,1,308.0,308.0
2024-03-28 18:00:00-05:00,2024-03-28 18:00:00,35.6,4.3,8.7,16.6,112,0.0,0.0,0.0,0.0,0.0,0.23,28.17,46,1,167.6,,,28.17,18,6.9,1,308.0,308.0
2024-03-28 18:05:00-05:00,2024-03-28 18:05:00,35.2,1.3,8.5,16.6,191,0.0,0.0,0.0,0.0,0.0,0.23,28.17,47,1,126.0,,,28.17,124,5.8,1,308.0,308.0
2024-03-28 18:10:00-05:00,2024-03-28 18:10:00,35.4,4.9,12.1,16.6,99,0.0,0.0,0.0,0.0,0.0,0.23,28.16,47,1,154.1,,,28.16,114,5.6,1,308.0,308.0
2024-03-28 18:15:00-05:00,2024-03-28 18:15:00,35.8,1.3,9.2,16.6,90,0.0,0.0,0.0,0.0,0.0,0.23,28.16,48,1,188.4,,,28.16,122,5.6,1,308.0,308.0
2024-03-28 18:20:00-05:00,2024-03-28 18:20:00,36.1,9.6,10.5,16.6,139,0.0,0.0,0.0,0.0,0.0,0.23,28.16,48,1,196.9,,,28.16,122,5.1,1,308.0,308.0
2024-03-28 18:25:00-05:00,2024-03-28 18:25:00,35.8,8.9,10.3,16.6,100,0.0,0.0,0.0,0.0,0.0,0.23,28.16,48,1,167.6,,,28.16,82,5.1,1,308.0,308.0
2024-03-28 18:30:00-05:00,2024-03-28 18:30:00,35.6,11.2,11.2,16.6,126,0.0,0.0,0.0,0.0,0.0,0.23,28.16,49,0,96.6,,,28.16,87,4.7,1,308.0,308.0
2024-03-28 18:35:00-05:00,2024-03-28 18:35:00,34.9,7.2,11.0,16.6,123,0.0,0.0,0.0,0.0,0.0,0.23,28.15,48,1,113.7,,,28.15,103,6.0,1,308.0,308.0
2024-03-28 18:40:00-05:00,2024-03-28 18:40:00,35.4,6.5,8.1,16.6,93,0.0,0.0,0.0,0.0,0.0,0.23,28.16,49,1,113.7,,,28.16,81,6.0,1,308.0,308.0
2024-03-28 18:45:00-05:00,2024-03-28 18:45:00,35.6,4.0,10.1,16.6,114,0.0,0.0,0.0,0.0,0.0,0.23,28.16,48,1,118.6,,,28.16,90,5.4,1,308.0,308.0
2024-03-28 18:50:00-05:00,2024-03-28 18:50:00,35.2,6.5,8.7,16.6,83,0.0,0.0,0.0,0.0,0.0,0.23,28.16,49,0,94.2,,,28.16,67,5.4,1,308.0,308.0
2024-03-28 18:55:00-05:00,2024-03-28 18:55:00,34.7,6.0,8.1,16.6,78,0.0,0.0,0.0,0.0,0.0,0.23,28.16,49,0,81.9,,,28.16,94,5.6,1,308.0,308.0
2024-03-28 19:00:00-05:00,2024-03-28 19:00:00,34.5,4.5,9.2,16.6,20,0.0,0.0,0.0,0.0,0.0,0.23,28.16,50,0,47.7,,,28.16,101,4.7,1,308.0,308.0
2024-03-28 19:05:00-05:00,2024-03-28 19:05:00,34.2,4.9,8.9,16.6,112,0.0,0.0,0.0,0.0,0.0,0.23,28.16,52,0,33.0,,,28.16,92,4.7,1,308.0,308.0
2024-03-28 19:10:00-05:00,2024-03-28 19:10:00,33.8,5.8,9.4,16.6,87,0.0,0.0,0.0,0.0,0.0,0.23,28.16,52,0,25.6,,,28.16,112,4.5,1,308.0,308.0
2024-03-28 19:15:00-05:00,2024-03-28 19:15:00,33.6,5.8,8.3,16.6,48,0.0,0.0,0.0,0.0,0.0,0.23,28.17,54,0,20.8,,,28.17,102,5.4,1,308.0,308.0
2024-03-28 19:20:00-05:00,2024-03-28 19:20:00,33.3,5.6,7.6,16.6,90,0.0,0.0,0.0,0.0,0.0,0.23,28.16,58,0,15.9,,,28.16,90,5.1,1,308.0,308.0
2024-03-28 19:25:00-05:00,2024-03-28 19:25:00,32.9,3.6,6.7,16.6,71,0.0,0.0,0.0,0.0,0.0,0.23,28.16,62,0,12.2,,,28.16,93,5.1,1,308.0,308.0
2024-03-28 19:30:00-05:00,2024-03-28 19:30:00,32.7,2.2,5.8,16.6,61,0.0,0.0,0.0,0.0,0.0,0.23,28.15,64,0,9.8,,,28.15,93,5.1,1,308.0,308.0
2024-03-28 19:35:00-05:00,2024-03-28 19:35:00,32.4,1.6,5.6,16.6,80,0.0,0.0,0.0,0.0,0.0,0.23,28.16,67,0,7.3,,,28.16,123,3.6,1,308.0,308.0
2024-03-28 19:40:00-05:00,2024-03-28 19:40:00,32.2,3.4,8.9,16.6,93,0.0,0.0,0.0,0.0,0.0,0.23,28.16,68,0,3.6,,,28.16,106,3.6,1,308.0,308.0
2024-03-28 19:45:00-05:00,2024-03-28 19:45:00,32.0,5.1,7.4,16.6,127,0.0,0.0,0.0,0.0,0.0,0.23,28.15,69,0,1.2,,,28.15,105,4.7,1,308.0,308.0
2024-03-28 19:50:00-05:00,2024-03-28 19:50:00,31.6,8.5,8.5,16.6,103,0.0,0.0,0.0,0.0,0.0,0.23,28.15,70,0,0.0,,,28.15,99,4.5,1,308.0,308.0
2024-03-28 19:55:00-05:00,2024-03-28 19:55:00,31.3,2.7,7.4,16.6,124,0.0,0.0,0.0,0.0,0.0,0.23,28.14,71,0,0.0,,,28.14,77,4.5,1,308.0,308.0
2024-03-28 20:00:00-05:00,2024-03-28 20:00:00,31.3,2.7,6.9,16.6,126,0.0,0.0,0.0,0.0,0.0,0.23,28.15,71,0,0.0,,,28.15,99,4.5,1,308.0,308.0
2024-03-28 20:05:00-05:00,2024-03-28 20:05:00,30.9,3.1,6.5,16.6,58,0.0,0.0,0.0,0.0,0.0,0.23,28.15,72,0,0.0,,,28.15,99,4.7,1,308.0,308.0
2024-03-28 20:10:00-05:00,2024-03-28 20:10:00,30.7,8.3,9.2,16.6,101,0.0,0.0,0.0,0.0,0.0,0.23,28.15,73,0,0.0,,,28.15,109,4.7,1,308.0,308.0
2024-03-28 20:15:00-05:00,2024-03-28 20:15:00,30.6,4.9,6.7,16.6,51,0.0,0.0,0.0,0.0,0.0,0.23,28.15,73,0,0.0,,,28.15,92,4.7,1,308.0,308.0
2024-03-28 20:20:00-05:00,2024-03-28 20:20:00,30.2,4.3,10.5,16.6,90,0.0,0.0,0.0,0.0,0.0,0.23,28.15,73,0,0.0,,,28.15,99,4.9,1,308.0,308.0
2024-03-28 20:25:00-05:00,2024-03-28 20:25:00,29.8,3.8,12.8,16.6,93,0.0,0.0,0.0,0.0,0.0,0.23,28.15,74,0,0.0,,,28.15,99,5.6,1,308.0,308.0
2024-03-28 20:30:00-05:00,2024-03-28 20:30:00,29.7,4.7,11.2,16.6,99,0.0,0.0,0.0,0.0,0.0,0.23,28.15,74,0,0.0,,,28.15,88,5.6,1,308.0,308.0
2024-03-28 20:35:00-05:00,2024-03-28 20:35:00,29.5,8.3,12.8,16.6,81,0.0,0.0,0.0,0.0,0.0,0.23,28.14,74,0,0.0,,,28.14,104,5.6,1,308.0,308.0
2024-03-28 20:40:00-05:00,2024-03-28 20:40:00,29.1,4.3,7.6,16.6,84,0.0,0.0,0.0,0.0,0.0,0.23,28.14,75,0,0.0,,,28.14,93,5.6,1,308.0,308.0
2024-03-28 20:45:00-05:00,2024-03-28 20:45:00,28.9,3.4,8.1,16.6,116,0.0,0.0,0.0,0.0,0.0,0.23,28.15,75,0,0.0,,,28.15,84,5.1,1,308.0,308.0
2024-03-28 20:50:00-05:00,2024-03-28 20:50:00,28.9,4.5,7.2,16.6,42,0.0,0.0,0.0,0.0,0.0,0.23,28.14,75,0,0.0,,,28.14,102,4.7,1,308.0,308.0
2024-03-28 20:55:00-05:00,2024-03-28 20:55:00,28.8,6.3,6.3,16.6,113,0.0,0.0,0.0,0.0,0.0,0.23,28.14,76,0,0.0,,,28.14,90,4.7,1,308.0,308.0
2024-03-28 21:00:00-05:00,2024-03-28 21:00:00,28.4,0.0,8.5,16.6,80,0.0,0.0,0.0,0.0,0.0,0.23,28.15,75,0,0.0,,,28.15,90,5.4,1,308.0,308.0
2024-03-28 21:05:00-05:00,2024-03-28 21:05:00,28.2,5.4,10.1,16.6,56,0.0,0.0,0.0,0.0,0.0,0.23,28.14,76,0,0.0,,,28.14,103,5.6,1,308.0,308.0
2024-03-28 21:10:00-05:00,2024-03-28 21:10:00,28.2,0.0,5.8,16.6,102,0.0,0.0,0.0,0.0,0.0,0.23,28.15,76,0,0.0,,,28.15,102,4.7,1,308.0,308.0
2024-03-28 21:15:00-05:00,2024-03-28 21:15:00,28.0,3.8,10.3,16.6,106,0.0,0.0,0.0,0.0,0.0,0.23,28.15,76,0,0.0,,,28.15,107,5.4,1,308.0,308.0
2024-03-28 21:20:00-05:00,2024-03-28 21:20:00,27.9,5.4,8.1,16.6,108,0.0,0.0,0.0,0.0,0.0,0.23,28.14,76,0,0.0,,,28.14,115,5.4,1,308.0,308.0
2024-03-28 21:25:00-05:00,2024-03-28 21:25:00,27.9,4.0,8.3,16.6,84,0.0,0.0,0.0,0.0,0.0,0.23,28.15,76,0,0.0,,,28.15,83,4.3,1,308.0,308.0
2024-03-28 21:30:00-05:00,2024-03-28 21:30:00,27.7,5.4,8.5,16.6,127,0.0,0.0,0.0,0.0,0.0,0.23,28.15,76,0,0.0,,,28.15,101,4.3,1,308.0,308.0
2024-03-28 21:35:00-05:00,2024-03-28 21:35:00,27.7,4.3,7.6,16.6,82,0.0,0.0,0.0,0.0,0.0,0.23,28.14,76,0,0.0,,,28.14,96,4.9,1,308.0,308.0
2024-03-28 21:40:00-05:00,2024-03-28 21:40:00,27.9,2.7,8.3,16.6,29,0.0,0.0,0.0,0.0,0.0,0.23,28.15,75,0,0.0,,,28.15,77,4.9,1,308.0,308.0
2024-03-28 21:45:00-05:00,2024-03-28 21:45:00,27.7,4.0,11.9,16.6,100,0.0,0.0,0.0,0.0,0.0,0.23,28.15,75,0,0.0,,,28.15,86,5.6,1,308.0,308.0
2024-03-28 21:50:00-05:00,2024-03-28 21:50:00,27.5,6.3,11.6,16.6,112,0.0,0.0,0.0,0.0,0.0,0.23,28.14,76,0,0.0,,,28.14,100,6.0,1,308.0,308.0
2024-03-28 21:55:00-05:00,2024-03-28 21:55:00,27.5,4.3,9.2,16.6,117,0.0,0.0,0.0,0.0,0.0,0.23,28.14,76,0,0.0,,,28.14,94,5.4,1,308.0,308.0
2024-03-28 22:00:00-05:00,2024-03-28 22:00:00,27.7,6.0,9.4,16.6,128,0.0,0.0,0.0,0.0,0.0,0.23,28.13,76,0,0.0,,,28.13,65,5.4,1,308.0,308.0
2024-03-28 22:05:00-05:00,2024-03-28 22:05:00,27.7,6.0,9.8,16.6,90,0.0,0.0,0.0,0.0,0.0,0.23,28.13,77,0,0.0,,,28.13,101,6.0,1,308.0,308.0
2024-03-28 22:10:00-05:00,2024-03-28 22:10:00,27.7,5.1,8.5,16.6,90,0.0,0.0,0.0,0.0,0.0,0.23,28.13,77,0,0.0,,,28.13,84,5.4,1,308.0,308.0
2024-03-28 22:15:00-05:00,2024-03-28 22:15:00,27.9,5.1,10.3,16.6,103,0.0,0.0,0.0,0.0,0.0,0.23,28.13,76,0,0.0,,,28.13,90,5.4,1,308.0,308.0
2024-03-28 22:20:00-05:00,2024-03-28 22:20:00,27.9,7.8,10.5,16.6,106,0.0,0.0,0.0,0.0,0.0,0.23,28.13,76,0,0.0,,,28.13,92,5.4,1,308.0,308.0
2024-03-28 22:25:00-05:00,2024-03-28 22:25:00,27.7,4.7,11.2,16.6,88,0.0,0.0,0.0,0.0,0.0,0.23,28.13,76,0,0.0,,,28.13,94,5.6,1,308.0,308.0
2024-03-28 22:30:00-05:00,2024-03-28 22:30:00,27.9,5.4,9.2,16.6,95,0.0,0.0,0.0,0.0,0.0,0.23,28.13,76,0,0.0,,,28.13,103,6.0,1,308.0,308.0
2024-03-28 22:35:00-05:00,2024-03-28 22:35:00,27.9,6.3,8.9,16.6,100,0.0,0.0,0.0,0.0,0.0,0.23,28.13,76,0,0.0,,,28.13,105,6.0,1,308.0,308.0
2024-03-28 22:40:00-05:00,2024-03-28 22:40:00,27.9,6.0,9.2,16.6,99,0.0,0.0,0.0,0.0,0.0,0.23,28.13,77,0,0.0,,,28.13,103,5.8,1,308.0,308.0
2024-03-28 22:45:00-05:00,2024-03-28 22:45:00,27.9,6.3,10.3,16.6,107,0.0,0.0,0.0,0.0,0.0,0.23,28.13,76,0,0.0,,,28.13,94,5.8,1,308.0,308.0
2024-03-28 22:50:00-05:00,2024-03-28 22:50:00,27.9,5.6,8.5,16.6,72,0.0,0.0,0.0,0.0,0.0,0.23,28.13,76,0,0.0,,,28.13,96,5.6,1,308.0,308.0
2024-03-28 22:55:00-05:00,2024-03-28 22:55:00,28.0,6.0,9.2,16.6,103,0.0,0.0,0.0,0.0,0.0,0.23,28.13,77,0,0.0,,,28.13,95,5.4,1,308.0,308.0
2024-03-28 23:00:00-05:00,2024-03-28 23:00:00,28.0,2.2,6.9,16.6,58,0.0,0.0,0.0,0.0,0.0,0.23,28.13,77,0,0.0,,,28.13,90,5.6,1,308.0,308.0
2024-03-28 23:05:00-05:00,2024-03-28 23:05:00,28.0,4.7,8.1,16.6,109,0.0,0.0,0.0,0.0,0.0,0.23,28.12,77,0,0.0,,,28.12,101,5.1,1,308.0,308.0
2024-03-28 23:10:00-05:00,2024-03-28 23:10:00,28.0,4.5,11.0,16.6,84,0.0,0.0,0.0,0.0,0.0,0.23,28.13,78,0,0.0,,,28.13,104,4.7,1,308.0,308.0
2024-03-28 23:15:00-05:00,2024-03-28 23:15:00,27.9,5.4,12.3,16.6,81,0.0,0.0,0.0,0.0,0.0,0.23,28.13,78,0,0.0,,,28.13,107,5.6,1,308.0,308.0
2024-03-28 23:20:00-05:00,2024-03-28 23:20:00,27.9,4.5,9.4,16.6,100,0.0,0.0,0.0,0.0,0.0,0.23,28.12,77,0,0.0,,,28.12,92,6.9,1,308.0,308.0
2024-03-28 23:25:00-05:00,2024-03-28 23:25:00,27.7,4.7,6.3,16.6,130,0.0,0.0,0.0,0.0,0.0,0.23,28.12,78,0,0.0,,,28.12,96,5.8,1,308.0,308.0
2024-03-28 23:30:00-05:00,2024-03-28 23:30:00,27.7,3.8,5.6,16.6,59,0.0,0.0,0.0,0.0,0.0,0.23,28.12,78,0,0.0,,,28.12,101,4.7,1,308.0,308.0
2024-03-28 23:35:00-05:00,2024-03-28 23:35:00,27.5,4.7,11.6,16.6,111,0.0,0.0,0.0,0.0,0.0,0.23,28.12,78,0,0.0,,,28.12,92,4.7,1,308.0,308.0
2024-03-28 23:40:00-05:00,2024-03-28 23:40:00,27.5,4.9,11.2,16.6,79,0.0,0.0,0.0,0.0,0.0,0.23,28.11,78,0,0.0,,,28.11,101,5.4,1,308.0,308.0
2024-03-28 23:45:00-05:00,2024-03-28 23:45:00,27.5,7.8,12.1,16.6,93,0.0,0.0,0.0,0.0,0.0,0.23,28.11,78,0,0.0,,,28.11,83,6.9,1,308.0,308.0
2024-03-28 23:50:00-05:00,2024-03-28 23:50:00,27.5,7.4,10.7,16.6,97,0.0,0.0,0.0,0.0,0.0,0.23,28.11,77,0,0.0,,,28.11,92,5.8,1,308.0,308.0
2024-03-28 23:55:00-05:00,2024-03-28 23:55:00,27.5,4.3,8.7,16.6,96,0.0,0.0,0.0,0.0,0.0,0.23,28.11,78,0,0.0,,,28.11,98,5.1,1,308.0,308.0
2024-03-29 00:00:00-05:00,2024-03-29 00:00:00,27.5,1.1,9.2,16.6,105,0.0,0.0,0.0,0.0,0.0,0.23,28.11,78,0,0.0,,,28.11,105,4.7,1,308.0,308.0
2024-03-29 00:05:00-05:00,2024-03-29 00:05:00,27.5,1.8,9.6,9.6,85,0.0,0.0,0.0,0.0,0.0,0.23,28.11,77,0,0.0,,,28.11,105,4.5,1,308.0,308.0
2024-03-29 00:10:00-05:00,2024-03-29 00:10:00,27.5,11.4,11.9,11.9,118,0.0,0.0,0.0,0.0,0.0,0.23,28.11,77,0,0.0,,,28.11,98,5.4,1,308.0,308.0
2024-03-29 00:15:00-05:00,2024-03-29 00:15:00,27.7,4.5,11.2,11.9,79,0.0,0.0,0.0,0.0,0.0,0.23,28.11,77,0,0.0,,,28.11,102,5.8,1,308.0,308.0
2024-03-29 00:20:00-05:00,2024-03-29 00:20:00,27.9,10.7,11.2,11.9,83,0.0,0.0,0.0,0.0,0.0,0.23,28.11,77,0,0.0,,,28.11,97,5.8,1,308.0,308.0
2024-03-29 00:25:00-05:00,2024-03-29 00:25:00,27.9,3.8,9.2,11.9,125,0.0,0.0,0.0,0.0,0.0,0.23,28.11,77,0,0.0,,,28.11,106,6.3,1,308.0,308.0
2024-03-29 00:30:00-05:00,2024-03-29 00:30:00,28.0,5.6,7.4,11.9,73,0.0,0.0,0.0,0.0,0.0,0.23,28.12,77,0,0.0,,,28.12,106,5.8,1,308.0,308.0
2024-03-29 00:35:00-05:00,2024-03-29 00:35:00,28.2,7.4,13.2,13.2,83,0.0,0.0,0.0,0.0,0.0,0.23,28.11,76,0,0.0,,,28.11,110,6.0,1,308.0,308.0
2024-03-29 00:40:00-05:00,2024-03-29 00:40:00,28.2,4.0,9.6,13.2,88,0.0,0.0,0.0,0.0,0.0,0.23,28.11,76,0,0.0,,,28.11,103,6.0,1,308.0,308.0
2024-03-29 00:45:00-05:00,2024-03-29 00:45:00,28.2,1.6,8.3,13.2,45,0.0,0.0,0.0,0.0,0.0,0.23,28.11,76,0,0.0,,,28.11,90,5.6,1,308.0,308.0
2024-03-29 00:50:00-05:00,2024-03-29 00:50:00,28.2,4.3,6.7,13.2,92,0.0,0.0,0.0,0.0,0.0,0.23,28.11,76,0,0.0,,,28.11,87,5.4,1,308.0,308.0
2024-03-29 00:55:00-05:00,2024-03-29 00:55:00,28.0,7.6,12.8,13.2,84,0.0,0.0,0.0,0.0,0.0,0.23,28.11,76,0,0.0,,,28.11,58,6.0,1,308.0,308.0
2024-03-29 01:00:00-05:00,2024-03-29 01:00:00,28.0,4.5,8.7,13.2,96,0.0,0.0,0.0,0.0,0.0,0.23,28.11,76,0,0.0,,,28.11,83,5.8,1,308.0,308.0
2024-03-29 01:05:00-05:00,2024-03-29 01:05:00,28.2,8.9,13.6,13.6,94,0.0,0.0,0.0,0.0,0.0,0.23,28.11,75,0,0.0,,,28.11,86,5.1,1,308.0,308.0
2024-03-29 01:10:00-05:00,2024-03-29 01:10:00,28.4,8.5,11.6,13.6,85,0.0,0.0,0.0,0.0,0.0,0.23,28.11,75,0,0.0,,,28.11,94,5.6,1,308.0,308.0
2024-03-29 01:15:00-05:00,2024-03-29 01:15:00,28.4,8.3,9.8,13.6,87,0.0,0.0,0.0,0.0,0.0,0.23,28.1,74,0,0.0,,,28.1,94,6.0,1,308.0,308.0
2024-03-29 01:20:00-05:00,2024-03-29 01:20:00,28.4,1.1,8.5,13.6,90,0.0,0.0,0.0,0.0,0.0,0.23,28.1,74,0,0.0,,,28.1,104,5.8,1,308.0,308.0
2024-03-29 01:25:00-05:00,2024-03-29 01:25:00,28.6,5.1,13.2,13.6,90,0.0,0.0,0.0,0.0,0.0,0.23,28.11,74,0,0.0,,,28.11,105,6.7,1,308.0,308.0
2024-03-29 01:30:00-05:00,2024-03-29 01:30:00,28.4,3.4,10.3,13.6,244,0.0,0.0,0.0,0.0,0.0,0.23,28.1,74,0,0.0,,,28.1,90,6.9,1,308.0,308.0
2024-03-29 01:35:00-05:00,2024-03-29 01:35:00,28.4,4.9,8.9,14.5,125,0.0,0.0,0.0,0.0,0.0,0.23,28.1,75,0,0.0,,,28.1,110,5.6,1,308.0,308.0
2024-03-29 01:40:00-05:00,2024-03-29 01:40:00,28.8,18.6,18.6,18.6,126,0.0,0.0,0.0,0.0,0.0,0.23,28.11,75,0,0.0,,,28.11,110,5.8,1,308.0,308.0
2024-03-29 01:45:00-05:00,2024-03-29 01:45:00,28.8,4.3,8.7,18.6,132,0.0,0.0,0.0,0.0,0.0,0.23,28.11,74,0,0.0,,,28.11,120,7.2,1,308.0,308.0
2024-03-29 01:50:00-05:00,2024-03-29 01:50:00,28.8,8.5,9.8,18.6,88,0.0,0.0,0.0,0.0,0.0,0.23,28.11,75,0,0.0,,,28.11,129,7.2,1,308.0,308.0
2024-03-29 01:55:00-05:00,2024-03-29 01:55:00,28.8,9.4,19.9,19.9,112,0.0,0.0,0.0,0.0,0.0,0.23,28.1,75,0,0.0,,,28.1,122,6.7,1,308.0,308.0
2024-03-29 02:00:00-05:00,2024-03-29 02:00:00,28.8,10.1,16.3,19.9,104,0.0,0.0,0.0,0.0,0.0,0.23,28.1,75,0,0.0,,,28.1,121,6.7,1,308.0,308.0
2024-03-29 02:05:00-05:00,2024-03-29 02:05:00,28.6,7.2,8.7,19.9,104,0.0,0.0,0.0,0.0,0.0,0.23,28.1,76,0,0.0,,,28.1,100,6.7,1,308.0,308.0
2024-03-29 02:10:00-05:00,2024-03-29 02:10:00,28.6,9.4,11.2,19.9,106,0.0,0.0,0.0,0.0,0.0,0.23,28.1,76,0,0.0,,,28.1,92,6.5,1,308.0,308.0
2024-03-29 02:15:00-05:00,2024-03-29 02:15:00,28.9,7.4,10.3,19.9,119,0.0,0.0,0.0,0.0,0.0,0.23,28.11,76,0,0.0,,,28.11,126,6.0,1,308.0,308.0
2024-03-29 02:20:00-05:00,2024-03-29 02:20:00,29.3,7.4,11.4,19.9,115,0.0,0.0,0.0,0.0,0.0,0.23,28.1,76,0,0.0,,,28.1,117,6.3,1,308.0,308.0
2024-03-29 02:25:00-05:00,2024-03-29 02:25:00,29.3,6.3,11.2,19.9,131,0.0,0.0,0.0,0.0,0.0,0.23,28.09,76,0,0.0,,,28.09,115,7.2,1,308.0,308.0
2024-03-29 02:30:00-05:00,2024-03-29 02:30:00,29.7,7.2,19.0,19.9,97,0.0,0.0,0.0,0.0,0.0,0.23,28.08,75,0,0.0,,,28.08,129,8.5,1,308.0,308.0
2024-03-29 02:35:00-05:00,2024-03-29 02:35:00,29.8,6.0,16.8,19.9,33,0.0,0.0,0.0,0.0,0.0,0.23,28.07,75,0,0.0,,,28.07,95,9.4,1,308.0,308.0
2024-03-29 02:40:00-05:00,2024-03-29 02:40:00,30.0,6.5,18.6,21.0,88,0.0,0.0,0.0,0.0,0.0,0.23,28.07,74,0,0.0,,,28.07,100,9.4,1,308.0,308.0
2024-03-29 02:45:00-05:00,2024-03-29 02:45:00,30.0,5.4,15.7,21.0,106,0.0,0.0,0.0,0.0,0.0,0.23,28.08,75,0,0.0,,,28.08,109,7.8,1,308.0,308.0
2024-03-29 02:50:00-05:00,2024-03-29 02:50:00,30.0,7.6,9.8,21.0,137,0.0,0.0,0.0,0.0,0.0,0.23,28.07,75,0,0.0,,,28.07,105,6.3,1,308.0,308.0
2024-03-29 02:55:00-05:00,2024-03-29 02:55:00,30.0,7.6,15.7,21.0,90,0.0,0.0,0.0,0.0,0.0,0.23,28.06,74,0,0.0,,,28.06,114,6.5,1,308.0,308.0
2024-03-29 03:00:00-05:00,2024-03-29 03:00:00,30.0,2.0,10.7,21.0,98,0.0,0.0,0.0,0.0,0.0,0.23,28.07,74,0,0.0,,,28.07,97,7.2,1,308.0,308.0
2024-03-29 03:05:00-05:00,2024-03-29 03:05:00,30.0,6.5,11.0,21.0,109,0.0,0.0,0.0,0.0,0.0,0.23,28.06,74,0,0.0,,,28.06,87,6.0,1,308.0,308.0
2024-03-29 03:10:00-05:00,2024-03-29 03:10:00,30.0,6.0,9.2,21.0,102,0.0,0.0,0.0,0.0,0.0,0.23,28.07,74,0,0.0,,,28.07,121,5.1,1,308.0,308.0
2024-03-29 03:15:00-05:00,2024-03-29 03:15:00,30.2,6.0,13.6,21.0,90,0.0,0.0,0.0,0.0,0.0,0.23,28.06,74,0,0.0,,,28.06,90,4.9,1,308.0,308.0
2024-03-29 03:20:00-05:00,2024-03-29 03:20:00,30.2,8.7,13.6,21.0,118,0.0,0.0,0.0,0.0,0.0,0.23,28.06,74,0,0.0,,,28.06,112,6.0,1,308.0,308.0
2024-03-29 03:25:00-05:00,2024-03-29 03:25:00,30.2,4.5,8.3,21.0,297,0.0,0.0,0.0,0.0,0.0,0.23,28.06,74,0,0.0,,,28.06,85,8.1,1,308.0,308.0
2024-03-29 03:30:00-05:00,2024-03-29 03:30:00,30.0,8.5,10.5,21.0,84,0.0,0.0,0.0,0.0,0.0,0.23,28.06,75,0,0.0,,,28.06,121,5.8,1,308.0,308.0
2024-03-29 03:35:00-05:00,2024-03-29 03:35:00,30.2,6.3,13.6,21.0,104,0.0,0.0,0.0,0.0,0.0,0.23,28.05,74,0,0.0,,,28.05,107,5.8,1,308.0,308.0
2024-03-29 03:40:00-05:00,2024-03-29 03:40:00,30.2,6.5,13.0,21.0,62,0.0,0.0,0.0,0.0,0.0,0.23,28.05,74,0,0.0,,,28.05,87,8.1,1,308.0,308.0
2024-03-29 03:45:00-05:00,2024-03-29 03:45:00,30.4,6.0,17.0,21.0,102,0.0,0.0,0.0,0.0,0.0,0.23,28.05,74,0,0.0,,,28.05,52,5.8,1,308.0,308.0
2024-03-29 03:50:00-05:00,2024-03-29 03:50:00,30.2,8.3,17.9,21.0,101,0.0,0.0,0.0,0.0,0.0,0.23,28.05,74,0,0.0,,,28.05,117,6.9,1,308.0,308.0
2024-03-29 03:55:00-05:00,2024-03-29 03:55:00,30.2,6.3,14.8,21.0,112,0.0,0.0,0.0,0.0,0.0,0.23,28.04,74,0,0.0,,,28.04,83,6.9,1,308.0,308.0
2024-03-29 04:00:00-05:00,2024-03-29 04:00:00,30.2,6.9,9.6,21.0,132,0.0,0.0,0.0,0.0,0.0,0.23,28.05,74,0,0.0,,,28.05,68,6.9,1,308.0,308.0
2024-03-29 04:05:00-05:00,2024-03-29 04:05:00,30.4,6.0,12.1,21.0,94,0.0,0.0,0.0,0.0,0.0,0.23,28.04,74,0,0.0,,,28.04,108,6.7,1,308.0,308.0
2024-03-29 04:10:00-05:00,2024-03-29 04:10:00,30.4,2.5,18.1,21.0,0,0.0,0.0,0.0,0.0,0.0,0.23,28.04,74,0,0.0,,,28.04,94,6.0,1,308.0,308.0
2024-03-29 04:15:00-05:00,2024-03-29 04:15:00,30.2,5.6,13.9,21.0,49,0.0,0.0,0.0,0.0,0.0,0.23,28.03,75,0,0.0,,,28.03,123,7.6,1,308.0,308.0
2024-03-29 04:20:00-05:00,2024-03-29 04:20:00,30.4,8.1,13.4,21.0,124,0.0,0.0,0.0,0.0,0.0,0.23,28.03,75,0,0.0,,,28.03,130,8.7,1,308.0,308.0
2024-03-29 04:25:00-05:00,2024-03-29 04:25:00,30.4,3.8,14.8,21.0,116,0.0,0.0,0.0,0.0,0.0,0.23,28.02,75,0,0.0,,,28.02,110,8.7,1,308.0,308.0
2024-03-29 04:30:00-05:00,2024-03-29 04:30:00,30.4,9.8,14.5,21.0,119,0.0,0.0,0.0,0.0,0.0,0.23,28.03,75,0,0.0,,,28.03,98,7.8,1,308.0,308.0
2024-03-29 04:35:00-05:00,2024-03-29 04:35:00,30.7,12.1,16.1,22.6,117,0.0,0.0,0.0,0.0,0.0,0.23,28.02,74,0,0.0,,,28.02,130,8.3,1,308.0,308.0
2024-03-29 04:40:00-05:00,2024-03-29 04:40:00,30.9,6.7,19.7,22.6,106,0.0,0.0,0.0,0.0,0.0,0.23,28.02,74,0,0.0,,,28.02,115,8.3,1,308.0,308.0
2024-03-29 04:45:00-05:00,2024-03-29 04:45:00,30.9,8.9,15.9,22.6,89,0.0,0.0,0.0,0.0,0.0,0.23,28.02,74,0,0.0,,,28.02,120,8.7,1,308.0,308.0
2024-03-29 04:50:00-05:00,2024-03-29 04:50:00,30.7,9.2,17.7,22.6,117,0.0,0.0,0.0,0.0,0.0,0.23,28.02,74,0,0.0,,,28.02,109,8.9,1,308.0,308.0
2024-03-29 04:55:00-05:00,2024-03-29 04:55:00,30.7,13.4,15.2,22.6,125,0.0,0.0,0.0,0.0,0.0,0.23,28.02,75,0,0.0,,,28.02,77,9.4,1,308.0,308.0
2024-03-29 05:00:00-05:00,2024-03-29 05:00:00,30.9,5.6,15.0,22.6,96,0.0,0.0,0.0,0.0,0.0,0.23,28.01,74,0,0.0,,,28.01,115,8.9,1,308.0,308.0
2024-03-29 05:05:00-05:00,2024-03-29 05:05:00,30.7,5.8,17.0,22.6,71,0.0,0.0,0.0,0.0,0.0,0.23,28.02,74,0,0.0,,,28.02,120,7.8,1,308.0,308.0
2024-03-29 05:10:00-05:00,2024-03-29 05:10:00,30.7,10.3,20.8,22.6,123,0.0,0.0,0.0,0.0,0.0,0.23,28.03,75,0,0.0,,,28.03,130,8.1,1,308.0,308.0
2024-03-29 05:15:00-05:00,2024-03-29 05:15:00,30.7,9.8,14.5,22.6,125,0.0,0.0,0.0,0.0,0.0,0.23,28.02,75,0,0.0,,,28.02,121,9.2,1,308.0,308.0
2024-03-29 05:20:00-05:00,2024-03-29 05:20:00,30.7,7.4,19.5,26.8,140,0.0,0.0,0.0,0.0,0.0,0.23,28.03,74,0,0.0,,,28.03,125,9.2,1,308.0,308.0
2024-03-29 05:25:00-05:00,2024-03-29 05:25:00,30.6,8.9,14.1,26.8,128,0.0,0.0,0.0,0.0,0.0,0.23,28.03,75,0,0.0,,,28.03,123,9.8,1,308.0,308.0
2024-03-29 05:30:00-05:00,2024-03-29 05:30:00,30.4,7.6,17.7,26.8,129,0.0,0.0,0.0,0.0,0.0,0.23,28.02,76,0,0.0,,,28.02,123,11.0,1,308.0,308.0
2024-03-29 05:35:00-05:00,2024-03-29 05:35:00,30.2,8.7,18.1,26.8,132,0.0,0.0,0.0,0.0,0.0,0.23,28.02,76,0,0.0,,,28.02,102,10.5,1,308.0,308.0
2024-03-29 05:40:00-05:00,2024-03-29 05:40:00,30.2,10.7,19.9,26.8,128,0.0,0.0,0.0,0.0,0.0,0.23,28.02,77,0,0.0,,,28.02,129,9.4,1,308.0,308.0
2024-03-29 05:45:00-05:00,2024-03-29 05:45:00,30.0,13.9,15.7,26.8,114,0.0,0.0,0.0,0.0,0.0,0.23,28.01,77,0,0.0,,,28.01,125,9.6,1,308.0,308.0
2024-03-29 05:50:00-05:00,2024-03-29 05:50:00,30.0,10.7,16.8,26.8,72,0.0,0.0,0.0,0.0,0.0,0.23,28.01,77,0,0.0,,,28.01,124,10.5,1,308.0,308.0
2024-03-29 05:55:00-05:00,2024-03-29 05:55:00,30.2,10.1,23.9,26.8,128,0.0,0.0,0.0,0.0,0.0,0.23,28.01,77,0,0.0,,,28.01,117,11.9,1,308.0,308.0
2024-03-29 06:00:00-05:00,2024-03-29 06:00:00,30.2,9.6,15.4,26.8,96,0.0,0.0,0.0,0.0,0.0,0.23,28.01,77,0,0.0,,,28.01,114,11.0,1,308.0,308.0
2024-03-29 06:05:00-05:00,2024-03-29 06:05:00,30.2,6.7,15.4,26.8,103,0.0,0.0,0.0,0.0,0.0,0.23,28.01,77,0,0.0,,,28.01,122,10.5,1,308.0,308.0
2024-03-29 06:10:00-05:00,2024-03-29 06:10:00,30.2,4.9,12.5,26.8,92,0.0,0.0,0.0,0.0,0.0,0.23,28.01,77,0,0.0,,,28.01,127,10.1,1,308.0,308.0
2024-03-29 06:15:00-05:00,2024-03-29 06:15:00,30.4,8.1,14.3,26.8,98,0.0,0.0,0.0,0.0,0.0,0.23,28.01,77,0,0.0,,,28.01,115,8.3,1,308.0,308.0
2024-03-29 06:20:00-05:00,2024-03-29 06:20:00,30.4,13.4,20.4,26.8,128,0.0,0.0,0.0,0.0,0.0,0.23,28.0,77,0,0.0,,,28.0,93,8.3,1,308.0,308.0
2024-03-29 06:25:00-05:00,2024-03-29 06:25:00,30.4,10.5,14.8,26.8,124,0.0,0.0,0.0,0.0,0.0,0.23,28.0,77,0,0.0,,,28.0,130,9.2,1,308.0,308.0
2024-03-29 06:30:00-05:00,2024-03-29 06:30:00,30.4,10.5,12.8,26.8,137,0.0,0.0,0.0,0.0,0.0,0.23,28.0,77,0,0.0,,,28.0,107,9.2,1,308.0,308.0
2024-03-29 06:35:00-05:00,2024-03-29 06:35:00,30.4,4.3,13.9,26.8,127,0.0,0.0,0.0,0.0,0.0,0.23,28.0,77,0,0.0,,,28.0,128,8.7,1,308.0,308.0
2024-03-29 06:40:00-05:00,2024-03-29 06:40:00,30.4,9.8,14.1,26.8,116,0.0,0.0,0.0,0.0,0.0,0.23,28.0,77,0,0.0,,,28.0,118,7.4,1,308.0,308.0
2024-03-29 06:45:00-05:00,2024-03-29 06:45:00,30.4,1.6,13.2,26.8,68,0.0,0.0,0.0,0.0,0.0,0.23,28.0,77,0,0.0,,,28.0,107,6.9,1,308.0,308.0
2024-03-29 06:50:00-05:00,2024-03-29 06:50:00,30.6,4.5,13.0,26.8,111,0.0,0.0,0.0,0.0,0.0,0.23,27.99,77,0,0.0,,,27.99,104,7.2,1,308.0,308.0
2024-03-29 06:55:00-05:00,2024-03-29 06:55:00,30.6,6.0,13.0,26.8,87,0.0,0.0,0.0,0.0,0.0,0.23,27.99,77,0,0.0,,,27.99,124,7.2,1,308.0,308.0
2024-03-29 07:00:00-05:00,2024-03-29 07:00:00,30.2,7.2,11.2,26.8,135,0.0,0.0,0.0,0.0,0.0,0.23,28.0,78,0,0.0,,,28.0,122,6.9,1,308.0,308.0
2024-03-29 07:05:00-05:00,2024-03-29 07:05:00,30.4,7.6,14.1,26.8,108,0.0,0.0,0.0,0.0,0.0,0.23,28.0,78,0,0.0,,,28.0,112,6.9,1,308.0,308.0
2024-03-29 07:10:00-05:00,2024-03-29 07:10:00,30.4,5.4,14.1,26.8,115,0.0,0.0,0.0,0.0,0.0,0.23,27.99,78,0,0.0,,,27.99,112,7.4,1,308.0,308.0
2024-03-29 07:15:00-05:00,2024-03-29 07:15:00,30.4,8.3,14.5,26.8,130,0.0,0.0,0.0,0.0,0.0,0.23,28.0,78,0,0.0,,,28.0,133,7.8,1,308.0,308.0
2024-03-29 07:20:00-05:00,2024-03-29 07:20:00,30.4,6.5,12.8,26.8,107,0.0,0.0,0.0,0.0,0.0,0.23,28.0,78,0,2.5,,,28.0,124,7.4,1,308.0,308.0
2024-03-29 07:25:00-05:00,2024-03-29 07:25:00,30.4,4.0,9.6,26.8,112,0.0,0.0,0.0,0.0,0.0,0.23,28.0,78,0,4.9,,,28.0,124,6.7,1,308.0,308.0
2024-03-29 07:30:00-05:00,2024-03-29 07:30:00,30.6,8.1,11.0,26.8,113,0.0,0.0,0.0,0.0,0.0,0.23,27.99,78,0,6.1,,,27.99,132,6.9,1,308.0,308.0
2024-03-29 07:35:00-05:00,2024-03-29 07:35:00,30.7,6.0,15.2,26.8,106,0.0,0.0,0.0,0.0,0.0,0.23,28.0,78,0,8.5,,,28.0,106,8.3,1,308.0,308.0
2024-03-29 07:40:00-05:00,2024-03-29 07:40:00,30.6,10.1,11.0,26.8,95,0.0,0.0,0.0,0.0,0.0,0.23,27.99,78,0,11.0,,,27.99,108,7.8,1,308.0,308.0
2024-03-29 07:45:00-05:00,2024-03-29 07:45:00,30.7,6.5,15.9,26.8,105,0.0,0.0,0.0,0.0,0.0,0.23,27.98,78,0,12.2,,,27.98,105,7.8,1,308.0,308.0
2024-03-29 07:51:00-05:00,2024-03-29 07:51:00,30.7,8.1,11.0,26.8,110,0.0,0.0,0.0,0.0,0.0,0.23,27.99,78,0,13.4,,,27.99,106,7.6,1,308.0,308.0
2024-03-29 07:55:00-05:00,2024-03-29 07:55:00,30.7,10.3,12.5,26.8,124,0.0,0.0,0.0,0.0,0.0,0.23,27.99,78,0,15.9,,,27.99,107,8.1,1,308.0,308.0
2024-03-29 08:00:00-05:00,2024-03-29 08:00:00,30.7,6.7,12.3,26.8,106,0.0,0.0,0.0,0.0,0.0,0.23,27.99,78,0,20.8,,,27.99,117,7.8,1,308.0,308.0
2024-03-29 08:05:00-05:00,2024-03-29 08:05:00,30.7,10.3,15.7,26.8,120,0.0,0.0,0.0,0.0,0.0,0.23,27.99,79,0,25.6,,,27.99,121,6.3,1,308.0,308.0
2024-03-29 08:11:00-05:00,2024-03-29 08:11:00,30.9,10.7,12.1,26.8,130,0.0,0.0,0.0,0.0,0.0,0.23,27.98,78,0,31.8,,,27.98,99,5.6,1,308.0,308.0
2024-03-29 08:15:00-05:00,2024-03-29 08:15:00,30.9,5.1,10.1,26.8,105,0.0,0.0,0.0,0.0,0.0,0.23,27.98,78,0,35.4,,,27.98,110,5.6,1,308.0,308.0
2024-03-29 08:20:00-05:00,2024-03-29 08:20:00,31.1,4.9,16.1,26.8,130,0.0,0.0,0.0,0.0,0.0,0.23,27.98,78,0,37.9,,,27.98,106,7.4,1,308.0,308.0
2024-03-29 08:25:00-05:00,2024-03-29 08:25:00,31.5,9.8,17.2,26.8,97,0.0,0.0,0.0,0.0,0.0,0.23,27.97,77,0,42.8,,,27.97,110,7.6,1,308.0,308.0
2024-03-29 08:30:00-05:00,2024-03-29 08:30:00,31.6,7.2,18.6,26.8,100,0.0,0.0,0.0,0.0,0.0,0.23,27.97,77,0,45.2,,,27.97,116,8.5,1,308.0,308.0
2024-03-29 08:35:00-05:00,2024-03-29 08:35:00,32.0,8.1,23.9,26.8,135,0.0,0.0,0.0,0.0,0.0,0.23,27.97,76,0,50.1,,,27.97,116,8.7,1,308.0,308.0
2024-03-29 08:40:00-05:00,2024-03-29 08:40:00,32.4,7.8,17.0,26.8,121,0.0,0.0,0.0,0.0,0.0,0.23,27.97,76,0,53.8,,,27.97,134,9.8,1,308.0,308.0
2024-03-29 08:45:00-05:00,2024-03-29 08:45:00,32.9,10.1,19.7,26.8,126,0.0,0.0,0.0,0.0,0.0,0.23,27.97,75,0,61.2,,,27.97,127,9.6,1,308.0,308.0
2024-03-29 08:50:00-05:00,2024-03-29 08:50:00,33.1,16.1,16.3,26.8,116,0.0,0.0,0.0,0.0,0.0,0.23,27.97,75,0,78.3,,,27.97,135,8.9,1,308.0,308.0
2024-03-29 08:55:00-05:00,2024-03-29 08:55:00,33.4,11.6,18.6,26.8,129,0.0,0.0,0.0,0.0,0.0,0.23,27.98,75,0,90.5,,,27.98,130,9.2,1,308.0,308.0
2024-03-29 09:00:00-05:00,2024-03-29 09:00:00,33.6,8.3,17.7,26.8,109,0.0,0.0,0.0,0.0,0.0,0.23,27.97,74,1,100.3,,,27.97,128,9.2,1,308.0,308.0
2024-03-29 09:05:00-05:00,2024-03-29 09:05:00,34.0,6.0,18.3,26.8,130,0.0,0.0,0.0,0.0,0.0,0.23,27.97,74,1,108.8,,,27.97,118,8.1,1,308.0,308.0
2024-03-29 09:10:00-05:00,2024-03-29 09:10:00,34.2,14.8,18.3,26.8,131,0.0,0.0,0.0,0.0,0.0,0.23,27.96,74,1,117.4,,,27.96,122,8.1,1,308.0,308.0
2024-03-29 09:15:00-05:00,2024-03-29 09:15:00,34.2,6.9,19.2,26.8,101,0.0,0.0,0.0,0.0,0.0,0.23,27.96,75,1,99.0,,,27.96,130,9.4,1,308.0,308.0
2024-03-29 09:20:00-05:00,2024-03-29 09:20:00,34.3,5.6,16.3,26.8,111,0.0,0.0,0.0,0.0,0.0,0.23,27.96,75,1,140.7,,,27.96,129,10.5,1,308.0,308.0
2024-03-29 09:25:00-05:00,2024-03-29 09:25:00,34.5,13.6,22.4,26.8,116,0.0,0.0,0.0,0.0,0.0,0.23,27.96,74,1,157.8,,,27.96,124,11.2,1,308.0,308.0
2024-03-29 09:30:00-05:00,2024-03-29 09:30:00,34.9,6.3,17.0,26.8,131,0.0,0.0,0.0,0.0,0.0,0.23,27.95,74,1,182.2,,,27.95,120,11.6,1,308.0,308.0
2024-03-29 09:35:00-05:00,2024-03-29 09:35:00,34.9,6.3,16.3,26.8,130,0.0,0.0,0.0,0.0,0.0,0.23,27.95,74,1,187.1,,,27.95,114,10.3,1,308.0,308.0
2024-03-29 09:40:00-05:00,2024-03-29 09:40:00,35.2,12.1,21.0,26.8,106,0.0,0.0,0.0,0.0,0.0,0.23,27.95,74,1,196.9,,,27.95,116,11.2,1,308.0,308.0
2024-03-29 09:45:00-05:00,2024-03-29 09:45:00,35.4,11.0,21.9,26.8,147,0.0,0.0,0.0,0.0,0.0,0.23,27.95,74,2,221.4,,,27.95,120,12.1,1,308.0,308.0
2024-03-29 09:50:00-05:00,2024-03-29 09:50:00,36.0,11.2,17.2,26.8,147,0.0,0.0,0.0,0.0,0.0,0.23,27.95,73,2,253.2,,,27.95,134,12.1,1,308.0,308.0
2024-03-29 09:55:00-05:00,2024-03-29 09:55:00,36.1,10.1,21.3,26.8,148,0.0,0.0,0.0,0.0,0.0,0.23,27.96,73,2,289.9,,,27.96,128,12.1,1,308.0,308.0
2024-03-29 10:00:00-05:00,2024-03-29 10:00:00,36.5,9.6,17.9,26.8,127,0.0,0.0,0.0,0.0,0.0,0.23,27.95,73,2,292.3,,,27.95,128,11.0,1,308.0,308.0
2024-03-29 10:05:00-05:00,2024-03-29 10:05:00,36.5,10.7,21.0,26.8,108,0.0,0.0,0.0,0.0,0.0,0.23,27.95,73,2,228.7,,,27.95,133,10.7,1,308.0,308.0
2024-03-29 10:10:00-05:00,2024-03-29 10:10:00,37.0,11.6,17.0,26.8,131,0.0,0.0,0.0,0.0,0.0,0.23,27.94,72,2,245.9,,,27.94,134,12.1,1,308.0,308.0
2024-03-29 10:15:00-05:00,2024-03-29 10:15:00,37.0,13.2,20.6,26.8,142,0.0,0.0,0.0,0.0,0.0,0.23,27.95,73,2,242.2,,,27.95,144,11.4,1,308.0,308.0
2024-03-29 10:20:00-05:00,2024-03-29 10:20:00,37.4,10.1,19.5,26.8,130,0.0,0.0,0.0,0.0,0.0,0.23,27.94,72,3,314.4,,,27.94,134,11.2,1,308.0,308.0
2024-03-29 10:25:00-05:00,2024-03-29 10:25:00,37.2,2.2,18.3,26.8,183,0.0,0.0,0.0,0.0,0.0,0.23,27.95,73,3,321.7,,,27.95,127,11.4,1,308.0,308.0
2024-03-29 10:30:00-05:00,2024-03-29 10:30:00,37.8,13.9,15.2,26.8,118,0.0,0.0,0.0,0.0,0.0,0.23,27.94,73,3,345.0,,,27.94,127,11.0,1,308.0,308.0
2024-03-29 10:35:00-05:00,2024-03-29 10:35:00,38.3,11.4,16.1,26.8,127,0.0,0.0,0.0,0.0,0.0,0.23,27.95,72,3,352.3,,,27.95,113,9.8,1,308.0,308.0
2024-03-29 10:40:00-05:00,2024-03-29 10:40:00,38.3,6.7,22.8,26.8,120,0.0,0.0,0.0,0.0,0.0,0.23,27.93,72,3,341.3,,,27.93,122,11.0,1,308.0,308.0
2024-03-29 10:45:00-05:00,2024-03-29 10:45:00,37.8,10.1,24.8,26.8,115,0.0,0.0,0.0,0.0,0.0,0.23,27.93,74,2,292.3,,,27.93,115,12.5,1,308.0,308.0
2024-03-29 10:50:00-05:00,2024-03-29 10:50:00,38.3,13.2,18.1,26.8,120,0.0,0.0,0.0,0.0,0.0,0.23,27.93,73,3,371.9,,,27.93,115,12.5,1,308.0,308.0
2024-03-29 10:55:00-05:00,2024-03-29 10:55:00,38.5,13.0,21.9,26.8,110,0.0,0.0,0.0,0.0,0.0,0.23,27.93,73,3,385.3,,,27.93,126,11.4,1,308.0,308.0
2024-03-29 11:00:00-05:00,2024-03-29 11:00:00,38.1,10.5,18.6,26.8,141,0.0,0.0,0.0,0.0,0.0,0.23,27.93,74,3,374.4,,,27.93,126,11.4,1,308.0,308.0
2024-03-29 11:05:00-05:00,2024-03-29 11:05:00,38.5,4.9,16.3,26.8,135,0.0,0.0,0.0,0.0,0.0,0.23,27.94,74,2,281.4,,,27.94,106,10.7,1,308.0,308.0
2024-03-29 11:10:00-05:00,2024-03-29 11:10:00,38.3,6.9,17.2,26.8,166,0.0,0.0,0.0,0.0,0.0,0.23,27.94,74,2,252.0,,,27.94,136,10.3,1,308.0,308.0
2024-03-29 11:15:00-05:00,2024-03-29 11:15:00,39.2,7.4,14.8,26.8,108,0.0,0.0,0.0,0.0,0.0,0.23,27.94,73,4,436.7,,,27.94,137,8.3,1,308.0,308.0
2024-03-29 11:20:00-05:00,2024-03-29 11:20:00,39.9,7.4,15.0,26.8,106,0.0,0.0,0.0,0.0,0.0,0.23,27.94,72,4,457.5,,,27.94,137,8.3,1,308.0,308.0
2024-03-29 11:25:00-05:00,2024-03-29 11:25:00,41.0,10.3,15.4,26.8,129,0.0,0.0,0.0,0.0,0.0,0.23,27.95,71,4,501.6,,,27.95,131,8.5,1,308.0,308.0
2024-03-29 11:31:00-05:00,2024-03-29 11:31:00,40.5,11.0,16.1,26.8,130,0.0,0.0,0.0,0.0,0.0,0.23,27.95,72,5,518.7,,,27.95,140,9.6,1,308.0,308.0
2024-03-29 11:35:00-05:00,2024-03-29 11:35:00,41.0,5.8,12.1,26.8,117,0.0,0.0,0.0,0.0,0.0,0.23,27.95,71,5,544.4,,,27.95,146,8.7,1,308.0,308.0
2024-03-29 11:41:00-05:00,2024-03-29 11:41:00,41.0,12.3,17.4,26.8,110,0.0,0.0,0.0,0.0,0.0,0.23,27.95,72,5,551.7,,,27.95,145,8.5,1,308.0,308.0
2024-03-29 11:45:00-05:00,2024-03-29 11:45:00,41.4,7.2,13.4,26.8,96,0.0,0.0,0.0,0.0,0.0,0.23,27.95,71,5,521.1,,,27.95,140,10.1,1,308.0,308.0
2024-03-29 11:50:00-05:00,2024-03-29 11:50:00,41.2,10.1,15.0,26.8,119,0.0,0.0,0.0,0.0,0.0,0.23,27.95,72,5,533.4,,,27.95,119,10.3,1,308.0,308.0
2024-03-29 11:55:00-05:00,2024-03-29 11:55:00,41.0,7.2,14.8,26.8,100,0.0,0.0,0.0,0.0,0.0,0.23,27.95,73,3,326.6,,,27.95,128,9.2,1,308.0,308.0
2024-03-29 12:00:00-05:00,2024-03-29 12:00:00,41.2,6.3,16.6,26.8,131,0.0,0.0,0.0,0.0,0.0,0.23,27.94,72,5,546.8,,,27.94,134,8.5,1,308.0,308.0
2024-03-29 12:05:00-05:00,2024-03-29 12:05:00,41.5,5.8,17.7,26.8,143,0.0,0.0,0.0,0.0,0.0,0.23,27.95,72,4,500.3,,,27.95,127,7.8,1,308.0,308.0
2024-03-29 12:10:00-05:00,2024-03-29 12:10:00,41.9,10.3,17.7,26.8,111,0.0,0.0,0.0,0.0,0.0,0.23,27.94,72,6,626.4,,,27.94,135,8.5,1,308.0,308.0
2024-03-29 12:15:00-05:00,2024-03-29 12:15:00,42.4,8.7,17.2,26.8,117,0.0,0.0,0.0,0.0,0.0,0.23,27.94,71,5,554.1,,,27.94,127,8.7,1,308.0,308.0
2024-03-29 12:20:00-05:00,2024-03-29 12:20:00,42.8,7.6,14.1,26.8,137,0.0,0.0,0.0,0.0,0.0,0.23,27.94,71,6,645.9,,,27.94,126,7.6,1,308.0,308.0
2024-03-29 12:25:00-05:00,2024-03-29 12:25:00,42.4,7.8,17.9,26.8,128,0.0,0.0,0.0,0.0,0.0,0.23,27.94,72,4,419.6,,,27.94,129,7.6,1,308.0,308.0
2024-03-29 12:31:00-05:00,2024-03-29 12:31:00,43.2,7.6,12.8,26.8,143,0.0,0.0,0.0,0.0,0.0,0.23,27.94,71,6,630.0,,,27.94,147,8.5,1,308.0,308.0
2024-03-29 12:36:00-05:00,2024-03-29 12:36:00,43.3,8.9,15.0,26.8,154,0.0,0.0,0.0,0.0,0.0,0.23,27.94,71,6,615.3,,,27.94,140,9.2,1,308.0,308.0
2024-03-29 12:40:00-05:00,2024-03-29 12:40:00,43.3,7.8,13.9,26.8,157,0.0,0.0,0.0,0.0,0.0,0.23,27.93,71,6,661.8,,,27.93,127,8.7,1,308.0,308.0
2024-03-29 12:45:00-05:00,2024-03-29 12:45:00,44.8,8.5,8.7,26.8,130,0.0,0.0,0.0,0.0,0.0,0.23,27.93,70,4,489.3,,,27.93,121,8.1,1,308.0,308.0
2024-03-29 12:50:00-05:00,2024-03-29 12:50:00,43.3,9.6,18.1,26.8,137,0.0,0.0,0.0,0.0,0.0,0.23,27.93,72,4,440.4,,,27.93,142,7.8,1,308.0,308.0
2024-03-29 12:55:00-05:00,2024-03-29 12:55:00,43.9,7.8,11.9,26.8,126,0.0,0.0,0.0,0.0,0.0,0.23,27.93,72,4,462.4,,,27.93,137,8.1,1,308.0,308.0
2024-03-29 13:00:00-05:00,2024-03-29 13:00:00,44.8,6.7,8.9,26.8,176,0.0,0.0,0.0,0.0,0.0,0.23,27.93,71,5,530.9,,,27.93,178,6.5,1,308.0,308.0
2024-03-29 13:05:00-05:00,2024-03-29 13:05:00,44.4,3.8,10.1,26.8,162,0.0,0.0,0.0,0.0,0.0,0.23,27.94,71,3,357.2,,,27.94,130,5.6,1,308.0,308.0
2024-03-29 13:10:00-05:00,2024-03-29 13:10:00,43.7,6.9,9.4,26.8,114,0.0,0.0,0.0,0.0,0.0,0.23,27.93,73,2,241.0,,,27.93,132,6.0,1,308.0,308.0
2024-03-29 13:15:00-05:00,2024-03-29 13:15:00,45.0,1.6,7.4,26.8,195,0.0,0.0,0.0,0.0,0.0,0.23,27.95,71,5,568.8,,,27.95,165,4.5,1,308.0,308.0
2024-03-29 13:20:00-05:00,2024-03-29 13:20:00,45.5,3.6,6.5,26.8,130,0.0,0.0,0.0,0.0,0.0,0.23,27.95,71,4,510.1,,,27.95,138,3.6,1,308.0,308.0
2024-03-29 13:25:00-05:00,2024-03-29 13:25:00,45.3,6.3,11.2,26.8,122,0.0,0.0,0.0,0.0,0.0,0.23,27.94,71,5,572.5,,,27.94,134,5.1,1,308.0,308.0
2024-03-29 13:31:00-05:00,2024-03-29 13:31:00,46.0,3.1,8.3,26.8,140,0.0,0.0,0.0,0.0,0.0,0.23,27.92,70,5,549.3,,,27.92,127,6.5,1,308.0,308.0
2024-03-29 13:35:00-05:00,2024-03-29 13:35:00,45.7,6.5,8.3,26.8,146,0.0,0.0,0.0,0.0,0.0,0.23,27.93,71,5,560.3,,,27.93,134,6.5,1,308.0,308.0
2024-03-29 13:40:00-05:00,2024-03-29 13:40:00,46.2,5.1,8.1,26.8,118,0.0,0.0,0.0,0.0,0.0,0.23,27.93,70,5,579.9,,,27.93,131,5.6,1,308.0,308.0
2024-03-29 13:45:00-05:00,2024-03-29 13:45:00,48.0,4.9,5.6,26.8,156,0.0,0.0,0.0,0.0,0.0,0.23,27.92,68,5,563.9,,,27.92,129,4.5,1,308.0,308.0
2024-03-29 13:50:00-05:00,2024-03-29 13:50:00,46.8,7.4,10.3,26.8,121,0.0,0.0,0.0,0.0,0.0,0.23,27.93,70,4,510.1,,,27.93,131,5.4,1,308.0,308.0
2024-03-29 13:55:00-05:00,2024-03-29 13:55:00,47.3,6.9,10.5,26.8,111,0.0,0.0,0.0,0.0,0.0,0.23,27.94,69,4,491.8,,,27.94,142,5.8,1,308.0,308.0
2024-03-29 14:00:00-05:00,2024-03-29 14:00:00,47.8,8.5,9.2,26.8,150,0.0,0.0,0.0,0.0,0.0,0.23,27.94,69,5,515.0,,,27.94,140,4.5,1,308.0,308.0
2024-03-29 14:05:00-05:00,2024-03-29 14:05:00,47.8,3.1,6.3,26.8,151,0.0,0.0,0.0,0.0,0.0,0.23,27.94,69,5,588.4,,,27.94,140,4.3,1,308.0,308.0
2024-03-29 14:10:00-05:00,2024-03-29 14:10:00,48.0,4.9,11.0,26.8,69,0.0,0.0,0.0,0.0,0.0,0.23,27.94,70,5,553.0,,,27.94,101,4.7,1,308.0,308.0
2024-03-29 14:15:00-05:00,2024-03-29 14:15:00,48.6,6.0,6.0,26.8,116,0.0,0.0,0.0,0.0,0.0,0.23,27.93,69,5,518.7,,,27.93,104,4.7,1,308.0,308.0
2024-03-29 14:20:00-05:00,2024-03-29 14:20:00,49.3,4.3,6.3,26.8,122,0.0,0.0,0.0,0.0,0.0,0.23,27.93,67,5,519.9,,,27.93,131,3.6,1,308.0,308.0
2024-03-29 14:25:00-05:00,2024-03-29 14:25:00,49.8,6.9,7.2,26.8,103,0.0,0.0,0.0,0.0,0.0,0.23,27.93,67,4,499.1,,,27.93,99,2.7,1,308.0,308.0
2024-03-29 14:30:00-05:00,2024-03-29 14:30:00,48.2,4.5,7.2,26.8,137,0.0,0.0,0.0,0.0,0.0,0.23,27.92,69,5,561.5,,,27.92,113,4.9,1,308.0,308.0
2024-03-29 14:35:00-05:00,2024-03-29 14:35:00,50.2,5.4,5.4,26.8,151,0.0,0.0,0.0,0.0,0.0,0.23,27.93,66,4,423.3,,,27.93,142,4.0,1,308.0,308.0
2024-03-29 14:40:00-05:00,2024-03-29 14:40:00,48.6,4.0,6.7,26.8,197,0.0,0.0,0.0,0.0,0.0,0.23,27.93,70,5,572.5,,,27.93,131,3.4,1,308.0,308.0
2024-03-29 14:45:00-05:00,2024-03-29 14:45:00,49.6,5.1,6.3,26.8,149,0.0,0.0,0.0,0.0,0.0,0.23,27.92,68,4,447.8,,,27.92,134,4.0,1,308.0,308.0
2024-03-29 14:50:00-05:00,2024-03-29 14:50:00,50.2,5.6,5.6,26.8,152,0.0,0.0,0.0,0.0,0.0,0.23,27.92,66,4,472.2,,,27.92,129,3.4,1,308.0,308.0
2024-03-29 14:55:00-05:00,2024-03-29 14:55:00,50.2,2.5,5.6,26.8,180,0.0,0.0,0.0,0.0,0.0,0.23,27.92,67,4,448.9,,,27.92,127,3.1,1,308.0,308.0
2024-03-29 15:00:00-05:00,2024-03-29 15:00:00,51.1,1.8,2.7,26.8,189,0.0,0.0,0.0,0.0,0.0,0.23,27.93,66,3,385.3,,,27.93,126,2.7,1,308.0,308.0
2024-03-29 15:05:00-05:00,2024-03-29 15:05:00,51.6,1.6,3.6,26.8,144,0.0,0.0,0.0,0.0,0.0,0.23,27.92,64,3,384.1,,,27.92,127,2.5,1,308.0,308.0
2024-03-29 15:10:00-05:00,2024-03-29 15:10:00,51.8,2.0,3.1,26.8,228,0.0,0.0,0.0,0.0,0.0,0.23,27.93,64,3,371.9,,,27.93,235,2.5,1,308.0,308.0
2024-03-29 15:15:00-05:00,2024-03-29 15:15:00,50.5,3.8,7.8,26.8,130,0.0,0.0,0.0,0.0,0.0,0.23,27.93,66,3,337.6,,,27.93,230,2.7,1,308.0,308.0
2024-03-29 15:20:00-05:00,2024-03-29 15:20:00,51.1,1.8,3.1,26.8,315,0.0,0.0,0.0,0.0,0.0,0.23,27.92,65,2,291.2,,,27.92,175,2.9,1,308.0,308.0
2024-03-29 15:25:00-05:00,2024-03-29 15:25:00,51.3,1.3,3.4,26.8,185,0.0,0.0,0.0,0.0,0.0,0.23,27.93,65,3,395.1,,,27.93,180,2.0,1,308.0,308.0
2024-03-29 15:30:00-05:00,2024-03-29 15:30:00,51.4,0.0,3.4,26.8,203,0.0,0.0,0.0,0.0,0.0,0.23,27.93,65,3,391.5,,,27.93,219,2.2,1,308.0,308.0
2024-03-29 15:35:00-05:00,2024-03-29 15:35:00,52.5,2.0,2.2,26.8,103,0.0,0.0,0.0,0.0,0.0,0.23,27.92,62,4,452.6,,,27.92,194,2.2,1,308.0,308.0
2024-03-29 15:40:00-05:00,2024-03-29 15:40:00,52.5,3.1,3.8,26.8,270,0.0,0.0,0.0,0.0,0.0,0.23,27.93,63,4,444.0,,,27.93,188,1.1,1,308.0,308.0
2024-03-29 15:45:00-05:00,2024-03-29 15:45:00,52.2,2.7,5.1,26.8,143,0.0,0.0,0.0,0.0,0.0,0.23,27.93,63,3,387.8,,,27.93,106,1.6,1,308.0,308.0
2024-03-29 15:50:00-05:00,2024-03-29 15:50:00,52.9,5.4,5.4,26.8,241,0.0,0.0,0.0,0.0,0.0,0.23,27.93,62,3,329.0,,,27.93,263,1.6,1,308.0,308.0
2024-03-29 15:55:00-05:00,2024-03-29 15:55:00,51.4,0.0,4.0,26.8,189,0.0,0.0,0.0,0.0,0.0,0.23,27.93,65,3,338.8,,,27.93,189,1.6,1,308.0,308.0
2024-03-29 16:00:00-05:00,2024-03-29 16:00:00,52.7,1.1,2.5,26.8,165,0.0,0.0,0.0,0.0,0.0,0.23,27.93,63,3,343.7,,,27.93,201,1.6,1,308.0,308.0
2024-03-29 16:05:00-05:00,2024-03-29 16:05:00,51.8,2.5,5.4,26.8,259,0.0,0.0,0.0,0.0,0.0,0.23,27.93,64,2,275.2,,,27.93,232,1.8,1,308.0,308.0
2024-03-29 16:10:00-05:00,2024-03-29 16:10:00,51.3,1.8,4.5,26.8,356,0.0,0.0,0.0,0.0,0.0,0.23,27.94,65,2,269.1,,,27.94,264,2.7,1,308.0,308.0
2024-03-29 16:15:00-05:00,2024-03-29 16:15:00,51.8,3.8,5.1,26.8,295,0.0,0.0,0.0,0.0,0.0,0.23,27.93,64,2,293.6,,,27.93,313,1.8,1,308.0,308.0
2024-03-29 16:20:00-05:00,2024-03-29 16:20:00,51.1,2.5,5.1,26.8,71,0.0,0.0,0.0,0.0,0.0,0.23,27.93,65,2,270.3,,,27.93,6,2.0,1,308.0,308.0
2024-03-29 16:25:00-05:00,2024-03-29 16:25:00,51.4,1.6,2.2,26.8,201,0.0,0.0,0.0,0.0,0.0,0.23,27.92,65,2,242.2,,,27.92,194,2.0,1,308.0,308.0
2024-03-29 16:30:00-05:00,2024-03-29 16:30:00,52.3,0.0,1.8,26.8,306,0.0,0.0,0.0,0.0,0.0,0.23,27.93,63,2,232.4,,,27.93,180,1.1,1,308.0,308.0
2024-03-29 16:35:00-05:00,2024-03-29 16:35:00,51.8,2.2,3.8,26.8,304,0.0,0.0,0.0,0.0,0.0,0.23,27.93,64,2,239.8,,,27.93,0,0.0,1,308.0,308.0
2024-03-29 16:40:00-05:00,2024-03-29 16:40:00,51.1,3.6,3.6,26.8,285,0.0,0.0,0.0,0.0,0.0,0.23,27.93,66,2,228.7,,,27.93,3,2.0,1,308.0,308.0
2024-03-29 16:45:00-05:00,2024-03-29 16:45:00,51.6,2.2,3.6,26.8,336,0.0,0.0,0.0,0.0,0.0,0.23,27.94,65,1,198.2,,,27.94,243,1.8,1,308.0,308.0
2024-03-29 16:50:00-05:00,2024-03-29 16:50:00,51.4,2.7,4.3,26.8,241,0.0,0.0,0.0,0.0,0.0,0.23,27.94,65,1,178.6,,,27.94,270,1.1,1,308.0,308.0
2024-03-29 16:55:00-05:00,2024-03-29 16:55:00,51.6,0.0,1.1,26.8,15,0.0,0.0,0.0,0.0,0.0,0.23,27.94,64,1,163.9,,,27.94,243,0.0,1,308.0,308.0
2024-03-29 17:00:00-05:00,2024-03-29 17:00:00,51.6,1.8,3.4,26.8,143,0.0,0.0,0.0,0.0,0.0,0.23,27.94,64,1,146.8,,,27.94,243,0.0,1,308.0,308.0
2024-03-29 17:05:00-05:00,2024-03-29 17:05:00,50.9,2.5,3.1,26.8,155,0.0,0.0,0.0,0.0,0.0,0.23,27.94,66,1,154.1,,,27.94,147,1.8,1,308.0,308.0
2024-03-29 17:10:00-05:00,2024-03-29 17:10:00,50.4,5.1,5.6,26.8,111,0.0,0.0,0.0,0.0,0.0,0.23,27.94,67,1,140.7,,,27.94,134,2.2,1,308.0,308.0
2024-03-29 17:15:00-05:00,2024-03-29 17:15:00,50.5,2.2,3.4,26.8,304,0.0,0.0,0.0,0.0,0.0,0.23,27.94,67,1,132.1,,,27.94,134,2.5,1,308.0,308.0
2024-03-29 17:20:00-05:00,2024-03-29 17:20:00,50.5,0.0,3.4,26.8,327,0.0,0.0,0.0,0.0,0.0,0.23,27.94,67,1,118.6,,,27.94,326,2.5,1,308.0,308.0
2024-03-29 17:25:00-05:00,2024-03-29 17:25:00,50.2,3.6,5.6,26.8,315,0.0,0.0,0.0,0.0,0.0,0.23,27.94,67,1,105.2,,,27.94,315,2.0,1,308.0,308.0
2024-03-29 17:30:00-05:00,2024-03-29 17:30:00,50.0,1.6,4.5,26.8,356,0.0,0.0,0.0,0.0,0.0,0.23,27.94,68,0,78.3,,,27.94,323,2.5,1,308.0,308.0
2024-03-29 17:35:00-05:00,2024-03-29 17:35:00,49.8,2.0,5.6,26.8,356,0.0,0.0,0.0,0.0,0.0,0.23,27.95,69,0,78.3,,,27.95,354,2.7,1,308.0,308.0
2024-03-29 17:40:00-05:00,2024-03-29 17:40:00,49.8,1.8,3.6,26.8,323,0.0,0.0,0.0,0.0,0.0,0.23,27.95,68,0,71.0,,,27.95,354,2.0,1,308.0,308.0
2024-03-29 17:45:00-05:00,2024-03-29 17:45:00,49.6,0.0,4.7,26.8,255,0.0,0.0,0.0,0.0,0.0,0.23,27.95,69,0,66.1,,,27.95,332,1.8,1,308.0,308.0
2024-03-29 17:50:00-05:00,2024-03-29 17:50:00,49.6,3.1,3.8,26.8,25,0.0,0.0,0.0,0.0,0.0,0.23,27.95,69,0,64.8,,,27.95,353,1.8,1,308.0,308.0
2024-03-29 17:55:00-05:00,2024-03-29 17:55:00,49.6,2.5,4.0,26.8,346,0.0,0.0,0.0,0.0,0.0,0.23,27.95,69,0,58.7,,,27.95,286,2.0,1,308.0,308.0
2024-03-29 18:00:00-05:00,2024-03-29 18:00:00,49.5,1.8,7.2,26.8,315,0.0,0.0,0.0,0.0,0.0,0.23,27.95,69,0,51.4,,,27.95,344,2.0,1,308.0,308.0
2024-03-29 18:05:00-05:00,2024-03-29 18:05:00,49.3,2.9,3.6,26.8,331,0.0,0.0,0.0,0.0,0.0,0.23,27.95,69,0,46.5,,,27.95,340,1.8,1,308.0,308.0
2024-03-29 18:10:00-05:00,2024-03-29 18:10:00,49.3,1.6,2.2,26.8,287,0.0,0.0,0.0,0.0,0.0,0.23,27.95,69,0,44.0,,,27.95,334,1.8,1,308.0,308.0
2024-03-29 18:15:00-05:00,2024-03-29 18:15:00,49.3,4.7,4.7,26.8,325,0.0,0.0,0.0,0.0,0.0,0.23,27.95,70,0,39.1,,,27.95,334,1.8,1,308.0,308.0
2024-03-29 18:20:00-05:00,2024-03-29 18:20:00,49.1,1.6,1.6,26.8,270,0.0,0.0,0.0,0.0,0.0,0.23,27.96,70,0,34.3,,,27.96,352,1.6,1,308.0,308.0
2024-03-29 18:25:00-05:00,2024-03-29 18:25:00,48.6,3.4,5.1,26.8,286,0.0,0.0,0.0,0.0,0.0,0.23,27.96,70,0,37.9,,,27.96,279,1.6,1,308.0,308.0
2024-03-29 18:30:00-05:00,2024-03-29 18:30:00,46.6,8.9,8.9,26.8,311,0.0,0.0,0.0,0.0,0.0,0.23,27.96,72,0,39.1,,,27.96,285,2.2,1,308.0,308.0
2024-03-29 18:35:00-05:00,2024-03-29 18:35:00,45.1,6.3,12.8,26.8,10,0.0,0.0,0.0,0.0,0.0,0.23,27.97,75,0,36.7,,,27.97,328,4.0,1,308.0,308.0
2024-03-29 18:40:00-05:00,2024-03-29 18:40:00,42.3,8.7,10.5,26.8,350,0.0,0.0,0.0,0.0,0.0,0.23,27.97,78,0,40.3,,,27.97,346,6.3,1,308.0,308.0
2024-03-29 18:45:00-05:00,2024-03-29 18:45:00,41.9,3.4,8.3,26.8,26,0.0,0.0,0.0,0.0,0.0,0.23,27.96,79,0,44.0,,,27.96,15,4.9,1,308.0,308.0
2024-03-29 18:50:00-05:00,2024-03-29 18:50:00,41.5,5.6,7.8,26.8,10,0.0,0.0,0.0,0.0,0.0,0.23,27.97,79,0,37.9,,,27.97,6,4.9,1,308.0,308.0
2024-03-29 18:55:00-05:00,2024-03-29 18:55:00,41.2,7.6,7.6,26.8,51,0.0,0.0,0.0,0.0,0.0,0.23,27.97,79,0,26.9,,,27.97,0,4.5,1,308.0,308.0
2024-03-29 19:00:00-05:00,2024-03-29 19:00:00,41.0,6.5,9.8,26.8,41,0.0,0.0,0.0,0.0,0.0,0.23,27.97,79,0,25.6,,,27.97,0,4.9,1,308.0,308.0
2024-03-29 19:05:00-05:00,2024-03-29 19:05:00,40.6,6.0,9.8,26.8,60,0.0,0.0,0.0,0.0,0.0,0.23,27.97,80,0,24.5,,,27.97,6,5.4,1,308.0,308.0
2024-03-29 19:10:00-05:00,2024-03-29 19:10:00,40.5,4.7,9.6,26.8,359,0.0,0.0,0.0,0.0,0.0,0.23,27.98,80,0,20.8,,,27.98,5,4.7,1,308.0,308.0
2024-03-29 19:15:00-05:00,2024-03-29 19:15:00,40.3,3.8,7.6,26.8,2,0.0,0.0,0.0,0.0,0.0,0.23,27.98,81,0,17.1,,,27.98,351,4.7,1,308.0,308.0
2024-03-29 19:20:00-05:00,2024-03-29 19:20:00,40.3,6.7,8.7,26.8,353,0.0,0.0,0.0,0.0,0.0,0.23,27.99,81,0,12.2,,,27.99,359,4.5,1,308.0,308.0
2024-03-29 19:25:00-05:00,2024-03-29 19:25:00,39.9,6.9,10.1,26.8,76,0.0,0.0,0.0,0.0,0.0,0.23,27.98,81,0,8.5,,,27.98,359,3.8,1,308.0,308.0
2024-03-29 19:30:00-05:00,2024-03-29 19:30:00,39.6,3.1,6.5,26.8,5,0.0,0.0,0.0,0.0,0.0,0.23,27.98,81,0,6.1,,,27.98,348,4.7,1,308.0,308.0
2024-03-29 19:35:00-05:00,2024-03-29 19:35:00,39.4,6.0,8.1,26.8,359,0.0,0.0,0.0,0.0,0.0,0.23,27.98,82,0,2.5,,,27.98,356,4.3,1,308.0,308.0
2024-03-29 19:40:00-05:00,2024-03-29 19:40:00,39.4,6.5,6.5,26.8,8,0.0,0.0,0.0,0.0,0.0,0.23,27.98,82,0,1.2,,,27.98,359,4.0,1,308.0,308.0
2024-03-29 19:45:00-05:00,2024-03-29 19:45:00,39.2,4.9,7.6,26.8,45,0.0,0.0,0.0,0.0,0.0,0.23,27.98,82,0,0.0,,,27.98,32,3.8,1,308.0,308.0
2024-03-29 19:50:00-05:00,2024-03-29 19:50:00,39.0,5.4,7.6,26.8,348,0.0,0.0,0.0,0.0,0.0,0.23,27.99,82,0,0.0,,,27.99,353,4.3,1,308.0,308.0
2024-03-29 19:55:00-05:00,2024-03-29 19:55:00,39.0,2.7,6.0,26.8,355,0.0,0.0,0.0,0.0,0.0,0.23,27.99,82,0,0.0,,,27.99,353,3.6,1,308.0,308.0
2024-03-29 20:00:00-05:00,2024-03-29 20:00:00,38.7,4.0,8.5,26.8,334,0.0,0.0,0.0,0.0,0.0,0.23,27.99,82,0,0.0,,,27.99,1,3.6,1,308.0,308.0
2024-03-29 20:05:00-05:00,2024-03-29 20:05:00,38.7,3.1,11.4,26.8,347,0.0,0.0,0.0,0.0,0.0,0.23,27.99,82,0,0.0,,,27.99,353,4.3,1,308.0,308.0
2024-03-29 20:10:00-05:00,2024-03-29 20:10:00,38.7,4.5,9.8,26.8,339,0.0,0.0,0.0,0.0,0.0,0.23,28.0,82,0,0.0,,,28.0,350,5.4,1,308.0,308.0
2024-03-29 20:15:00-05:00,2024-03-29 20:15:00,38.7,6.3,10.3,26.8,328,0.0,0.0,0.0,0.0,0.0,0.23,28.0,82,0,0.0,,,28.0,347,4.9,1,308.0,308.0
2024-03-29 20:20:00-05:00,2024-03-29 20:20:00,38.5,3.6,8.5,26.8,299,0.0,0.0,0.0,0.0,0.0,0.23,28.0,82,0,0.0,,,28.0,351,4.7,1,308.0,308.0
2024-03-29 20:25:00-05:00,2024-03-29 20:25:00,38.3,4.9,11.4,26.8,359,0.0,0.0,0.0,0.0,0.0,0.23,28.01,82,0,0.0,,,28.01,355,4.3,1,308.0,308.0
2024-03-29 20:30:00-05:00,2024-03-29 20:30:00,38.1,3.8,5.6,26.8,4,0.0,0.0,0.0,0.0,0.0,0.23,28.0,82,0,0.0,,,28.0,0,4.3,1,308.0,308.0
2024-03-29 20:35:00-05:00,2024-03-29 20:35:00,38.3,6.5,10.7,26.8,1,0.0,0.0,0.0,0.0,0.0,0.23,28.01,82,0,0.0,,,28.01,353,4.3,1,308.0,308.0
2024-03-29 20:40:00-05:00,2024-03-29 20:40:00,38.1,5.6,6.7,26.8,1,0.0,0.0,0.0,0.0,0.0,0.23,28.01,82,0,0.0,,,28.01,356,4.5,1,308.0,308.0
2024-03-29 20:45:00-05:00,2024-03-29 20:45:00,38.1,2.9,5.8,26.8,300,0.0,0.0,0.0,0.0,0.0,0.23,28.01,82,0,0.0,,,28.01,355,3.8,1,308.0,308.0
2024-03-29 20:50:00-05:00,2024-03-29 20:50:00,37.9,3.6,9.4,26.8,32,0.0,0.0,0.0,0.0,0.0,0.23,28.02,82,0,0.0,,,28.02,355,3.4,1,308.0,308.0
2024-03-29 20:55:00-05:00,2024-03-29 20:55:00,37.9,2.2,8.9,26.8,0,0.0,0.0,0.0,0.0,0.0,0.23,28.02,82,0,0.0,,,28.02,343,3.4,1,308.0,308.0
2024-03-29 21:00:00-05:00,2024-03-29 21:00:00,37.9,5.1,12.3,26.8,6,0.0,0.0,0.0,0.0,0.0,0.23,28.02,80,0,0.0,,,28.02,9,3.6,1,308.0,308.0
2024-03-29 21:05:00-05:00,2024-03-29 21:05:00,37.9,5.4,9.4,26.8,317,0.0,0.0,0.0,0.0,0.0,0.23,28.02,79,0,0.0,,,28.02,0,4.0,1,308.0,308.0
2024-03-29 21:10:00-05:00,2024-03-29 21:10:00,37.8,5.8,6.9,26.8,1,0.0,0.0,0.0,0.0,0.0,0.23,28.03,79,0,0.0,,,28.03,353,4.7,1,308.0,308.0
2024-03-29 21:15:00-05:00,2024-03-29 21:15:00,37.6,2.0,5.4,26.8,322,0.0,0.0,0.0,0.0,0.0,0.23,28.03,79,0,0.0,,,28.03,6,4.9,1,308.0,308.0
2024-03-29 21:20:00-05:00,2024-03-29 21:20:00,37.4,0.0,6.5,26.8,30,0.0,0.0,0.0,0.0,0.0,0.23,28.03,79,0,0.0,,,28.03,0,4.9,1,308.0,308.0
2024-03-29 21:25:00-05:00,2024-03-29 21:25:00,37.4,2.2,6.5,26.8,36,0.0,0.0,0.0,0.0,0.0,0.23,28.03,80,0,0.0,,,28.03,0,4.7,1,308.0,308.0
2024-03-29 21:30:00-05:00,2024-03-29 21:30:00,37.4,4.7,7.2,26.8,354,0.0,0.0,0.0,0.0,0.0,0.23,28.04,79,0,0.0,,,28.04,358,3.8,1,308.0,308.0
2024-03-29 21:35:00-05:00,2024-03-29 21:35:00,37.4,4.5,6.0,26.8,9,0.0,0.0,0.0,0.0,0.0,0.23,28.04,79,0,0.0,,,28.04,345,4.0,1,308.0,308.0
2024-03-29 21:40:00-05:00,2024-03-29 21:40:00,37.0,5.1,9.8,26.8,330,0.0,0.0,0.0,0.0,0.0,0.23,28.04,80,0,0.0,,,28.04,345,4.3,1,308.0,308.0
2024-03-29 21:45:00-05:00,2024-03-29 21:45:00,36.9,4.3,6.9,26.8,353,0.0,0.0,0.0,0.0,0.0,0.23,28.04,80,0,0.0,,,28.04,352,4.3,1,308.0,308.0
2024-03-29 21:50:00-05:00,2024-03-29 21:50:00,36.9,6.9,12.8,26.8,342,0.0,0.0,0.0,0.0,0.0,0.23,28.04,80,0,0.0,,,28.04,352,4.3,1,308.0,308.0
2024-03-29 21:55:00-05:00,2024-03-29 21:55:00,36.7,5.4,9.8,26.8,315,0.0,0.0,0.0,0.0,0.0,0.23,28.05,80,0,0.0,,,28.05,14,5.4,1,308.0,308.0
2024-03-29 22:00:00-05:00,2024-03-29 22:00:00,36.5,4.0,8.5,26.8,27,0.0,0.0,0.0,0.0,0.0,0.23,28.05,80,0,0.0,,,28.05,353,5.4,1,308.0,308.0
2024-03-29 22:05:00-05:00,2024-03-29 22:05:00,36.3,4.9,10.3,26.8,0,0.0,0.0,0.0,0.0,0.0,0.23,28.05,80,0,0.0,,,28.05,352,4.9,1,308.0,308.0
2024-03-29 22:10:00-05:00,2024-03-29 22:10:00,36.0,4.9,11.2,26.8,11,0.0,0.0,0.0,0.0,0.0,0.23,28.05,81,0,0.0,,,28.05,349,4.7,1,308.0,308.0
2024-03-29 22:15:00-05:00,2024-03-29 22:15:00,36.0,2.9,6.5,26.8,352,0.0,0.0,0.0,0.0,0.0,0.23,28.05,81,0,0.0,,,28.05,357,4.0,1,308.0,308.0
2024-03-29 22:20:00-05:00,2024-03-29 22:20:00,35.8,4.9,8.5,26.8,1,0.0,0.0,0.0,0.0,0.0,0.23,28.05,81,0,0.0,,,28.05,357,4.3,1,308.0,308.0
2024-03-29 22:25:00-05:00,2024-03-29 22:25:00,35.6,2.5,8.9,26.8,357,0.0,0.0,0.0,0.0,0.0,0.23,28.05,82,0,0.0,,,28.05,322,4.7,1,308.0,308.0
2024-03-29 22:30:00-05:00,2024-03-29 22:30:00,35.2,4.0,8.9,26.8,317,0.0,0.0,0.0,0.0,0.0,0.23,28.06,82,0,0.0,,,28.06,343,4.5,1,308.0,308.0
2024-03-29 22:35:00-05:00,2024-03-29 22:35:00,35.2,3.4,8.3,26.8,346,0.0,0.0,0.0,0.0,0.0,0.23,28.05,82,0,0.0,,,28.05,342,4.5,1,308.0,308.0
2024-03-29 22:40:00-05:00,2024-03-29 22:40:00,35.2,4.0,8.9,26.8,344,0.0,0.0,0.0,0.0,0.0,0.23,28.06,82,0,0.0,,,28.06,331,4.5,1,308.0,308.0
2024-03-29 22:45:00-05:00,2024-03-29 22:45:00,35.1,4.7,8.5,26.8,350,0.0,0.0,0.0,0.0,0.0,0.23,28.06,82,0,0.0,,,28.06,315,4.5,1,308.0,308.0
2024-03-29 22:50:00-05:00,2024-03-29 22:50:00,34.9,2.5,8.1,26.8,10,0.0,0.0,0.0,0.0,0.0,0.23,28.06,82,0,0.0,,,28.06,351,4.3,1,308.0,308.0
2024-03-29 22:55:00-05:00,2024-03-29 22:55:00,34.7,1.6,6.7,26.8,334,0.0,0.0,0.0,0.0,0.0,0.23,28.07,83,0,0.0,,,28.07,2,3.6,1,308.0,308.0
2024-03-29 23:00:00-05:00,2024-03-29 23:00:00,34.9,3.1,4.0,26.8,313,0.0,0.0,0.0,0.0,0.0,0.23,28.06,82,0,0.0,,,28.06,353,3.6,1,308.0,308.0
2024-03-29 23:05:00-05:00,2024-03-29 23:05:00,34.7,3.8,6.3,26.8,304,0.0,0.0,0.0,0.0,0.0,0.23,28.06,82,0,0.0,,,28.06,358,3.1,1,308.0,308.0
2024-03-29 23:10:00-05:00,2024-03-29 23:10:00,34.5,4.0,6.3,26.8,341,0.0,0.0,0.0,0.0,0.0,0.23,28.07,83,0,0.0,,,28.07,350,3.1,1,308.0,308.0
2024-03-29 23:15:00-05:00,2024-03-29 23:15:00,34.2,2.7,9.8,26.8,358,0.0,0.0,0.0,0.0,0.0,0.23,28.07,83,0,0.0,,,28.07,322,3.4,1,308.0,308.0
2024-03-29 23:20:00-05:00,2024-03-29 23:20:00,34.2,5.4,5.8,26.8,4,0.0,0.0,0.0,0.0,0.0,0.23,28.07,83,0,0.0,,,28.07,335,4.0,1,308.0,308.0
2024-03-29 23:25:00-05:00,2024-03-29 23:25:00,34.0,4.5,9.2,26.8,303,0.0,0.0,0.0,0.0,0.0,0.23,28.07,84,0,0.0,,,28.07,349,3.8,1,308.0,308.0
2024-03-29 23:30:00-05:00,2024-03-29 23:30:00,33.6,3.1,8.1,26.8,345,0.0,0.0,0.0,0.0,0.0,0.23,28.08,84,0,0.0,,,28.08,343,3.1,1,308.0,308.0
2024-03-29 23:35:00-05:00,2024-03-29 23:35:00,33.4,4.0,5.4,26.8,337,0.0,0.0,0.0,0.0,0.0,0.23,28.07,85,0,0.0,,,28.07,335,3.6,1,308.0,308.0
2024-03-29 23:40:00-05:00,2024-03-29 23:40:00,33.4,2.9,6.3,26.8,294,0.0,0.0,0.0,0.0,0.0,0.23,28.07,85,0,0.0,,,28.07,338,3.6,1,308.0,308.0
2024-03-29 23:45:00-05:00,2024-03-29 23:45:00,33.4,2.2,4.0,26.8,0,0.0,0.0,0.0,0.0,0.0,0.23,28.07,85,0,0.0,,,28.07,338,3.1,1,308.0,308.0
